t,count,max,mean,min,stddev,p50,p75,p95,p98,p99,p999
1740832245,0,0,0.000000,0,0.000000,0.000000,0.000000,0.000000,0.000000,0.000000,0.000000
1740832255,0,0,0.000000,0,0.000000,0.000000,0.000000,0.000000,0.000000,0.000000,0.000000
1740832265,7,23902,6620.741966,1214,7545.978485,3823.000000,4379.000000,23902.000000,23902.000000,23902.000000,23902.000000
1740832267,7,23902,6620.741966,1214,7545.978485,3823.000000,4379.000000,23902.000000,23902.000000,23902.000000,23902.000000
1740832268,7,23902,6620.741966,1214,7545.978485,3823.000000,4379.000000,23902.000000,23902.000000,23902.000000,23902.000000
