t,count,max,mean,min,stddev,p50,p75,p95,p98,p99,p999
1740831829,0,0,0.000000,0,0.000000,0.000000,0.000000,0.000000,0.000000,0.000000,0.000000
1740831839,4,984,343.867417,125,366.926161,128.000000,148.000000,984.000000,984.000000,984.000000,984.000000
1740831849,10,984,164.176044,22,266.728995,69.000000,148.000000,984.000000,984.000000,984.000000,984.000000
1740831849,10,984,164.176044,22,266.728995,69.000000,148.000000,984.000000,984.000000,984.000000,984.000000
