t,count,max,mean,min,stddev,p50,p75,p95,p98,p99,p999
1740834632,0,0,0.000000,0,0.000000,0.000000,0.000000,0.000000,0.000000,0.000000,0.000000
1740834642,18,6445,1981.426827,580,1609.294929,687.000000,3121.000000,6445.000000,6445.000000,6445.000000,6445.000000
1740834652,35,14511,2049.939698,562,2591.821566,1518.000000,2769.000000,6445.000000,14511.000000,14511.000000,14511.000000
1740834653,37,14511,2000.552459,562,2524.971424,1518.000000,2769.000000,6445.000000,14511.000000,14511.000000,14511.000000
1740834653,37,14511,2000.552459,562,2524.971424,1518.000000,2769.000000,6445.000000,14511.000000,14511.000000,14511.000000
