t,count,max,mean,min,stddev,p50,p75,p95,p98,p99,p999,mean_rate,m1_rate,m5_rate,m15_rate,rate_unit,duration_unit
1740833598,0,0.000000,0.000000,0.000000,0.000000,0.000000,0.000000,0.000000,0.000000,0.000000,0.000000,0.000000,0.000000,0.000000,0.000000,calls/second,milliseconds
1740833608,17,442.447348,39.493474,0.009828,104.613243,0.112454,24.209925,442.447348,442.447348,442.447348,442.447348,0.807804,0.000000,0.000000,0.000000,calls/second,milliseconds
1740833616,469,442.447348,2.429157,0.009828,21.546258,0.374811,0.651546,2.570524,15.886891,27.572948,442.447348,16.223444,0.719600,0.148757,0.049861,calls/second,milliseconds
1740833616,469,442.447348,2.429157,0.009828,21.546258,0.374811,0.651546,2.570524,15.886891,27.572948,442.447348,16.204465,0.719600,0.148757,0.049861,calls/second,milliseconds
