t,count,max,mean,min,stddev,p50,p75,p95,p98,p99,p999,mean_rate,m1_rate,m5_rate,m15_rate,rate_unit,duration_unit
1740832816,4,42.759745,10.705209,0.011553,18.506698,0.037966,42.759745,42.759745,42.759745,42.759745,42.759745,0.347961,0.736036,0.786777,0.795568,calls/second,milliseconds
1740832826,6,42.759745,13.287718,0.011553,17.933407,0.077052,32.482763,42.759745,42.759745,42.759745,42.759745,0.280691,0.637753,0.764235,0.787879,calls/second,milliseconds
1740832836,94,42.759745,0.690691,0.003561,4.783610,0.031562,0.070771,0.503288,1.029098,32.482763,42.759745,2.994441,1.505076,0.940391,0.846714,calls/second,milliseconds
1740832845,1797,0.970752,0.028535,0.002501,0.041032,0.022844,0.032187,0.052168,0.083165,0.116481,0.666858,44.511115,27.895518,6.450122,2.696649,calls/second,milliseconds
1740832845,1797,0.970752,0.028535,0.002501,0.041032,0.022844,0.032187,0.052168,0.083165,0.116481,0.666858,44.464383,27.895518,6.450122,2.696649,calls/second,milliseconds
