t,count,max,mean,min,stddev,p50,p75,p95,p98,p99,p999
1740834336,0,0,0.000000,0,0.000000,0.000000,0.000000,0.000000,0.000000,0.000000,0.000000
1740834346,1,1586,1586.000000,1586,0.000000,1586.000000,1586.000000,1586.000000,1586.000000,1586.000000,1586.000000
1740834356,24,29433,8633.600791,1137,9430.590421,3885.000000,11204.000000,29433.000000,29433.000000,29433.000000,29433.000000
1740834363,26,29433,8048.571563,1137,9219.629163,3884.000000,11204.000000,29433.000000,29433.000000,29433.000000,29433.000000
1740834363,26,29433,8048.571563,1137,9219.629163,3884.000000,11204.000000,29433.000000,29433.000000,29433.000000,29433.000000
