t,count,max,mean,min,stddev,p50,p75,p95,p98,p99,p999
1740834632,0,0,0.000000,0,0.000000,0.000000,0.000000,0.000000,0.000000,0.000000,0.000000
1740834642,9,842,217.713641,116,220.080229,137.000000,149.000000,842.000000,842.000000,842.000000,842.000000
1740834652,17,842,141.690618,15,179.457156,121.000000,145.000000,842.000000,842.000000,842.000000,842.000000
1740834653,18,842,133.778831,15,176.446706,116.000000,145.000000,842.000000,842.000000,842.000000,842.000000
1740834653,18,842,133.778831,15,176.446706,116.000000,145.000000,842.000000,842.000000,842.000000,842.000000
