t,count,max,mean,min,stddev,p50,p75,p95,p98,p99,p999
1740834336,0,0,0.000000,0,0.000000,0.000000,0.000000,0.000000,0.000000,0.000000,0.000000
1740834346,7,236,40.571429,5,79.851393,7.000000,15.000000,236.000000,236.000000,236.000000,236.000000
1740834356,199,1541,147.835856,1,266.600440,49.000000,174.000000,796.000000,1486.000000,1486.000000,1541.000000
1740834363,212,1541,140.725026,1,259.266418,47.000000,170.000000,796.000000,997.000000,1486.000000,1541.000000
1740834363,212,1541,140.725026,1,259.266418,47.000000,170.000000,796.000000,997.000000,1486.000000,1541.000000
