t,count,max,mean,min,stddev,p50,p75,p95,p98,p99,p999
1740832543,0,0,0.000000,0,0.000000,0.000000,0.000000,0.000000,0.000000,0.000000,0.000000
1740832553,4,1010,349.624738,112,378.247433,173.000000,173.000000,1010.000000,1010.000000,1010.000000,1010.000000
1740832563,10,1010,163.892314,22,275.300876,67.000000,142.000000,1010.000000,1010.000000,1010.000000,1010.000000
1740832563,10,1010,163.892314,22,275.300876,67.000000,142.000000,1010.000000,1010.000000,1010.000000,1010.000000
1740832563,10,1010,163.892314,22,275.300876,67.000000,142.000000,1010.000000,1010.000000,1010.000000,1010.000000
