t,count,max,mean,min,stddev,p50,p75,p95,p98,p99,p999,mean_rate,m1_rate,m5_rate,m15_rate,rate_unit,duration_unit
1740832386,4,88.909620,44.678804,6.898518,32.951980,63.119320,88.909620,88.909620,88.909620,88.909620,88.909620,0.267665,0.736036,0.786777,0.795568,calls/second,milliseconds
1740832396,6,88.909620,34.681942,6.898518,29.591725,28.578831,63.119320,88.909620,88.909620,88.909620,88.909620,0.242200,0.639032,0.764289,0.787885,calls/second,milliseconds
1740832406,98,360.180089,7.410780,0.001751,37.310640,0.232065,0.717353,40.050590,63.119320,88.909620,360.180089,2.816633,1.131321,0.861489,0.820170,calls/second,milliseconds
1740832408,532,360.180089,1.660262,0.001751,15.632744,0.285215,0.390764,1.669226,8.858373,31.553544,360.180089,14.257516,2.256191,1.098484,0.899837,calls/second,milliseconds
1740832408,532,360.180089,1.660262,0.001751,15.632744,0.285215,0.390764,1.669226,8.858373,31.553544,360.180089,14.243134,2.256191,1.098484,0.899837,calls/second,milliseconds
