t,count,max,mean,min,stddev,p50,p75,p95,p98,p99,p999
1740831079,0,0,0.000000,0,0.000000,0.000000,0.000000,0.000000,0.000000,0.000000,0.000000
1740831089,38,1093,130.648063,5,191.432721,65.000000,236.000000,362.000000,1093.000000,1093.000000,1093.000000
1740831099,185,1132,101.977869,1,165.166169,38.000000,148.000000,362.000000,677.000000,1093.000000,1132.000000
1740831101,198,1132,96.404506,1,160.600545,38.000000,137.000000,339.000000,677.000000,722.000000,1132.000000
1740831101,198,1132,96.404506,1,160.600545,38.000000,137.000000,339.000000,677.000000,722.000000,1132.000000
