t,count,max,mean,min,stddev,p50,p75,p95,p98,p99,p999,mean_rate,m1_rate,m5_rate,m15_rate,rate_unit,duration_unit
1740830978,4,22.715447,5.682635,0.002258,9.833899,0.010506,22.715447,22.715447,22.715447,22.715447,22.715447,0.357942,0.736036,0.786777,0.795568,calls/second,milliseconds
1740830982,5,22.715447,4.350298,0.002258,8.925568,0.010506,0.030415,22.715447,22.715447,22.715447,22.715447,0.352809,0.736036,0.786777,0.795568,calls/second,milliseconds
1740830982,5,22.715447,4.350298,0.002258,8.925568,0.010506,0.030415,22.715447,22.715447,22.715447,22.715447,0.351934,0.736036,0.786777,0.795568,calls/second,milliseconds
