t,count,max,mean,min,stddev,p50,p75,p95,p98,p99,p999,mean_rate,m1_rate,m5_rate,m15_rate,rate_unit,duration_unit
1740835364,0,0.000000,0.000000,0.000000,0.000000,0.000000,0.000000,0.000000,0.000000,0.000000,0.000000,0.000000,0.000000,0.000000,0.000000,calls/second,milliseconds
1740835374,8,462.166181,74.961255,0.037324,150.600944,12.409956,111.680284,462.166181,462.166181,462.166181,462.166181,0.381079,0.127929,0.026446,0.008864,calls/second,milliseconds
1740835384,1410,462.166181,1.048757,0.038329,14.224664,0.293969,0.470039,0.886583,2.194822,3.671539,129.458370,45.492048,16.487047,3.416034,1.145470,calls/second,milliseconds
1740835386,1655,462.166181,0.991675,0.038329,14.159398,0.271105,0.444966,0.763218,1.705669,2.344702,129.458370,50.950824,16.487047,3.416034,1.145470,calls/second,milliseconds
1740835386,1655,462.166181,0.991675,0.038329,14.159398,0.271105,0.444966,0.763218,1.705669,2.344702,129.458370,50.881537,16.487047,3.416034,1.145470,calls/second,milliseconds
