t,count,max,mean,min,stddev,p50,p75,p95,p98,p99,p999
1740831625,0,0,0.000000,0,0.000000,0.000000,0.000000,0.000000,0.000000,0.000000,0.000000
1740831635,8,882,591.146577,34,348.634604,851.000000,851.000000,882.000000,882.000000,882.000000,882.000000
1740831645,21,882,240.507855,9,335.488785,54.000000,325.000000,851.000000,882.000000,882.000000,882.000000
1740831654,23,882,222.138333,9,323.152748,54.000000,123.000000,851.000000,882.000000,882.000000,882.000000
1740831654,23,882,222.138333,9,323.152748,54.000000,123.000000,851.000000,882.000000,882.000000,882.000000
