t,count,max,mean,min,stddev,p50,p75,p95,p98,p99,p999,mean_rate,m1_rate,m5_rate,m15_rate,rate_unit,duration_unit
1740829616,4,45.565305,11.412772,0.012172,19.717984,0.061431,45.565305,45.565305,45.565305,45.565305,45.565305,0.355100,0.736036,0.786777,0.795568,calls/second,milliseconds
1740829626,42,45.565305,1.413561,0.004722,6.932254,0.047361,0.089293,0.342058,22.382055,45.565305,45.565305,1.986756,0.877620,0.813820,0.804500,calls/second,milliseconds
1740829635,539,45.565305,0.134270,0.003436,1.849642,0.030995,0.039443,0.071816,0.155809,0.342058,45.565305,18.471586,2.166694,1.081354,0.894225,calls/second,milliseconds
1740829635,539,45.565305,0.134270,0.003436,1.849642,0.030995,0.039443,0.071816,0.155809,0.342058,45.565305,18.451470,2.166694,1.081354,0.894225,calls/second,milliseconds
