t,count,max,mean,min,stddev,p50,p75,p95,p98,p99,p999,mean_rate,m1_rate,m5_rate,m15_rate,rate_unit,duration_unit
1740829226,0,0.000000,0.000000,0.000000,0.000000,0.000000,0.000000,0.000000,0.000000,0.000000,0.000000,0.000000,0.000000,0.000000,0.000000,calls/second,milliseconds
1740829236,12,292.135053,50.492762,0.055763,101.577416,0.107560,15.772831,292.135053,292.135053,292.135053,292.135053,0.570621,0.191893,0.039669,0.013296,calls/second,milliseconds
1740829247,1348,292.135053,1.349279,0.003784,12.666816,0.333181,0.535899,1.119563,2.775170,14.206522,262.542436,43.446493,16.857178,3.494774,1.171996,calls/second,milliseconds
1740829248,1653,292.135053,1.256757,0.003784,12.466553,0.342442,0.519817,0.995373,2.337530,8.176669,262.542436,51.610359,16.857178,3.494774,1.171996,calls/second,milliseconds
1740829248,1653,292.135053,1.256757,0.003784,12.466553,0.342442,0.519817,0.995373,2.337530,8.176669,262.542436,51.562142,16.857178,3.494774,1.171996,calls/second,milliseconds
