t,count,max,mean,min,stddev,p50,p75,p95,p98,p99,p999,mean_rate,m1_rate,m5_rate,m15_rate,rate_unit,duration_unit
1740834919,4,100.463605,39.114629,7.882258,36.177636,28.672737,100.463605,100.463605,100.463605,100.463605,100.463605,0.278884,0.736036,0.786777,0.795568,calls/second,milliseconds
1740834923,5,100.463605,29.942680,0.204131,35.680072,19.439916,28.672737,100.463605,100.463605,100.463605,100.463605,0.271739,0.677185,0.773773,0.791160,calls/second,milliseconds
1740834923,5,100.463605,29.942680,0.204131,35.680072,19.439916,28.672737,100.463605,100.463605,100.463605,100.463605,0.271119,0.677185,0.773773,0.791160,calls/second,milliseconds
