t,count,max,mean,min,stddev,p50,p75,p95,p98,p99,p999,mean_rate,m1_rate,m5_rate,m15_rate,rate_unit,duration_unit
1740834034,4,63.333715,29.682488,8.446308,20.618884,27.953050,63.333715,63.333715,63.333715,63.333715,63.333715,0.283387,0.736036,0.786777,0.795568,calls/second,milliseconds
1740834044,6,167.038863,52.381237,7.709771,59.664388,18.996881,63.333715,167.038863,167.038863,167.038863,167.038863,0.250286,0.623041,0.760984,0.786777,calls/second,milliseconds
1740834054,187,199.102026,4.995821,0.033843,21.989123,0.304761,1.412558,14.993480,94.764439,120.334362,199.102026,5.443648,1.588569,0.957081,0.852273,calls/second,milliseconds
1740834064,1285,199.102026,1.378277,0.034691,8.445812,0.502411,0.856742,2.476566,5.580303,18.996881,167.038863,29.211754,9.452297,2.633171,1.417002,calls/second,milliseconds
1740834069,2363,94.764439,0.736704,0.033268,3.639024,0.421929,0.673472,1.461965,3.193514,4.674841,63.792473,48.699744,22.464885,5.435865,2.363166,calls/second,milliseconds
1740834069,2363,94.764439,0.736704,0.033268,3.639024,0.421929,0.673472,1.461965,3.193514,4.674841,63.792473,48.647639,22.464885,5.435865,2.363166,calls/second,milliseconds
