t,count,max,mean,min,stddev,p50,p75,p95,p98,p99,p999,mean_rate,m1_rate,m5_rate,m15_rate,rate_unit,duration_unit
1740829929,4,58.081589,33.201759,8.559875,20.544434,48.282100,58.081589,58.081589,58.081589,58.081589,58.081589,0.286100,0.736036,0.786777,0.795568,calls/second,milliseconds
1740829939,21,193.730933,25.402450,0.005659,50.623326,0.854741,24.643882,193.730933,193.730933,193.730933,193.730933,0.878845,0.639032,0.764289,0.787885,calls/second,milliseconds
1740829947,883,193.730933,0.992986,0.005659,8.211042,0.279370,0.387809,1.167637,2.585390,11.900165,193.730933,28.292316,8.849286,2.460524,1.356353,calls/second,milliseconds
1740829947,883,193.730933,0.992986,0.005659,8.211042,0.279370,0.387809,1.167637,2.585390,11.900165,193.730933,28.255253,8.849286,2.460524,1.356353,calls/second,milliseconds
