t,count,max,mean,min,stddev,p50,p75,p95,p98,p99,p999
1740830585,0,0,0.000000,0,0.000000,0.000000,0.000000,0.000000,0.000000,0.000000,0.000000
1740830595,4,850,291.170026,93,320.556741,99.000000,131.000000,850.000000,850.000000,850.000000,850.000000
1740830602,10,850,138.093940,17,232.608184,62.000000,122.000000,850.000000,850.000000,850.000000,850.000000
1740830602,10,850,138.093940,17,232.608184,62.000000,122.000000,850.000000,850.000000,850.000000,850.000000
