t,count,max,mean,min,stddev,p50,p75,p95,p98,p99,p999
1740834034,0,0,0.000000,0,0.000000,0.000000,0.000000,0.000000,0.000000,0.000000,0.000000
1740834044,1,760,760.000000,760,0.000000,760.000000,760.000000,760.000000,760.000000,760.000000,760.000000
1740834054,27,760,97.222649,10,136.237554,43.000000,132.000000,203.000000,760.000000,760.000000,760.000000
1740834064,32,760,85.624008,10,126.442026,43.000000,127.000000,203.000000,760.000000,760.000000,760.000000
1740834069,34,760,80.045834,10,123.197938,42.000000,127.000000,203.000000,760.000000,760.000000,760.000000
1740834069,34,760,80.045834,10,123.197938,42.000000,127.000000,203.000000,760.000000,760.000000,760.000000
