t,count,max,mean,min,stddev,p50,p75,p95,p98,p99,p999,mean_rate,m1_rate,m5_rate,m15_rate,rate_unit,duration_unit
1740832451,4,85.080568,38.758717,5.894794,29.210705,38.985033,85.080568,85.080568,85.080568,85.080568,85.080568,0.269793,0.736036,0.786777,0.795568,calls/second,milliseconds
1740832461,6,85.080568,30.872801,5.894794,25.785205,27.769138,38.985033,85.080568,85.080568,85.080568,85.080568,0.242877,0.639032,0.764289,0.787885,calls/second,milliseconds
1740832471,47,369.145931,13.444166,0.005204,53.475089,0.207130,3.782073,38.985033,369.145931,369.145931,369.145931,1.349109,0.699561,0.772235,0.790254,calls/second,milliseconds
1740832481,736,369.145931,1.481192,0.005204,13.541993,0.320757,0.443149,2.089474,7.574397,25.074473,369.145931,16.457264,4.261190,1.512095,1.038388,calls/second,milliseconds
1740832491,1713,96.270589,0.539508,0.005204,3.186054,0.237939,0.348335,0.920654,2.042355,8.626371,27.769138,31.310407,18.116450,4.571174,2.075237,calls/second,milliseconds
1740832499,2528,96.270589,0.436132,0.005690,2.922377,0.182066,0.301821,0.656290,1.602690,4.281094,27.407672,40.692546,29.740426,7.512397,3.094972,calls/second,milliseconds
1740832499,2528,96.270589,0.436132,0.005690,2.922377,0.182066,0.301821,0.656290,1.602690,4.281094,27.407672,40.670909,29.740426,7.512397,3.094972,calls/second,milliseconds
