t,count,max,mean,min,stddev,p50,p75,p95,p98,p99,p999
1740830330,0,0,0.000000,0,0.000000,0.000000,0.000000,0.000000,0.000000,0.000000,0.000000
1740830340,8,30035,7789.458821,3177,8507.460488,4860.000000,6556.000000,30035.000000,30035.000000,30035.000000,30035.000000
1740830350,14,43868,8530.343300,1214,12158.010235,3823.000000,6533.000000,43868.000000,43868.000000,43868.000000,43868.000000
1740830350,14,43868,8530.343300,1214,12158.010235,3823.000000,6533.000000,43868.000000,43868.000000,43868.000000,43868.000000
1740830350,14,43868,8530.343300,1214,12158.010235,3823.000000,6533.000000,43868.000000,43868.000000,43868.000000,43868.000000
