t,count,max,mean,min,stddev,p50,p75,p95,p98,p99,p999
1740833050,0,0,0.000000,0,0.000000,0.000000,0.000000,0.000000,0.000000,0.000000,0.000000
1740833060,1,2576,2576.000000,2576,0.000000,2576.000000,2576.000000,2576.000000,2576.000000,2576.000000,2576.000000
1740833070,17,45086,7955.016411,1214,11316.025695,3858.000000,4352.000000,45086.000000,45086.000000,45086.000000,45086.000000
1740833077,23,45086,6146.399332,1214,9979.812661,2218.000000,4336.000000,21114.000000,45086.000000,45086.000000,45086.000000
1740833077,23,45086,6146.399332,1214,9979.812661,2218.000000,4336.000000,21114.000000,45086.000000,45086.000000,45086.000000
