t,count,max,mean,min,stddev,p50,p75,p95,p98,p99,p999,mean_rate,m1_rate,m5_rate,m15_rate,rate_unit,duration_unit
1740829616,4,34.967196,8.746200,0.002293,15.138700,0.012782,34.967196,34.967196,34.967196,34.967196,34.967196,0.355153,0.736036,0.786777,0.795568,calls/second,milliseconds
1740829626,42,34.967196,1.166282,0.000630,5.725344,0.003502,0.008235,0.025944,22.330318,34.967196,34.967196,1.986857,0.877620,0.813820,0.804500,calls/second,milliseconds
1740829635,539,34.967196,0.091258,0.000630,1.529795,0.005008,0.006665,0.010271,0.032526,0.078371,34.967196,18.473682,2.166694,1.081354,0.894225,calls/second,milliseconds
1740829635,539,34.967196,0.091258,0.000630,1.529795,0.005008,0.006665,0.010271,0.032526,0.078371,34.967196,18.453044,2.166694,1.081354,0.894225,calls/second,milliseconds
