t,count,max,mean,min,stddev,p50,p75,p95,p98,p99,p999
1740831020,0,0,0.000000,0,0.000000,0.000000,0.000000,0.000000,0.000000,0.000000,0.000000
1740831030,53,967,120.071342,5,174.242043,47.000000,137.000000,422.000000,456.000000,967.000000,967.000000
1740831040,170,1768,98.110233,1,200.173812,15.000000,118.000000,401.000000,815.000000,967.000000,1768.000000
1740831041,170,1768,98.110233,1,200.173812,15.000000,118.000000,401.000000,815.000000,967.000000,1768.000000
1740831041,170,1768,98.110233,1,200.173812,15.000000,118.000000,401.000000,815.000000,967.000000,1768.000000
