t,count,max,mean,min,stddev,p50,p75,p95,p98,p99,p999
1740829929,0,0,0.000000,0,0.000000,0.000000,0.000000,0.000000,0.000000,0.000000,0.000000
1740829939,6,10678,5305.182282,2218,2751.613525,4116.000000,6698.000000,10678.000000,10678.000000,10678.000000,10678.000000
1740829947,20,22730,3662.622933,993,4913.045914,1938.000000,3992.000000,10678.000000,22730.000000,22730.000000,22730.000000
1740829947,20,22730,3662.622933,993,4913.045914,1938.000000,3992.000000,10678.000000,22730.000000,22730.000000,22730.000000
