t,count,max,mean,min,stddev,p50,p75,p95,p98,p99,p999,mean_rate,m1_rate,m5_rate,m15_rate,rate_unit,duration_unit
1740830922,0,0.000000,0.000000,0.000000,0.000000,0.000000,0.000000,0.000000,0.000000,0.000000,0.000000,0.000000,0.000000,0.000000,0.000000,calls/second,milliseconds
1740830932,21,488.528079,32.863523,0.006419,104.605631,0.117639,12.212437,106.973388,488.528079,488.528079,488.528079,1.000655,0.000000,0.000000,0.000000,calls/second,milliseconds
1740830940,486,488.528079,2.392562,0.006419,22.424653,0.466827,0.705725,2.229944,12.212437,32.849398,488.528079,16.415880,0.991449,0.204954,0.068698,calls/second,milliseconds
1740830940,486,488.528079,2.392562,0.006419,22.424653,0.466827,0.705725,2.229944,12.212437,32.849398,488.528079,16.396451,0.991449,0.204954,0.068698,calls/second,milliseconds
