t,count,max,mean,min,stddev,p50,p75,p95,p98,p99,p999,mean_rate,m1_rate,m5_rate,m15_rate,rate_unit,duration_unit
1740829792,4,66.167094,29.039558,6.837549,22.407697,25.158052,66.167094,66.167094,66.167094,66.167094,66.167094,0.282940,0.736036,0.786777,0.795568,calls/second,milliseconds
1740829803,12,171.404331,25.770129,0.027597,48.094825,9.361470,17.995537,171.404331,171.404331,171.404331,171.404331,0.499560,0.623041,0.760984,0.786777,calls/second,milliseconds
1740829813,159,277.542655,4.975064,0.011898,26.156881,0.143203,0.646906,11.537970,66.167094,171.404331,277.542655,4.675172,2.216706,1.088818,0.896538,calls/second,milliseconds
1740829820,1071,277.542655,1.241769,0.011898,9.882873,0.420205,0.769284,1.722149,3.974987,9.361470,171.404331,25.663848,9.202926,2.577737,1.398247,calls/second,milliseconds
1740829820,1071,277.542655,1.241769,0.011898,9.882873,0.420205,0.769284,1.722149,3.974987,9.361470,171.404331,25.641531,9.202926,2.577737,1.398247,calls/second,milliseconds
