t,count,max,mean,min,stddev,p50,p75,p95,p98,p99,p999,mean_rate,m1_rate,m5_rate,m15_rate,rate_unit,duration_unit
1740833279,5,40.754456,7.931651,0.011874,16.089205,0.029453,0.114195,40.754456,40.754456,40.754456,40.754456,0.446297,0.736036,0.786777,0.795568,calls/second,milliseconds
1740833289,28,40.754456,1.916451,0.011874,7.568972,0.068967,0.085782,20.427541,40.754456,40.754456,40.754456,1.326429,0.749691,0.787375,0.795635,calls/second,milliseconds
1740833299,904,40.754456,0.075848,0.004362,1.265693,0.021533,0.029033,0.061639,0.092194,0.129377,20.427541,29.766682,13.689149,3.472380,1.696181,calls/second,milliseconds
1740833299,904,40.754456,0.075848,0.004362,1.265693,0.021533,0.029033,0.061639,0.092194,0.129377,20.427541,29.726205,13.689149,3.472380,1.696181,calls/second,milliseconds
