t,count,max,mean,min,stddev,p50,p75,p95,p98,p99,p999,mean_rate,m1_rate,m5_rate,m15_rate,rate_unit,duration_unit
1740829286,4,40.570284,10.157993,0.012734,17.558547,0.036201,40.570284,40.570284,40.570284,40.570284,40.570284,0.357637,0.736036,0.786777,0.795568,calls/second,milliseconds
1740829296,30,40.570284,1.776686,0.007479,7.232841,0.064738,0.095636,18.970582,40.570284,40.570284,40.570284,1.422735,0.845638,0.807209,0.802283,calls/second,milliseconds
1740829306,1203,40.570284,0.079695,0.001319,1.165038,0.027480,0.037983,0.074027,0.136964,0.211450,18.970582,38.704056,14.119614,3.564180,1.727120,calls/second,milliseconds
1740829310,1854,40.570284,0.074197,0.002442,1.152442,0.024753,0.033508,0.061967,0.119227,0.199535,18.970582,54.523830,14.119614,3.564180,1.727120,calls/second,milliseconds
1740829310,1854,40.570284,0.074197,0.002442,1.152442,0.024753,0.033508,0.061967,0.119227,0.199535,18.970582,54.443552,14.119614,3.564180,1.727120,calls/second,milliseconds
