t,count,max,mean,min,stddev,p50,p75,p95,p98,p99,p999,mean_rate,m1_rate,m5_rate,m15_rate,rate_unit,duration_unit
1740831263,5,31.468227,6.146418,0.020509,12.438192,0.028249,0.071586,31.468227,31.468227,31.468227,31.468227,0.445273,0.736036,0.786777,0.795568,calls/second,milliseconds
1740831273,13,31.468227,4.469038,0.020509,9.983620,0.073890,1.309443,31.468227,31.468227,31.468227,31.468227,0.614455,0.653744,0.767540,0.788987,calls/second,milliseconds
1740831283,406,31.468227,0.151814,0.001007,1.753330,0.027623,0.036090,0.080915,0.126287,1.309443,31.468227,13.035600,3.319864,1.319511,0.974021,calls/second,milliseconds
1740831286,1793,2.174723,0.031052,0.001299,0.096307,0.022504,0.030844,0.057521,0.080915,0.110087,2.148356,51.621702,3.319864,1.319511,0.974021,calls/second,milliseconds
1740831287,1793,2.174723,0.031052,0.001299,0.096307,0.022504,0.030844,0.057521,0.080915,0.110087,2.148356,51.557465,3.319864,1.319511,0.974021,calls/second,milliseconds
