t,count,max,mean,min,stddev,p50,p75,p95,p98,p99,p999
1740832089,0,0,0.000000,0,0.000000,0.000000,0.000000,0.000000,0.000000,0.000000,0.000000
1740832099,1,861,861.000000,861,0.000000,861.000000,861.000000,861.000000,861.000000,861.000000,861.000000
1740832109,13,861,154.629487,23,203.502100,140.000000,151.000000,861.000000,861.000000,861.000000,861.000000
1740832112,13,861,154.629487,23,203.502100,140.000000,151.000000,861.000000,861.000000,861.000000,861.000000
1740832112,13,861,154.629487,23,203.502100,140.000000,151.000000,861.000000,861.000000,861.000000,861.000000
