t,count,max,mean,min,stddev,p50,p75,p95,p98,p99,p999,mean_rate,m1_rate,m5_rate,m15_rate,rate_unit,duration_unit
1740829406,4,64.988942,28.926597,8.951888,21.549139,24.662583,64.988942,64.988942,64.988942,64.988942,64.988942,0.278489,0.736036,0.786777,0.795568,calls/second,milliseconds
1740829416,9,64.988942,14.469182,0.001870,18.628143,6.986503,22.409493,64.988942,64.988942,64.988942,64.988942,0.370934,0.623041,0.760984,0.786777,calls/second,milliseconds
1740829427,108,127.678208,3.934842,0.001870,14.540294,0.172332,0.577345,22.938566,37.839410,64.988942,127.678208,3.131685,1.492622,0.937247,0.845624,calls/second,milliseconds
1740829436,1056,127.678208,0.899774,0.003955,4.803869,0.328303,0.456924,1.721722,6.345945,10.690624,59.116415,23.852380,6.604564,2.026363,1.212550,calls/second,milliseconds
1740829447,2776,59.116415,0.381027,0.003955,2.087528,0.183515,0.310614,0.639051,1.125738,2.683085,30.667822,51.058153,34.004815,7.986185,3.227925,calls/second,milliseconds
1740829450,3163,59.116415,0.370235,0.003955,2.060411,0.179070,0.300845,0.601070,0.997983,2.683085,30.667822,54.762646,41.152460,9.893808,3.893697,calls/second,milliseconds
1740829451,3164,59.116415,0.370235,0.003955,2.060411,0.179070,0.300845,0.601070,0.997983,2.683085,30.667822,54.740648,41.152460,9.893808,3.893697,calls/second,milliseconds
