t,count,max,mean,min,stddev,p50,p75,p95,p98,p99,p999
1740834108,0,0,0.000000,0,0.000000,0.000000,0.000000,0.000000,0.000000,0.000000,0.000000
1740834118,11,7748,2729.594809,580,2420.578820,2219.000000,4658.000000,7748.000000,7748.000000,7748.000000,7748.000000
1740834127,27,7748,2087.837370,562,1950.345544,1462.000000,3095.000000,6209.000000,7748.000000,7748.000000,7748.000000
1740834127,27,7748,2087.837370,562,1950.345544,1462.000000,3095.000000,6209.000000,7748.000000,7748.000000,7748.000000
