t,count,max,mean,min,stddev,p50,p75,p95,p98,p99,p999
1740833224,0,0,0.000000,0,0.000000,0.000000,0.000000,0.000000,0.000000,0.000000,0.000000
1740833234,12,7405,2093.694615,580,1945.020759,1933.000000,3095.000000,7405.000000,7405.000000,7405.000000,7405.000000
1740833241,25,12896,2195.836409,562,2720.314650,1473.000000,2891.000000,7405.000000,12896.000000,12896.000000,12896.000000
1740833241,25,12896,2195.836409,562,2720.314650,1473.000000,2891.000000,7405.000000,12896.000000,12896.000000,12896.000000
