t,count,max,mean,min,stddev,p50,p75,p95,p98,p99,p999,mean_rate,m1_rate,m5_rate,m15_rate,rate_unit,duration_unit
1740833224,4,62.710011,32.167655,7.309378,21.073119,39.557468,62.710011,62.710011,62.710011,62.710011,62.710011,0.279348,0.736036,0.786777,0.795568,calls/second,milliseconds
1740833234,32,176.527288,21.252377,0.017962,47.668404,0.583314,12.439821,157.845521,176.527288,176.527288,176.527288,1.321748,0.639032,0.764289,0.787885,calls/second,milliseconds
1740833241,500,176.527288,2.106269,0.017962,12.969437,0.465184,0.714818,2.770203,13.618666,47.601896,176.527288,16.225368,5.127840,1.693108,1.099234,calls/second,milliseconds
1740833241,500,176.527288,2.106269,0.017962,12.969437,0.465184,0.714818,2.770203,13.618666,47.601896,176.527288,16.206717,5.127840,1.693108,1.099234,calls/second,milliseconds
