t,count,max,mean,min,stddev,p50,p75,p95,p98,p99,p999
1740835304,0,0,0.000000,0,0.000000,0.000000,0.000000,0.000000,0.000000,0.000000,0.000000
1740835314,5,994,438.693022,71,450.026916,79.000000,994.000000,994.000000,994.000000,994.000000,994.000000
1740835324,16,994,148.311201,10,304.772966,40.000000,71.000000,994.000000,994.000000,994.000000,994.000000
1740835326,16,994,148.311201,10,304.772966,40.000000,71.000000,994.000000,994.000000,994.000000,994.000000
1740835326,16,994,148.311201,10,304.772966,40.000000,71.000000,994.000000,994.000000,994.000000,994.000000
