t,count,max,mean,min,stddev,p50,p75,p95,p98,p99,p999
1740829929,0,0,0.000000,0,0.000000,0.000000,0.000000,0.000000,0.000000,0.000000,0.000000
1740829939,41,680,116.651464,5,173.381411,47.000000,128.000000,579.000000,680.000000,680.000000,680.000000
1740829947,148,882,74.677123,1,139.275415,10.000000,74.000000,345.000000,579.000000,680.000000,882.000000
1740829947,148,882,74.677123,1,139.275415,10.000000,74.000000,345.000000,579.000000,680.000000,882.000000
