t,count,max,mean,min,stddev,p50,p75,p95,p98,p99,p999
1740834860,0,0,0.000000,0,0.000000,0.000000,0.000000,0.000000,0.000000,0.000000,0.000000
1740834870,7,11368,5778.392719,2218,3250.844719,4325.000000,9640.000000,11368.000000,11368.000000,11368.000000,11368.000000
1740834880,21,25258,4238.407454,1035,5349.045567,2519.000000,4301.000000,11368.000000,25258.000000,25258.000000,25258.000000
1740834880,21,25258,4238.407454,1035,5349.045567,2519.000000,4301.000000,11368.000000,25258.000000,25258.000000,25258.000000
