t,count,max,mean,min,stddev,p50,p75,p95,p98,p99,p999,mean_rate,m1_rate,m5_rate,m15_rate,rate_unit,duration_unit
1740834961,0,0.000000,0.000000,0.000000,0.000000,0.000000,0.000000,0.000000,0.000000,0.000000,0.000000,0.000000,0.000000,0.000000,0.000000,calls/second,milliseconds
1740834971,23,465.400869,32.005710,0.071983,95.934621,0.117445,28.743535,121.373751,465.400869,465.400869,465.400869,1.088622,0.000000,0.000000,0.000000,calls/second,milliseconds
1740834978,873,465.400869,1.550502,0.048680,16.435962,0.305833,0.510454,1.259175,4.411326,29.051972,465.400869,31.082177,0.911494,0.188425,0.063158,calls/second,milliseconds
1740834978,873,465.400869,1.550502,0.048680,16.435962,0.305833,0.510454,1.259175,4.411326,29.051972,465.400869,31.043385,0.911494,0.188425,0.063158,calls/second,milliseconds
