t,count,max,mean,min,stddev,p50,p75,p95,p98,p99,p999
1740829673,0,0,0.000000,0,0.000000,0.000000,0.000000,0.000000,0.000000,0.000000,0.000000
1740829683,11,7024,4178.271286,993,1706.772844,4352.000000,5214.000000,7024.000000,7024.000000,7024.000000,7024.000000
1740829693,27,19023,3547.188108,719,4259.695333,1532.000000,4363.000000,14113.000000,19023.000000,19023.000000,19023.000000
1740829695,27,19023,3547.188108,719,4259.695333,1532.000000,4363.000000,14113.000000,19023.000000,19023.000000,19023.000000
1740829695,27,19023,3547.188108,719,4259.695333,1532.000000,4363.000000,14113.000000,19023.000000,19023.000000,19023.000000
