t,count,max,mean,min,stddev,p50,p75,p95,p98,p99,p999,mean_rate,m1_rate,m5_rate,m15_rate,rate_unit,duration_unit
1740833909,4,66.241883,29.657049,8.181689,22.107112,26.635981,66.241883,66.241883,66.241883,66.241883,66.241883,0.282808,0.736036,0.786777,0.795568,calls/second,milliseconds
1740833919,35,161.564976,12.144219,0.024444,30.408517,0.343544,8.181689,68.262916,161.564976,161.564976,161.564976,1.455831,0.639032,0.764289,0.787885,calls/second,milliseconds
1740833926,935,161.564976,1.131390,0.024444,7.107242,0.370728,0.594919,1.670975,4.165399,18.344796,81.184525,29.896743,8.639493,2.420090,1.342970,calls/second,milliseconds
1740833926,935,161.564976,1.131390,0.024444,7.107242,0.370728,0.594919,1.670975,4.165399,18.344796,81.184525,29.859360,8.639493,2.420090,1.342970,calls/second,milliseconds
