t,count,max,mean,min,stddev,p50,p75,p95,p98,p99,p999
1740832816,0,0,0.000000,0,0.000000,0.000000,0.000000,0.000000,0.000000,0.000000,0.000000
1740832826,0,0,0.000000,0,0.000000,0.000000,0.000000,0.000000,0.000000,0.000000,0.000000
1740832836,40,8821,2629.092773,562,2559.662622,1600.000000,4047.000000,8821.000000,8821.000000,8821.000000,8821.000000
1740832845,40,8821,2629.092773,562,2559.662622,1600.000000,4047.000000,8821.000000,8821.000000,8821.000000,8821.000000
1740832845,40,8821,2629.092773,562,2559.662622,1600.000000,4047.000000,8821.000000,8821.000000,8821.000000,8821.000000
