t,count,max,mean,min,stddev,p50,p75,p95,p98,p99,p999,mean_rate,m1_rate,m5_rate,m15_rate,rate_unit,duration_unit
1740831766,4,29.706813,7.430336,0.002038,12.861330,0.009427,29.706813,29.706813,29.706813,29.706813,29.706813,0.337976,0.736036,0.786777,0.795568,calls/second,milliseconds
1740831776,7,29.706813,7.297744,0.002038,11.619522,0.004151,21.589633,29.706813,29.706813,29.706813,29.706813,0.322445,0.655023,0.767595,0.788993,calls/second,milliseconds
1740831786,841,29.706813,0.049823,0.000120,1.073084,0.003829,0.005062,0.009041,0.020391,0.036707,21.589633,26.524619,7.261784,2.130446,1.245605,calls/second,milliseconds
1740831786,841,29.706813,0.049823,0.000120,1.073084,0.003829,0.005062,0.009041,0.020391,0.036707,21.589633,26.509427,7.261784,2.130446,1.245605,calls/second,milliseconds
1740831786,841,29.706813,0.049823,0.000120,1.073084,0.003829,0.005062,0.009041,0.020391,0.036707,21.589633,26.485231,7.261784,2.130446,1.245605,calls/second,milliseconds
