t,count,max,mean,min,stddev,p50,p75,p95,p98,p99,p999
1740833338,0,0,0.000000,0,0.000000,0.000000,0.000000,0.000000,0.000000,0.000000,0.000000
1740833348,0,0,0.000000,0,0.000000,0.000000,0.000000,0.000000,0.000000,0.000000,0.000000
1740833358,104,1667,140.711574,5,269.838709,49.000000,128.000000,642.000000,1001.000000,1588.000000,1667.000000
1740833368,322,2405,152.672925,1,341.707399,39.000000,154.000000,695.000000,1588.000000,2257.000000,2405.000000
1740833374,360,2405,139.412507,1,322.776698,38.000000,138.000000,642.000000,1139.000000,2257.000000,2405.000000
1740833375,360,2405,139.412507,1,322.776698,38.000000,138.000000,642.000000,1139.000000,2257.000000,2405.000000
