t,count,max,mean,min,stddev,p50,p75,p95,p98,p99,p999,mean_rate,m1_rate,m5_rate,m15_rate,rate_unit,duration_unit
1740832973,4,85.444091,42.715060,8.391245,30.429647,56.742038,85.444091,85.444091,85.444091,85.444091,85.444091,0.269670,0.736036,0.786777,0.795568,calls/second,milliseconds
1740832983,5,85.444091,34.477301,6.954283,30.649452,20.282867,56.742038,85.444091,85.444091,85.444091,85.444091,0.202520,0.639032,0.764289,0.787885,calls/second,milliseconds
1740832993,108,264.521314,5.949447,0.000500,27.461780,0.313566,0.950697,31.014766,63.777549,85.444091,264.521314,3.111224,0.796787,0.792124,0.796908,calls/second,milliseconds
1740833003,1009,264.521314,0.886667,0.000500,8.480322,0.262622,0.360284,1.301756,3.196347,6.718458,85.444091,22.573938,3.991739,1.474342,1.026780,calls/second,milliseconds
1740833006,1941,35.550728,0.380483,0.000500,1.826056,0.186234,0.283262,0.626627,1.631488,2.618056,34.000372,40.313219,17.472911,4.302801,1.977322,calls/second,milliseconds
1740833006,1942,35.550728,0.380483,0.000500,1.826056,0.186234,0.283262,0.626627,1.631488,2.618056,34.000372,40.294560,17.472911,4.302801,1.977322,calls/second,milliseconds
