t,count,max,mean,min,stddev,p50,p75,p95,p98,p99,p999,mean_rate,m1_rate,m5_rate,m15_rate,rate_unit,duration_unit
1740834860,4,92.406532,34.479286,5.231749,34.265201,26.229130,92.406532,92.406532,92.406532,92.406532,92.406532,0.281663,0.736036,0.786777,0.795568,calls/second,milliseconds
1740834870,27,262.320633,17.534282,0.000798,51.904667,0.263313,7.691602,92.406532,262.320633,262.320633,262.320633,1.120155,0.655023,0.767595,0.788993,calls/second,milliseconds
1740834880,904,262.320633,0.884406,0.000798,8.810147,0.244448,0.327973,1.165672,3.894045,9.619612,92.406532,26.887728,2.238664,1.094994,0.898705,calls/second,milliseconds
1740834880,904,262.320633,0.884406,0.000798,8.810147,0.244448,0.327973,1.165672,3.894045,9.619612,92.406532,26.851395,2.238664,1.094994,0.898705,calls/second,milliseconds
