t,count,max,mean,min,stddev,p50,p75,p95,p98,p99,p999
1740831505,0,0,0.000000,0,0.000000,0.000000,0.000000,0.000000,0.000000,0.000000,0.000000
1740831515,33,630,91.910589,5,128.928805,47.000000,120.000000,340.000000,630.000000,630.000000,630.000000
1740831521,69,684,82.136341,1,128.054451,23.000000,120.000000,282.000000,630.000000,684.000000,684.000000
1740831521,69,684,82.136341,1,128.054451,23.000000,120.000000,282.000000,630.000000,684.000000,684.000000
