t,count,max,mean,min,stddev,p50,p75,p95,p98,p99,p999,mean_rate,m1_rate,m5_rate,m15_rate,rate_unit,duration_unit
1740829858,4,62.786207,27.039622,7.738889,21.340387,23.063977,62.786207,62.786207,62.786207,62.786207,62.786207,0.286556,0.736036,0.786777,0.795568,calls/second,milliseconds
1740829869,31,140.569060,11.067325,0.005381,27.429566,0.104092,7.738889,62.786207,140.569060,140.569060,140.569060,1.299314,0.655023,0.767595,0.788993,calls/second,milliseconds
1740829879,186,140.569060,3.123363,0.004249,12.060036,0.339619,0.797219,22.369287,32.379345,33.324209,140.569060,5.490092,2.025665,1.051801,0.884277,calls/second,milliseconds
1740829889,2101,140.569060,0.616791,0.009934,4.616068,0.212333,0.323105,0.682026,3.321535,6.570373,62.786207,47.901853,19.992713,4.848199,2.161610,calls/second,milliseconds
1740829890,2255,140.569060,0.571865,0.009934,4.493024,0.201292,0.313871,0.659411,2.857957,5.973515,62.786207,50.291835,19.992713,4.848199,2.161610,calls/second,milliseconds
1740829890,2255,140.569060,0.571865,0.009934,4.493024,0.201292,0.313871,0.659411,2.857957,5.973515,62.786207,50.248172,19.992713,4.848199,2.161610,calls/second,milliseconds
