t,count,max,mean,min,stddev,p50,p75,p95,p98,p99,p999
1740833721,0,0,0.000000,0,0.000000,0.000000,0.000000,0.000000,0.000000,0.000000,0.000000
1740833731,72,548,89.864002,5,120.133650,47.000000,136.000000,380.000000,458.000000,548.000000,548.000000
1740833741,249,718,64.511341,1,109.285685,10.000000,80.000000,291.000000,460.000000,548.000000,718.000000
1740833744,286,718,61.521758,1,105.559487,10.000000,65.000000,268.000000,458.000000,548.000000,718.000000
1740833744,286,718,61.521758,1,105.559487,10.000000,65.000000,268.000000,458.000000,548.000000,718.000000
