t,count,max,mean,min,stddev,p50,p75,p95,p98,p99,p999,mean_rate,m1_rate,m5_rate,m15_rate,rate_unit,duration_unit
1740832245,0,0.000000,0.000000,0.000000,0.000000,0.000000,0.000000,0.000000,0.000000,0.000000,0.000000,0.000000,0.000000,0.000000,0.000000,calls/second,milliseconds
1740832255,0,0.000000,0.000000,0.000000,0.000000,0.000000,0.000000,0.000000,0.000000,0.000000,0.000000,0.000000,0.000000,0.000000,0.000000,calls/second,milliseconds
1740832265,74,370.290713,14.039310,0.003803,50.031137,0.200504,2.683860,103.506378,186.699982,370.290713,370.290713,2.372837,0.884644,0.187278,0.063029,calls/second,milliseconds
1740832267,100,370.290713,11.543265,0.003803,43.680484,0.284111,2.178866,88.269714,122.087890,186.699982,370.290713,2.963979,0.884644,0.187278,0.063029,calls/second,milliseconds
1740832268,100,370.290713,11.543265,0.003803,43.680484,0.284111,2.178866,88.269714,122.087890,186.699982,370.290713,2.960518,0.884644,0.187278,0.063029,calls/second,milliseconds
