t,count,max,mean,min,stddev,p50,p75,p95,p98,p99,p999
1740829286,0,0,0.000000,0,0.000000,0.000000,0.000000,0.000000,0.000000,0.000000,0.000000
1740829296,12,5159,1904.871313,580,1464.431409,2652.000000,2860.000000,5159.000000,5159.000000,5159.000000,5159.000000
1740829306,45,13375,1987.114201,562,2445.388792,1254.000000,2655.000000,8142.000000,13375.000000,13375.000000,13375.000000
1740829310,45,13375,1987.114201,562,2445.388792,1254.000000,2655.000000,8142.000000,13375.000000,13375.000000,13375.000000
1740829310,45,13375,1987.114201,562,2445.388792,1254.000000,2655.000000,8142.000000,13375.000000,13375.000000,13375.000000
