t,count,max,mean,min,stddev,p50,p75,p95,p98,p99,p999
1740833598,0,0,0.000000,0,0.000000,0.000000,0.000000,0.000000,0.000000,0.000000,0.000000
1740833608,6,813,247.429960,128,251.081323,137.000000,143.000000,813.000000,813.000000,813.000000,813.000000
1740833616,13,813,141.910759,22,193.283337,128.000000,138.000000,813.000000,813.000000,813.000000,813.000000
1740833616,13,813,141.910759,22,193.283337,128.000000,138.000000,813.000000,813.000000,813.000000,813.000000
