t,count,max,mean,min,stddev,p50,p75,p95,p98,p99,p999,mean_rate,m1_rate,m5_rate,m15_rate,rate_unit,duration_unit
1740835304,4,36.389093,9.112583,0.012224,15.748103,0.036223,36.389093,36.389093,36.389093,36.389093,36.389093,0.355444,0.736036,0.786777,0.795568,calls/second,milliseconds
1740835314,14,42.653356,5.303062,0.012224,13.510139,0.071224,0.089512,42.653356,42.653356,42.653356,42.653356,0.662170,0.782952,0.794041,0.797857,calls/second,milliseconds
1740835324,988,42.653356,0.089977,0.003021,1.548420,0.021237,0.029160,0.058057,0.089791,0.139753,36.389093,31.714427,12.391302,3.199262,1.604355,calls/second,milliseconds
1740835326,1323,2.977129,0.032098,0.003797,0.099516,0.022512,0.031439,0.059057,0.089791,0.139753,0.911216,40.778974,12.391302,3.199262,1.604355,calls/second,milliseconds
1740835326,1323,2.977129,0.032098,0.003797,0.099516,0.022512,0.031439,0.059057,0.089791,0.139753,0.911216,40.731668,12.391302,3.199262,1.604355,calls/second,milliseconds
