t,count,max,mean,min,stddev,p50,p75,p95,p98,p99,p999
1740829489,0,0,0.000000,0,0.000000,0.000000,0.000000,0.000000,0.000000,0.000000,0.000000
1740829499,7,770,230.710146,123,219.667451,134.000000,194.000000,770.000000,770.000000,770.000000,770.000000
1740829510,26,770,94.084114,14,139.895707,56.000000,126.000000,194.000000,770.000000,770.000000,770.000000
1740829516,30,770,83.548244,14,131.910642,40.000000,97.000000,194.000000,770.000000,770.000000,770.000000
1740829516,30,770,83.548244,14,131.910642,40.000000,97.000000,194.000000,770.000000,770.000000,770.000000
