t,count,max,mean,min,stddev,p50,p75,p95,p98,p99,p999,mean_rate,m1_rate,m5_rate,m15_rate,rate_unit,duration_unit
1740830585,4,28.154992,7.042013,0.002163,12.189584,0.008179,28.154992,28.154992,28.154992,28.154992,28.154992,0.356991,0.736036,0.786777,0.795568,calls/second,milliseconds
1740830595,21,28.154992,2.333126,0.001738,7.579252,0.006121,0.013122,26.061276,28.154992,28.154992,28.154992,0.994428,0.892332,0.817071,0.805601,calls/second,milliseconds
1740830602,479,28.154992,0.092528,0.000948,1.525408,0.005245,0.007043,0.010695,0.023775,0.037854,28.154992,17.261303,1.572568,0.958935,0.853216,calls/second,milliseconds
1740830602,479,28.154992,0.092528,0.000948,1.525408,0.005245,0.007043,0.010695,0.023775,0.037854,28.154992,17.237263,1.572568,0.958935,0.853216,calls/second,milliseconds
