t,count,max,mean,min,stddev,p50,p75,p95,p98,p99,p999,mean_rate,m1_rate,m5_rate,m15_rate,rate_unit,duration_unit
1740829406,4,30.501524,7.646514,0.011295,13.195360,0.058873,30.501524,30.501524,30.501524,30.501524,30.501524,0.353692,0.736036,0.786777,0.795568,calls/second,milliseconds
1740829416,9,30.501524,5.677472,0.011295,10.539369,0.058873,1.374453,30.501524,30.501524,30.501524,30.501524,0.424358,0.655023,0.767595,0.788993,calls/second,milliseconds
1740829427,108,30.501524,0.430373,0.004683,3.092301,0.035220,0.059028,0.159420,1.374453,21.282998,30.501524,3.436053,2.148480,1.078028,0.893116,calls/second,milliseconds
1740829436,1056,21.282998,0.054573,0.001318,0.583457,0.028264,0.037807,0.076618,0.158702,0.261812,1.374453,25.618282,15.371516,3.866581,1.831071,calls/second,milliseconds
1740829447,2778,21.282998,0.044159,0.000325,0.561066,0.021319,0.032455,0.055938,0.102403,0.145249,2.792718,54.134632,39.811567,9.476811,3.745235,calls/second,milliseconds
1740829450,3164,21.282998,0.041664,0.000325,0.553739,0.019823,0.030223,0.051895,0.092791,0.141705,2.792718,57.839257,39.811567,9.476811,3.745235,calls/second,milliseconds
1740829451,3164,21.282998,0.041664,0.000325,0.553739,0.019823,0.030223,0.051895,0.092791,0.141705,2.792718,57.795177,39.811567,9.476811,3.745235,calls/second,milliseconds
