t,count,max,mean,min,stddev,p50,p75,p95,p98,p99,p999
1740829406,0,0,0.000000,0,0.000000,0.000000,0.000000,0.000000,0.000000,0.000000,0.000000
1740829416,33,961,125.013434,5,205.381278,47.000000,118.000000,679.000000,961.000000,961.000000,961.000000
1740829427,277,1294,181.045413,1,273.209916,53.000000,222.000000,791.000000,1294.000000,1294.000000,1294.000000
1740829436,283,1294,177.613422,1,270.994630,52.000000,207.000000,770.000000,1294.000000,1294.000000,1294.000000
1740829447,296,1294,168.203065,1,265.197829,49.000000,195.000000,770.000000,1294.000000,1294.000000,1294.000000
1740829450,296,1294,168.203065,1,265.197829,49.000000,195.000000,770.000000,1294.000000,1294.000000,1294.000000
1740829451,296,1294,168.203065,1,265.197829,49.000000,195.000000,770.000000,1294.000000,1294.000000,1294.000000
