t,count,max,mean,min,stddev,p50,p75,p95,p98,p99,p999
1740829554,0,0,0.000000,0,0.000000,0.000000,0.000000,0.000000,0.000000,0.000000,0.000000
1740829564,95,726,69.492036,1,104.755784,23.000000,116.000000,279.000000,355.000000,726.000000,726.000000
1740829575,222,726,68.247037,1,97.691526,19.000000,116.000000,279.000000,356.000000,379.000000,726.000000
1740829578,247,726,63.122303,1,93.730626,15.000000,96.000000,249.000000,356.000000,379.000000,726.000000
1740829578,247,726,63.122303,1,93.730626,15.000000,96.000000,249.000000,356.000000,379.000000,726.000000
