t,count,max,mean,min,stddev,p50,p75,p95,p98,p99,p999,mean_rate,m1_rate,m5_rate,m15_rate,rate_unit,duration_unit
1740829554,4,107.958856,42.579521,6.469023,39.970000,42.229611,42.229611,107.958856,107.958856,107.958856,107.958856,0.282312,0.736036,0.786777,0.795568,calls/second,milliseconds
1740829564,36,182.643107,12.267723,0.005067,34.448147,0.319543,6.391678,107.958856,182.643107,182.643107,182.643107,1.495645,0.655023,0.767595,0.788993,calls/second,milliseconds
1740829575,1667,182.643107,0.534008,0.005067,5.658904,0.197457,0.281958,0.538474,1.346450,3.920487,33.168208,48.911912,21.096675,4.995239,2.206126,calls/second,milliseconds
1740829578,2577,29.160116,0.277651,0.006818,1.156813,0.162307,0.240243,0.464351,1.086298,1.498877,22.372112,68.883429,27.581339,6.601892,2.760107,calls/second,milliseconds
1740829578,2577,29.160116,0.277651,0.006818,1.156813,0.162307,0.240243,0.464351,1.086298,1.498877,22.372112,68.816900,27.581339,6.601892,2.760107,calls/second,milliseconds
