t,count,max,mean,min,stddev,p50,p75,p95,p98,p99,p999
1740834463,0,0,0.000000,0,0.000000,0.000000,0.000000,0.000000,0.000000,0.000000,0.000000
1740834473,6,832,230.713490,44,269.030290,105.000000,173.000000,832.000000,832.000000,832.000000,832.000000
1740834481,16,832,96.973036,11,187.841665,40.000000,102.000000,832.000000,832.000000,832.000000,832.000000
1740834481,16,832,96.973036,11,187.841665,40.000000,102.000000,832.000000,832.000000,832.000000,832.000000
