t,count,max,mean,min,stddev,p50,p75,p95,p98,p99,p999,mean_rate,m1_rate,m5_rate,m15_rate,rate_unit,duration_unit
1740829733,0,0.000000,0.000000,0.000000,0.000000,0.000000,0.000000,0.000000,0.000000,0.000000,0.000000,0.000000,0.000000,0.000000,0.000000,calls/second,milliseconds
1740829743,32,385.837945,28.230188,0.006826,68.445854,11.773771,28.383502,133.722054,385.837945,385.837945,385.837945,1.524933,0.015991,0.003306,0.001108,calls/second,milliseconds
1740829753,648,385.837945,3.216751,0.006826,19.851594,0.420971,0.623401,12.634319,34.745828,49.482539,385.837945,20.920149,9.024944,1.893517,0.636301,calls/second,milliseconds
1740829754,649,385.837945,3.213475,0.006826,19.835618,0.421492,0.627950,12.634319,34.745828,49.482539,385.837945,20.852425,9.024944,1.893517,0.636301,calls/second,milliseconds
1740829754,649,385.837945,3.213475,0.006826,19.835618,0.421492,0.627950,12.634319,34.745828,49.482539,385.837945,20.824736,9.024944,1.893517,0.636301,calls/second,milliseconds
