t,count,max,mean,min,stddev,p50,p75,p95,p98,p99,p999,mean_rate,m1_rate,m5_rate,m15_rate,rate_unit,duration_unit
1740833116,4,29.087429,7.274958,0.002310,12.593436,0.007367,29.087429,29.087429,29.087429,29.087429,29.087429,0.357678,0.736036,0.786777,0.795568,calls/second,milliseconds
1740833126,9,29.156881,6.333263,0.000978,12.009691,0.007367,0.010095,29.156881,29.156881,29.156881,29.156881,0.427634,0.655023,0.767595,0.788993,calls/second,milliseconds
1740833136,301,29.156881,0.153116,0.000259,2.068967,0.004065,0.006067,0.011446,0.024488,0.058485,29.156881,9.690638,3.130331,1.279949,0.960737,calls/second,milliseconds
1740833140,1792,0.124049,0.004269,0.000309,0.006248,0.003395,0.004937,0.007706,0.010370,0.020999,0.124049,51.044664,28.817636,6.620654,2.752639,calls/second,milliseconds
1740833140,1792,0.124049,0.004269,0.000309,0.006248,0.003395,0.004937,0.007706,0.010370,0.020999,0.124049,50.994204,28.817636,6.620654,2.752639,calls/second,milliseconds
