t,count,max,mean,min,stddev,p50,p75,p95,p98,p99,p999,mean_rate,m1_rate,m5_rate,m15_rate,rate_unit,duration_unit
1740833783,4,23.363564,5.844975,0.002332,10.114363,0.010974,23.363564,23.363564,23.363564,23.363564,23.363564,0.355952,0.736036,0.786777,0.795568,calls/second,milliseconds
1740833793,18,25.711888,2.511204,0.001078,7.462617,0.005149,0.010974,25.711888,25.711888,25.711888,25.711888,0.851910,0.749691,0.787375,0.795635,calls/second,milliseconds
1740833803,1357,25.711888,0.026681,0.000270,0.736026,0.004627,0.005830,0.008466,0.014941,0.039563,0.153985,43.601174,14.537309,3.644987,1.753878,calls/second,milliseconds
1740833804,1377,25.711888,0.026733,0.000270,0.735920,0.004620,0.005830,0.008520,0.016795,0.040505,0.153985,43.480945,14.537309,3.644987,1.753878,calls/second,milliseconds
1740833804,1377,25.711888,0.026733,0.000270,0.735920,0.004620,0.005830,0.008520,0.016795,0.040505,0.153985,43.431629,14.537309,3.644987,1.753878,calls/second,milliseconds
