t,count,max,mean,min,stddev,p50,p75,p95,p98,p99,p999
1740831020,0,0,0.000000,0,0.000000,0.000000,0.000000,0.000000,0.000000,0.000000,0.000000
1740831030,16,6836,1998.297989,580,1695.584338,2049.000000,3113.000000,6836.000000,6836.000000,6836.000000,6836.000000
1740831040,51,12499,1776.932325,562,1986.229417,1386.000000,2297.000000,4747.000000,6836.000000,12499.000000,12499.000000
1740831041,51,12499,1776.932325,562,1986.229417,1386.000000,2297.000000,4747.000000,6836.000000,12499.000000,12499.000000
1740831041,51,12499,1776.932325,562,1986.229417,1386.000000,2297.000000,4747.000000,6836.000000,12499.000000,12499.000000
