t,count,max,mean,min,stddev,p50,p75,p95,p98,p99,p999,mean_rate,m1_rate,m5_rate,m15_rate,rate_unit,duration_unit
1740831325,0,0.000000,0.000000,0.000000,0.000000,0.000000,0.000000,0.000000,0.000000,0.000000,0.000000,0.000000,0.000000,0.000000,0.000000,calls/second,milliseconds
1740831335,14,399.528474,43.359488,0.006328,103.972556,0.123936,20.229495,399.528474,399.528474,399.528474,399.528474,0.665477,0.223876,0.046280,0.015512,calls/second,milliseconds
1740831344,1265,140.602063,0.819357,0.006328,5.757950,0.291057,0.481364,0.890937,1.973562,7.175192,83.826089,42.444411,0.621745,0.131463,0.044235,calls/second,milliseconds
1740831344,1265,140.602063,0.819357,0.006328,5.757950,0.291057,0.481364,0.890937,1.973562,7.175192,83.826089,42.374566,0.621745,0.131463,0.044235,calls/second,milliseconds
