t,count,max,mean,min,stddev,p50,p75,p95,p98,p99,p999,mean_rate,m1_rate,m5_rate,m15_rate,rate_unit,duration_unit
1740834632,5,24.540558,4.759835,0.002569,9.696161,0.005384,0.016591,24.540558,24.540558,24.540558,24.540558,0.442014,0.736036,0.786777,0.795568,calls/second,milliseconds
1740834642,20,24.540558,2.095953,0.001028,6.608632,0.007586,0.010880,21.637321,24.540558,24.540558,24.540558,0.943491,0.765682,0.790680,0.796743,calls/second,milliseconds
1740834652,294,24.540558,0.128107,0.000329,1.667169,0.004570,0.006756,0.015391,0.052863,0.077978,24.540558,9.426412,4.524415,1.575504,1.060239,calls/second,milliseconds
1740834653,683,24.540558,0.055186,0.000329,1.069955,0.003904,0.005430,0.010343,0.027710,0.052863,21.637321,21.038249,4.524415,1.575504,1.060239,calls/second,milliseconds
1740834653,683,24.540558,0.055186,0.000329,1.069955,0.003904,0.005430,0.010343,0.027710,0.052863,21.637321,21.013047,4.524415,1.575504,1.060239,calls/second,milliseconds
