t,count,max,mean,min,stddev,p50,p75,p95,p98,p99,p999,mean_rate,m1_rate,m5_rate,m15_rate,rate_unit,duration_unit
1740833721,4,89.833591,34.853536,5.176080,32.997999,30.320211,89.833591,89.833591,89.833591,89.833591,89.833591,0.278309,0.736036,0.786777,0.795568,calls/second,milliseconds
1740833731,22,151.194566,16.593162,0.002683,35.246531,0.312715,21.404755,89.833591,151.194566,151.194566,151.194566,0.906839,0.655023,0.767595,0.788993,calls/second,milliseconds
1740833741,1139,151.194566,0.556593,0.004810,4.751938,0.207646,0.275796,0.666408,2.217422,7.210629,30.482144,33.241009,3.652275,1.386169,0.996243,calls/second,milliseconds
1740833744,1752,151.194566,0.453786,0.004810,4.625350,0.163140,0.236122,0.425406,1.017449,4.168202,30.482144,47.757890,21.957925,5.207798,2.279363,calls/second,milliseconds
1740833744,1752,151.194566,0.453786,0.004810,4.625350,0.163140,0.236122,0.425406,1.017449,4.168202,30.482144,47.698709,21.957925,5.207798,2.279363,calls/second,milliseconds
