t,count,max,mean,min,stddev,p50,p75,p95,p98,p99,p999
1740830805,0,0,0.000000,0,0.000000,0.000000,0.000000,0.000000,0.000000,0.000000,0.000000
1740830816,7,13311,5603.027290,3177,3225.545686,4328.000000,5237.000000,13311.000000,13311.000000,13311.000000,13311.000000
1740830826,24,32313,4348.485615,1213,6398.849886,2218.000000,4328.000000,13311.000000,32313.000000,32313.000000,32313.000000
1740830829,24,32313,4348.485615,1213,6398.849886,2218.000000,4328.000000,13311.000000,32313.000000,32313.000000,32313.000000
1740830829,24,32313,4348.485615,1213,6398.849886,2218.000000,4328.000000,13311.000000,32313.000000,32313.000000,32313.000000
