t,count,max,mean,min,stddev,p50,p75,p95,p98,p99,p999,mean_rate,m1_rate,m5_rate,m15_rate,rate_unit,duration_unit
1740833909,4,23.697067,5.927620,0.002146,10.259196,0.008691,23.697067,23.697067,23.697067,23.697067,23.697067,0.354968,0.736036,0.786777,0.795568,calls/second,milliseconds
1740833919,35,23.697067,1.195790,0.000558,5.088784,0.004997,0.007727,22.925236,23.697067,23.697067,23.697067,1.653568,1.118765,0.863461,0.821126,calls/second,milliseconds
1740833926,935,23.697067,0.043860,0.000311,0.943618,0.004085,0.005137,0.007300,0.014452,0.035696,22.925236,32.923828,1.796887,1.007863,0.869762,calls/second,milliseconds
1740833926,935,23.697067,0.043860,0.000311,0.943618,0.004085,0.005137,0.007300,0.014452,0.035696,22.925236,32.878377,1.796887,1.007863,0.869762,calls/second,milliseconds
