t,count,max,mean,min,stddev,p50,p75,p95,p98,p99,p999
1740831891,0,0,0.000000,0,0.000000,0.000000,0.000000,0.000000,0.000000,0.000000,0.000000
1740831901,2,2998,1842.500000,687,1155.500000,2998.000000,2998.000000,2998.000000,2998.000000,2998.000000,2998.000000
1740831911,21,14934,2453.321445,562,3325.354817,1495.000000,2998.000000,7991.000000,14934.000000,14934.000000,14934.000000
1740831912,21,14934,2453.321445,562,3325.354817,1495.000000,2998.000000,7991.000000,14934.000000,14934.000000,14934.000000
1740831912,21,14934,2453.321445,562,3325.354817,1495.000000,2998.000000,7991.000000,14934.000000,14934.000000,14934.000000
