t,count,max,mean,min,stddev,p50,p75,p95,p98,p99,p999,mean_rate,m1_rate,m5_rate,m15_rate,rate_unit,duration_unit
1740831559,0,0.000000,0.000000,0.000000,0.000000,0.000000,0.000000,0.000000,0.000000,0.000000,0.000000,0.000000,0.000000,0.000000,0.000000,calls/second,milliseconds
1740831569,0,0.000000,0.000000,0.000000,0.000000,0.000000,0.000000,0.000000,0.000000,0.000000,0.000000,0.000000,0.000000,0.000000,0.000000,calls/second,milliseconds
1740831579,387,467.942290,3.937745,0.004641,32.663349,0.463885,0.681497,2.687197,16.754633,61.256516,467.942290,12.454180,1.977154,0.412285,0.138399,calls/second,milliseconds
1740831587,2922,61.095945,0.418984,0.004300,2.053304,0.230415,0.442471,0.636344,0.967571,1.759689,18.355871,76.583132,26.125567,5.430148,1.821839,calls/second,milliseconds
1740831587,2922,61.095945,0.418984,0.004300,2.053304,0.230415,0.442471,0.636344,0.967571,1.759689,18.355871,76.468169,26.125567,5.430148,1.821839,calls/second,milliseconds
