t,count,max,mean,min,stddev,p50,p75,p95,p98,p99,p999,mean_rate,m1_rate,m5_rate,m15_rate,rate_unit,duration_unit
1740834748,0,0.000000,0.000000,0.000000,0.000000,0.000000,0.000000,0.000000,0.000000,0.000000,0.000000,0.000000,0.000000,0.000000,0.000000,calls/second,milliseconds
1740834758,1,528.025064,528.025064,528.025064,0.000000,528.025064,528.025064,528.025064,528.025064,528.025064,528.025064,0.047696,0.000000,0.000000,0.000000,calls/second,milliseconds
1740834768,338,528.025064,4.643981,0.005661,36.773875,0.472055,0.705545,4.147056,26.540778,114.425711,528.025064,10.917328,2.009136,0.418896,0.140616,calls/second,milliseconds
1740834776,2922,85.526855,0.482685,0.011452,3.173644,0.228272,0.449127,0.626724,0.990855,1.505788,56.469102,75.603483,23.420511,4.871374,1.634569,calls/second,milliseconds
1740834776,2922,85.526855,0.482685,0.011452,3.173644,0.228272,0.449127,0.626724,0.990855,1.505788,56.469102,75.497874,23.420511,4.871374,1.634569,calls/second,milliseconds
