t,count,max,mean,min,stddev,p50,p75,p95,p98,p99,p999
1740831382,0,0,0.000000,0,0.000000,0.000000,0.000000,0.000000,0.000000,0.000000,0.000000
1740831392,36,1614,185.376225,5,340.258329,52.000000,236.000000,1190.000000,1614.000000,1614.000000,1614.000000
1740831402,106,3762,161.858867,1,428.318035,49.000000,137.000000,551.000000,1190.000000,1614.000000,3762.000000
1740831410,182,3762,110.381762,1,327.167753,24.000000,118.000000,334.000000,1108.000000,1614.000000,3762.000000
1740831410,182,3762,110.381762,1,327.167753,24.000000,118.000000,334.000000,1108.000000,1614.000000,3762.000000
