t,count,max,mean,min,stddev,p50,p75,p95,p98,p99,p999
1740834580,0,0,0.000000,0,0.000000,0.000000,0.000000,0.000000,0.000000,0.000000,0.000000
1740834590,6,4264,3302.375393,993,1062.460338,3839.000000,3884.000000,4264.000000,4264.000000,4264.000000,4264.000000
1740834594,9,11613,3806.146603,993,3100.369832,3383.000000,3884.000000,11613.000000,11613.000000,11613.000000,11613.000000
1740834594,9,11613,3806.146603,993,3100.369832,3383.000000,3884.000000,11613.000000,11613.000000,11613.000000,11613.000000
