t,count,max,mean,min,stddev,p50,p75,p95,p98,p99,p999,mean_rate,m1_rate,m5_rate,m15_rate,rate_unit,duration_unit
1740831325,4,22.385862,5.599781,0.002199,9.691449,0.008684,22.385862,22.385862,22.385862,22.385862,22.385862,0.355561,0.736036,0.786777,0.795568,calls/second,milliseconds
1740831335,35,22.385862,1.092602,0.000656,4.675165,0.005930,0.008653,20.543332,22.385862,22.385862,22.385862,1.654658,1.118765,0.863461,0.821126,calls/second,milliseconds
1740831344,1325,22.385862,0.021289,0.000656,0.572976,0.004826,0.006145,0.008905,0.018079,0.050011,0.659383,44.287125,1.812878,1.011169,0.870870,calls/second,milliseconds
1740831344,1325,22.385862,0.021289,0.000656,0.572976,0.004826,0.006145,0.008905,0.018079,0.050011,0.659383,44.213315,1.812878,1.011169,0.870870,calls/second,milliseconds
