t,count,max,mean,min,stddev,p50,p75,p95,p98,p99,p999
1740834211,0,0,0.000000,0,0.000000,0.000000,0.000000,0.000000,0.000000,0.000000,0.000000
1740834221,12,4268,1919.631648,580,1382.127038,2843.000000,2846.000000,4268.000000,4268.000000,4268.000000,4268.000000
1740834231,47,10383,2446.806161,562,2652.722780,1613.000000,2869.000000,10367.000000,10383.000000,10383.000000,10383.000000
1740834240,57,10383,2237.857492,562,2436.309287,1602.000000,2843.000000,10367.000000,10375.000000,10383.000000,10383.000000
1740834240,57,10383,2237.857492,562,2436.309287,1602.000000,2843.000000,10367.000000,10375.000000,10383.000000,10383.000000
