t,count,max,mean,min,stddev,p50,p75,p95,p98,p99,p999,mean_rate,m1_rate,m5_rate,m15_rate,rate_unit,duration_unit
1740830978,4,31.238331,7.824717,0.012307,13.517859,0.033456,31.238331,31.238331,31.238331,31.238331,31.238331,0.357886,0.736036,0.786777,0.795568,calls/second,milliseconds
1740830982,5,31.238331,6.009276,0.012307,12.261531,0.033456,0.123007,31.238331,31.238331,31.238331,31.238331,0.352738,0.736036,0.786777,0.795568,calls/second,milliseconds
1740830982,5,31.238331,6.009276,0.012307,12.261531,0.033456,0.123007,31.238331,31.238331,31.238331,31.238331,0.351857,0.736036,0.786777,0.795568,calls/second,milliseconds
