t,count,max,mean,min,stddev,p50,p75,p95,p98,p99,p999,mean_rate,m1_rate,m5_rate,m15_rate,rate_unit,duration_unit
1740829165,8,59.191313,15.757936,0.004842,18.784385,6.409259,20.999430,59.191313,59.191313,59.191313,59.191313,0.572504,0.736036,0.786777,0.795568,calls/second,milliseconds
1740829175,142,121.607994,2.629202,0.003988,11.580009,0.296893,0.568294,12.813635,25.644797,59.191313,121.607994,5.953160,0.792550,0.797073,0.798935,calls/second,milliseconds
1740829186,642,121.607994,0.686873,0.002401,5.288854,0.164811,0.274654,0.897781,2.965409,12.813635,121.607994,19.107531,7.224156,2.160242,1.257791,calls/second,milliseconds
1740829186,642,121.607994,0.686873,0.002401,5.288854,0.164811,0.274654,0.897781,2.965409,12.813635,121.607994,19.086142,7.224156,2.160242,1.257791,calls/second,milliseconds
