t,count,max,mean,min,stddev,p50,p75,p95,p98,p99,p999
1740829792,0,0,0.000000,0,0.000000,0.000000,0.000000,0.000000,0.000000,0.000000,0.000000
1740829803,5,11420,6784.942710,4395,2467.739340,5931.000000,6937.000000,11420.000000,11420.000000,11420.000000,11420.000000
1740829813,16,21602,5278.165569,1214,4913.546115,4395.000000,5229.000000,21602.000000,21602.000000,21602.000000,21602.000000
1740829820,26,21602,3762.121042,931,4205.144964,2218.000000,4680.000000,11420.000000,21602.000000,21602.000000,21602.000000
1740829820,26,21602,3762.121042,931,4205.144964,2218.000000,4680.000000,11420.000000,21602.000000,21602.000000,21602.000000
