t,count,max,mean,min,stddev,p50,p75,p95,p98,p99,p999
1740833476,0,0,0.000000,0,0.000000,0.000000,0.000000,0.000000,0.000000,0.000000,0.000000
1740833486,39,8193,398.282214,5,1349.976297,47.000000,129.000000,2551.000000,8193.000000,8193.000000,8193.000000
1740833496,187,17053,553.132203,1,2235.698333,53.000000,216.000000,1888.000000,8193.000000,16514.000000,17053.000000
1740833499,187,17053,553.132203,1,2235.698333,53.000000,216.000000,1888.000000,8193.000000,16514.000000,17053.000000
1740833499,187,17053,553.132203,1,2235.698333,53.000000,216.000000,1888.000000,8193.000000,16514.000000,17053.000000
