t,count,max,mean,min,stddev,p50,p75,p95,p98,p99,p999
1740832089,0,0,0.000000,0,0.000000,0.000000,0.000000,0.000000,0.000000,0.000000,0.000000
1740832099,2,3965,3911.098758,3858,53.498495,3858.000000,3965.000000,3965.000000,3965.000000,3965.000000,3965.000000
1740832109,13,26741,5870.998388,1136,7004.213109,3965.000000,4781.000000,26741.000000,26741.000000,26741.000000,26741.000000
1740832112,13,26741,5870.998388,1136,7004.213109,3965.000000,4781.000000,26741.000000,26741.000000,26741.000000,26741.000000
1740832112,13,26741,5870.998388,1136,7004.213109,3965.000000,4781.000000,26741.000000,26741.000000,26741.000000,26741.000000
