t,count,max,mean,min,stddev,p50,p75,p95,p98,p99,p999
1740830268,0,0,0.000000,0,0.000000,0.000000,0.000000,0.000000,0.000000,0.000000,0.000000
1740830278,47,2129,173.137555,5,390.666236,47.000000,128.000000,537.000000,2129.000000,2129.000000,2129.000000
1740830288,170,6454,142.567174,1,540.089892,15.000000,118.000000,456.000000,925.000000,2129.000000,6454.000000
1740830291,170,6454,142.567174,1,540.089892,15.000000,118.000000,456.000000,925.000000,2129.000000,6454.000000
1740830291,170,6454,142.567174,1,540.089892,15.000000,118.000000,456.000000,925.000000,2129.000000,6454.000000
