t,count,max,mean,min,stddev,p50,p75,p95,p98,p99,p999,mean_rate,m1_rate,m5_rate,m15_rate,rate_unit,duration_unit
1740829554,0,0.000000,0.000000,0.000000,0.000000,0.000000,0.000000,0.000000,0.000000,0.000000,0.000000,0.000000,0.000000,0.000000,0.000000,calls/second,milliseconds
1740829564,15,359.833339,38.996778,0.014875,90.612620,0.404030,34.089209,359.833339,359.833339,359.833339,359.833339,0.710818,0.000000,0.000000,0.000000,calls/second,milliseconds
1740829575,1583,359.833339,1.088154,0.005077,11.936469,0.267624,0.478942,0.965603,2.156993,10.748162,139.557991,50.883466,21.285811,4.504863,1.516046,calls/second,milliseconds
1740829578,2485,359.833339,0.912154,0.005077,11.423373,0.284201,0.504245,0.848628,1.492923,3.131658,139.557991,72.148754,21.285811,4.504863,1.516046,calls/second,milliseconds
1740829578,2485,359.833339,0.912154,0.005077,11.423373,0.284201,0.504245,0.848628,1.492923,3.131658,139.557991,72.073055,21.285811,4.504863,1.516046,calls/second,milliseconds
