t,count,max,mean,min,stddev,p50,p75,p95,p98,p99,p999,mean_rate,m1_rate,m5_rate,m15_rate,rate_unit,duration_unit
1740831382,5,94.706025,31.565675,7.822265,31.552229,17.629393,26.005599,94.706025,94.706025,94.706025,94.706025,0.350780,0.736036,0.786777,0.795568,calls/second,milliseconds
1740831392,10,160.569553,32.408730,0.167904,51.568828,7.970583,26.005599,160.569553,160.569553,160.569553,160.569553,0.413896,0.637753,0.764235,0.787879,calls/second,milliseconds
1740831402,155,297.596002,5.731168,0.007809,28.413564,0.159924,0.724790,19.518238,94.706025,160.569553,297.596002,4.535248,2.224676,1.089148,0.896575,calls/second,milliseconds
1740831410,1066,160.569553,1.019854,0.007809,6.476107,0.402419,0.613696,1.679984,4.011046,9.241494,96.125051,25.179742,7.599684,2.244399,1.286397,calls/second,milliseconds
1740831410,1066,160.569553,1.019854,0.007809,6.476107,0.402419,0.613696,1.679984,4.011046,9.241494,96.125051,25.156745,7.599684,2.244399,1.286397,calls/second,milliseconds
