t,count,max,mean,min,stddev,p50,p75,p95,p98,p99,p999,mean_rate,m1_rate,m5_rate,m15_rate,rate_unit,duration_unit
1740830734,4,32.806678,8.208114,0.003226,14.201988,0.017556,32.806678,32.806678,32.806678,32.806678,32.806678,0.350144,0.736036,0.786777,0.795568,calls/second,milliseconds
1740830744,29,32.806678,1.567199,0.000879,6.304462,0.006789,0.010514,19.374431,32.806678,32.806678,32.806678,1.359786,0.814934,0.800652,0.800074,calls/second,milliseconds
1740830754,656,32.806678,0.064971,0.000227,1.257888,0.004792,0.006570,0.009862,0.027545,0.051481,32.806678,20.934487,6.501048,1.990386,1.199667,calls/second,milliseconds
1740830764,3052,19.374431,0.018421,0.000039,0.528013,0.002944,0.004564,0.007657,0.009266,0.019767,0.094348,73.852508,39.606007,9.261788,3.662217,calls/second,milliseconds
1740830766,3869,19.374431,0.017599,0.000039,0.520773,0.002845,0.003952,0.007182,0.008971,0.011165,0.094348,89.738185,39.606007,9.261788,3.662217,calls/second,milliseconds
1740830766,3869,19.374431,0.017599,0.000039,0.520773,0.002845,0.003952,0.007182,0.008971,0.011165,0.094348,89.644854,39.606007,9.261788,3.662217,calls/second,milliseconds
