t,count,max,mean,min,stddev,p50,p75,p95,p98,p99,p999
1740834279,0,0,0.000000,0,0.000000,0.000000,0.000000,0.000000,0.000000,0.000000,0.000000
1740834289,5,974,289.160815,111,339.929808,124.000000,131.000000,974.000000,974.000000,974.000000,974.000000
1740834297,13,974,138.426659,15,235.751363,111.000000,124.000000,974.000000,974.000000,974.000000,974.000000
1740834297,13,974,138.426659,15,235.751363,111.000000,124.000000,974.000000,974.000000,974.000000,974.000000
