t,count,max,mean,min,stddev,p50,p75,p95,p98,p99,p999,mean_rate,m1_rate,m5_rate,m15_rate,rate_unit,duration_unit
1740830518,4,39.126577,9.795922,0.011796,16.934064,0.032771,39.126577,39.126577,39.126577,39.126577,39.126577,0.352369,0.736036,0.786777,0.795568,calls/second,milliseconds
1740830529,27,43.490267,2.850122,0.006410,10.270179,0.059991,0.097764,39.126577,43.490267,43.490267,43.490267,1.270724,0.750970,0.787429,0.795641,calls/second,milliseconds
1740830535,491,43.490267,0.174682,0.005324,2.329630,0.029828,0.038002,0.090587,0.155134,0.840564,43.490267,17.467510,1.570437,0.956228,0.852175,calls/second,milliseconds
1740830535,491,43.490267,0.174682,0.005324,2.329630,0.029828,0.038002,0.090587,0.155134,0.840564,43.490267,17.447019,1.570437,0.956228,0.852175,calls/second,milliseconds
