t,count,max,mean,min,stddev,p50,p75,p95,p98,p99,p999,mean_rate,m1_rate,m5_rate,m15_rate,rate_unit,duration_unit
1740829673,0,0.000000,0.000000,0.000000,0.000000,0.000000,0.000000,0.000000,0.000000,0.000000,0.000000,0.000000,0.000000,0.000000,0.000000,calls/second,milliseconds
1740829683,10,336.841070,49.140722,0.055989,100.129632,0.100087,24.846161,336.841070,336.841070,336.841070,336.841070,0.476670,0.000000,0.000000,0.000000,calls/second,milliseconds
1740829693,1246,336.841070,1.117334,0.015097,10.983113,0.289446,0.514957,1.135026,2.871858,13.976196,85.578697,40.206249,18.632226,3.856506,1.292930,calls/second,milliseconds
1740829695,1670,54.545511,0.553926,0.028051,2.660968,0.284359,0.482134,0.880662,1.652075,2.668307,46.480117,51.636245,18.632226,3.856506,1.292930,calls/second,milliseconds
1740829695,1670,54.545511,0.553926,0.028051,2.660968,0.284359,0.482134,0.880662,1.652075,2.668307,46.480117,51.575563,18.632226,3.856506,1.292930,calls/second,milliseconds
