t,count,max,mean,min,stddev,p50,p75,p95,p98,p99,p999,mean_rate,m1_rate,m5_rate,m15_rate,rate_unit,duration_unit
1740829554,4,108.066609,42.659736,6.528680,39.988033,42.314973,42.314973,108.066609,108.066609,108.066609,108.066609,0.282077,0.736036,0.786777,0.795568,calls/second,milliseconds
1740829564,36,194.675961,17.377605,0.018476,45.085303,0.493146,8.852454,180.275756,194.675961,194.675961,194.675961,1.494940,0.655023,0.767595,0.788993,calls/second,milliseconds
1740829575,1667,108.066609,0.615992,0.011295,3.144067,0.333333,0.551648,1.056879,2.259785,3.933068,28.925506,48.894637,21.096675,4.995239,2.206126,calls/second,milliseconds
1740829578,2577,108.066609,0.607264,0.018978,2.946037,0.359120,0.697796,1.060096,1.921993,2.616419,26.868585,68.861880,27.549357,6.595281,2.757891,calls/second,milliseconds
1740829578,2577,108.066609,0.607264,0.018978,2.946037,0.359120,0.697796,1.060096,1.921993,2.616419,26.868585,68.793399,27.549357,6.595281,2.757891,calls/second,milliseconds
