t,count,max,mean,min,stddev,p50,p75,p95,p98,p99,p999,mean_rate,m1_rate,m5_rate,m15_rate,rate_unit,duration_unit
1740829792,4,28.419841,7.108552,0.002588,12.304079,0.009170,28.419841,28.419841,28.419841,28.419841,28.419841,0.352862,0.736036,0.786777,0.795568,calls/second,milliseconds
1740829803,12,28.419841,3.731887,0.001663,8.803922,0.008572,0.011633,28.419841,28.419841,28.419841,28.419841,0.565515,0.655023,0.767595,0.788993,calls/second,milliseconds
1740829813,159,28.419841,0.252628,0.000206,2.392651,0.005462,0.008877,0.052543,0.223302,1.002492,28.419841,5.094775,2.524595,1.157037,0.919672,calls/second,milliseconds
1740829820,1071,28.419841,0.023789,0.000138,0.681968,0.004835,0.006682,0.010619,0.017398,0.042308,1.002492,27.510349,4.609470,1.610629,1.073025,calls/second,milliseconds
1740829820,1071,28.419841,0.023789,0.000138,0.681968,0.004835,0.006682,0.010619,0.017398,0.042308,1.002492,27.485386,4.609470,1.610629,1.073025,calls/second,milliseconds
