t,count,max,mean,min,stddev,p50,p75,p95,p98,p99,p999
1740831829,0,0,0.000000,0,0.000000,0.000000,0.000000,0.000000,0.000000,0.000000,0.000000
1740831839,4,8534,5217.580182,3181,2004.368098,4746.000000,8534.000000,8534.000000,8534.000000,8534.000000,8534.000000
1740831849,10,19456,4686.528142,1035,5463.347967,2040.000000,4746.000000,19456.000000,19456.000000,19456.000000,19456.000000
1740831849,10,19456,4686.528142,1035,5463.347967,2040.000000,4746.000000,19456.000000,19456.000000,19456.000000,19456.000000
