t,count,max,mean,min,stddev,p50,p75,p95,p98,p99,p999
1740831559,0,0,0.000000,0,0.000000,0.000000,0.000000,0.000000,0.000000,0.000000,0.000000
1740831569,10,7108,5051.331395,2218,2061.336351,6932.000000,6935.000000,7108.000000,7108.000000,7108.000000,7108.000000
1740831579,22,11364,5053.380825,889,3345.574409,4325.000000,6935.000000,11361.000000,11364.000000,11364.000000,11364.000000
1740831587,27,11364,4508.983595,889,3199.270127,2907.000000,6935.000000,11361.000000,11364.000000,11364.000000,11364.000000
1740831587,27,11364,4508.983595,889,3199.270127,2907.000000,6935.000000,11361.000000,11364.000000,11364.000000,11364.000000
