t,count,max,mean,min,stddev,p50,p75,p95,p98,p99,p999,mean_rate,m1_rate,m5_rate,m15_rate,rate_unit,duration_unit
1740829616,0,0.000000,0.000000,0.000000,0.000000,0.000000,0.000000,0.000000,0.000000,0.000000,0.000000,0.000000,0.000000,0.000000,0.000000,calls/second,milliseconds
1740829626,21,297.665421,31.143565,0.007251,83.525080,0.059463,15.190033,278.918810,297.665421,297.665421,297.665421,0.999992,0.015991,0.003306,0.001108,calls/second,milliseconds
1740829635,486,297.665421,2.414945,0.007251,18.943802,0.520202,0.766174,2.650513,5.269915,23.906732,297.665421,16.736706,0.990171,0.204899,0.068692,calls/second,milliseconds
1740829635,486,297.665421,2.414945,0.007251,18.943802,0.520202,0.766174,2.650513,5.269915,23.906732,297.665421,16.718188,0.990171,0.204899,0.068692,calls/second,milliseconds
