t,count,max,mean,min,stddev,p50,p75,p95,p98,p99,p999
1740831263,0,0,0.000000,0,0.000000,0.000000,0.000000,0.000000,0.000000,0.000000,0.000000
1740831273,5,6904,4006.917703,1012,1863.550388,3909.000000,4259.000000,6904.000000,6904.000000,6904.000000,6904.000000
1740831283,18,18366,6639.829377,1012,6068.714406,4917.000000,6904.000000,18366.000000,18366.000000,18366.000000,18366.000000
1740831286,18,18366,6639.829377,1012,6068.714406,4917.000000,6904.000000,18366.000000,18366.000000,18366.000000,18366.000000
1740831287,18,18366,6639.829377,1012,6068.714406,4917.000000,6904.000000,18366.000000,18366.000000,18366.000000,18366.000000
