t,count,max,mean,min,stddev,p50,p75,p95,p98,p99,p999,mean_rate,m1_rate,m5_rate,m15_rate,rate_unit,duration_unit
1740831020,4,65.116936,26.399908,4.073714,23.306579,22.731610,65.116936,65.116936,65.116936,65.116936,65.116936,0.286150,0.736036,0.786777,0.795568,calls/second,milliseconds
1740831030,19,164.626271,24.508024,0.020879,50.987913,0.190082,13.136557,164.626271,164.626271,164.626271,164.626271,0.796003,0.639032,0.764289,0.787885,calls/second,milliseconds
1740831040,480,274.336903,2.748817,0.020879,16.903276,0.468849,1.018664,4.705684,22.731610,40.113516,274.336903,14.171055,2.527698,1.159796,0.920719,calls/second,milliseconds
1740831041,1001,274.336903,1.621601,0.020879,11.844673,0.473334,0.808846,2.341049,8.713934,22.731610,164.626271,28.231745,13.615324,3.474457,1.697887,calls/second,milliseconds
1740831041,1001,274.336903,1.621601,0.020879,11.844673,0.473334,0.808846,2.341049,8.713934,22.731610,164.626271,28.191102,13.615324,3.474457,1.697887,calls/second,milliseconds
