t,count,max,mean,min,stddev,p50,p75,p95,p98,p99,p999
1740834402,0,0,0.000000,0,0.000000,0.000000,0.000000,0.000000,0.000000,0.000000,0.000000
1740834412,5,11717,6705.477630,3823,3022.248865,5677.000000,8527.000000,11717.000000,11717.000000,11717.000000,11717.000000
1740834422,23,19755,5778.068471,1035,6061.377519,2221.000000,8527.000000,18669.000000,19755.000000,19755.000000,19755.000000
1740834424,25,19755,5366.045340,993,5932.958330,2218.000000,7956.000000,18669.000000,19755.000000,19755.000000,19755.000000
1740834424,25,19755,5366.045340,993,5932.958330,2218.000000,7956.000000,18669.000000,19755.000000,19755.000000,19755.000000
