t,count,max,mean,min,stddev,p50,p75,p95,p98,p99,p999,mean_rate,m1_rate,m5_rate,m15_rate,rate_unit,duration_unit
1740833050,5,27.825855,5.415435,0.002320,11.008092,0.010155,0.016781,27.825855,27.825855,27.825855,27.825855,0.426247,0.736036,0.786777,0.795568,calls/second,milliseconds
1740833060,7,27.825855,6.288710,0.002320,10.174532,0.010155,16.096490,27.825855,27.825855,27.825855,27.825855,0.324099,0.653744,0.767540,0.788987,calls/second,milliseconds
1740833070,101,27.825855,0.346385,0.000878,2.719842,0.006574,0.010155,0.046086,0.504395,16.096490,27.825855,3.195630,1.706670,0.983093,0.861088,calls/second,milliseconds
1740833077,1338,16.096490,0.018440,0.000677,0.445421,0.004330,0.005588,0.009248,0.017677,0.042437,0.504395,34.823229,6.143671,1.912277,1.173214,calls/second,milliseconds
1740833077,1338,16.096490,0.018440,0.000677,0.445421,0.004330,0.005588,0.009248,0.017677,0.042437,0.504395,34.791460,6.143671,1.912277,1.173214,calls/second,milliseconds
