t,count,max,mean,min,stddev,p50,p75,p95,p98,p99,p999,mean_rate,m1_rate,m5_rate,m15_rate,rate_unit,duration_unit
1740832753,4,88.881137,39.188270,8.845266,31.209399,42.139082,88.881137,88.881137,88.881137,88.881137,88.881137,0.265415,0.058850,0.013004,0.004408,calls/second,milliseconds
1740832763,8,212.579477,49.764959,0.121410,69.890475,13.875074,42.139082,212.579477,212.579477,212.579477,212.579477,0.320754,0.054145,0.012789,0.004383,calls/second,milliseconds
1740832773,485,212.579477,2.159811,0.045025,13.602828,0.457571,0.658259,3.163898,13.875074,42.139082,212.579477,13.877920,0.344549,0.074960,0.025363,calls/second,milliseconds
1740832773,487,212.579477,2.357400,0.045025,14.262570,0.457571,0.660549,3.388588,21.015443,60.298501,212.579477,13.890960,7.736879,1.607570,0.539348,calls/second,milliseconds
1740832773,487,212.579477,2.357400,0.045025,14.262570,0.457571,0.660549,3.388588,21.015443,60.298501,212.579477,13.875845,7.736879,1.607570,0.539348,calls/second,milliseconds
