t,count,max,mean,min,stddev,p50,p75,p95,p98,p99,p999,mean_rate,m1_rate,m5_rate,m15_rate,rate_unit,duration_unit
1740832026,5,38.717777,7.533621,0.002896,15.317787,0.014100,0.016164,38.717777,38.717777,38.717777,38.717777,0.434444,0.736036,0.786777,0.795568,calls/second,milliseconds
1740832036,7,38.717777,9.114589,0.002896,14.528154,0.014100,24.567107,38.717777,38.717777,38.717777,38.717777,0.327114,0.653744,0.767540,0.788987,calls/second,milliseconds
1740832046,399,38.717777,0.127137,0.000796,1.933748,0.004465,0.006004,0.013741,0.045593,0.125997,38.717777,12.702861,2.294523,1.110486,0.904129,calls/second,milliseconds
1740832047,526,38.717777,0.096885,0.000796,1.678387,0.004211,0.005657,0.011899,0.032946,0.118301,38.717777,16.437041,2.294523,1.110486,0.904129,calls/second,milliseconds
1740832047,526,38.717777,0.096885,0.000796,1.678387,0.004211,0.005657,0.011899,0.032946,0.118301,38.717777,16.414846,2.294523,1.110486,0.904129,calls/second,milliseconds
