t,count,max,mean,min,stddev,p50,p75,p95,p98,p99,p999
1740830734,0,0,0.000000,0,0.000000,0.000000,0.000000,0.000000,0.000000,0.000000,0.000000
1740830744,59,878,128.799340,5,175.619102,55.000000,170.000000,553.000000,570.000000,878.000000,878.000000
1740830754,150,1337,138.572015,1,220.205353,47.000000,176.000000,570.000000,878.000000,1208.000000,1337.000000
1740830764,178,1337,121.839552,1,205.208549,38.000000,162.000000,553.000000,878.000000,1208.000000,1337.000000
1740830766,178,1337,121.839552,1,205.208549,38.000000,162.000000,553.000000,878.000000,1208.000000,1337.000000
1740830766,178,1337,121.839552,1,205.208549,38.000000,162.000000,553.000000,878.000000,1208.000000,1337.000000
