t,count,max,mean,min,stddev,p50,p75,p95,p98,p99,p999,mean_rate,m1_rate,m5_rate,m15_rate,rate_unit,duration_unit
1740832156,4,33.487511,8.376767,0.002658,14.497696,0.013482,33.487511,33.487511,33.487511,33.487511,33.487511,0.344210,0.736036,0.786777,0.795568,calls/second,milliseconds
1740832166,6,33.487511,11.648579,0.002658,15.596679,0.017921,31.805847,33.487511,33.487511,33.487511,33.487511,0.281051,0.637753,0.764235,0.787879,calls/second,milliseconds
1740832176,70,33.487511,0.752999,0.001572,4.867419,0.005776,0.010498,0.023821,31.805847,31.805847,33.487511,2.230240,1.217236,0.880888,0.826769,calls/second,milliseconds
1740832186,653,33.487511,0.082089,0.000130,1.500332,0.005043,0.007207,0.013136,0.023772,0.029076,31.805847,15.745523,9.050921,2.524289,1.378988,calls/second,milliseconds
1740832196,1785,33.487511,0.024154,0.000040,0.763607,0.004078,0.006350,0.010825,0.015990,0.036410,0.862495,34.756912,24.167166,5.952797,2.546440,calls/second,milliseconds
1740832201,2519,0.862495,0.005129,0.000040,0.026462,0.002966,0.005029,0.009465,0.012746,0.024783,0.308099,44.089404,31.973457,7.867583,3.207123,calls/second,milliseconds
1740832201,2519,0.862495,0.005129,0.000040,0.026462,0.002966,0.005029,0.009465,0.012746,0.024783,0.308099,44.058773,31.973457,7.867583,3.207123,calls/second,milliseconds
