t,count,max,mean,min,stddev,p50,p75,p95,p98,p99,p999,mean_rate,m1_rate,m5_rate,m15_rate,rate_unit,duration_unit
1740830268,4,86.424322,40.408372,13.498035,27.796113,36.615317,86.424322,86.424322,86.424322,86.424322,86.424322,0.281355,0.736036,0.786777,0.795568,calls/second,milliseconds
1740830278,22,156.577304,23.088374,0.027011,45.322244,1.421004,21.802121,148.654686,156.577304,156.577304,156.577304,0.911875,0.637753,0.764235,0.787879,calls/second,milliseconds
1740830288,331,156.577304,2.537020,0.027011,12.667395,0.474770,1.083054,6.157083,21.802121,49.043269,156.577304,9.695382,2.259881,1.103764,0.901901,calls/second,milliseconds
1740830291,986,156.577304,1.217365,0.027011,7.700395,0.394450,0.651332,1.588562,4.183833,19.874389,148.654686,26.988101,8.027887,2.315245,1.309091,calls/second,milliseconds
1740830291,986,156.577304,1.217365,0.027011,7.700395,0.394450,0.651332,1.588562,4.183833,19.874389,148.654686,26.962470,8.027887,2.315245,1.309091,calls/second,milliseconds
