t,count,max,mean,min,stddev,p50,p75,p95,p98,p99,p999
1740832816,0,0,0.000000,0,0.000000,0.000000,0.000000,0.000000,0.000000,0.000000,0.000000
1740832826,0,0,0.000000,0,0.000000,0.000000,0.000000,0.000000,0.000000,0.000000,0.000000
1740832836,18,997,136.498230,20,209.487192,73.000000,141.000000,997.000000,997.000000,997.000000,997.000000
1740832845,18,997,136.498230,20,209.487192,73.000000,141.000000,997.000000,997.000000,997.000000,997.000000
1740832845,18,997,136.498230,20,209.487192,73.000000,141.000000,997.000000,997.000000,997.000000,997.000000
