t,count,max,mean,min,stddev,p50,p75,p95,p98,p99,p999
1740834108,0,0,0.000000,0,0.000000,0.000000,0.000000,0.000000,0.000000,0.000000,0.000000
1740834118,5,17381,7864.678603,3729,5316.424375,4290.000000,9838.000000,17381.000000,17381.000000,17381.000000,17381.000000
1740834127,13,17381,5244.949512,1074,4396.663121,3880.000000,7368.000000,17381.000000,17381.000000,17381.000000,17381.000000
1740834127,13,17381,5244.949512,1074,4396.663121,3880.000000,7368.000000,17381.000000,17381.000000,17381.000000,17381.000000
