t,count,max,mean,min,stddev,p50,p75,p95,p98,p99,p999
1740833655,0,0,0.000000,0,0.000000,0.000000,0.000000,0.000000,0.000000,0.000000,0.000000
1740833665,5,9031,5567.472041,3965,1824.159609,4749.000000,5650.000000,9031.000000,9031.000000,9031.000000,9031.000000
1740833675,16,18135,4701.203598,1214,3975.380847,4317.000000,4683.000000,18135.000000,18135.000000,18135.000000,18135.000000
1740833682,24,18135,3530.538206,931,3562.379669,2218.000000,4680.000000,9031.000000,18135.000000,18135.000000,18135.000000
1740833682,24,18135,3530.538206,931,3562.379669,2218.000000,4680.000000,9031.000000,18135.000000,18135.000000,18135.000000
