t,count,max,mean,min,stddev,p50,p75,p95,p98,p99,p999,mean_rate,m1_rate,m5_rate,m15_rate,rate_unit,duration_unit
1740833224,4,22.354276,5.592260,0.002098,9.677555,0.009866,22.354276,22.354276,22.354276,22.354276,22.354276,0.356112,0.736036,0.786777,0.795568,calls/second,milliseconds
1740833234,32,26.125285,1.354119,0.000717,5.597432,0.005187,0.008871,22.354276,26.125285,26.125285,26.125285,1.514878,0.926872,0.823792,0.807830,calls/second,milliseconds
1740833241,500,26.125285,0.083419,0.000152,1.365124,0.004136,0.005632,0.009698,0.034736,0.064246,26.125285,18.031359,1.716284,0.988684,0.863188,calls/second,milliseconds
1740833241,500,26.125285,0.083419,0.000152,1.365124,0.004136,0.005632,0.009698,0.034736,0.064246,26.125285,18.008248,1.716284,0.988684,0.863188,calls/second,milliseconds
