t,count,max,mean,min,stddev,p50,p75,p95,p98,p99,p999,mean_rate,m1_rate,m5_rate,m15_rate,rate_unit,duration_unit
1740832089,4,37.242501,9.314225,0.002424,16.124398,0.009267,37.242501,37.242501,37.242501,37.242501,37.242501,0.347781,0.736036,0.786777,0.795568,calls/second,milliseconds
1740832099,6,37.242501,10.978406,0.002424,15.127513,0.025699,25.921001,37.242501,37.242501,37.242501,37.242501,0.281194,0.653744,0.767540,0.788987,calls/second,milliseconds
1740832109,116,37.242501,0.438639,0.000656,3.668851,0.005919,0.009166,0.040554,0.108698,25.921001,37.242501,3.668247,2.009240,1.051092,0.884197,calls/second,milliseconds
1740832112,532,37.242501,0.091870,0.000656,1.638587,0.005122,0.006726,0.011666,0.035179,0.108698,37.242501,15.438113,2.009240,1.051092,0.884197,calls/second,milliseconds
1740832112,532,37.242501,0.091870,0.000656,1.638587,0.005122,0.006726,0.011666,0.035179,0.108698,37.242501,15.415301,2.009240,1.051092,0.884197,calls/second,milliseconds
