t,count,max,mean,min,stddev,p50,p75,p95,p98,p99,p999
1740832026,0,0,0.000000,0,0.000000,0.000000,0.000000,0.000000,0.000000,0.000000,0.000000
1740832036,1,935,935.000000,935,0.000000,935.000000,935.000000,935.000000,935.000000,935.000000,935.000000
1740832046,14,935,163.873334,22,217.443802,149.000000,188.000000,935.000000,935.000000,935.000000,935.000000
1740832047,14,935,163.873334,22,217.443802,149.000000,188.000000,935.000000,935.000000,935.000000,935.000000
1740832047,14,935,163.873334,22,217.443802,149.000000,188.000000,935.000000,935.000000,935.000000,935.000000
