t,count,max,mean,min,stddev,p50,p75,p95,p98,p99,p999,mean_rate,m1_rate,m5_rate,m15_rate,rate_unit,duration_unit
1740833116,4,36.296229,9.087294,0.013113,15.709086,0.025229,36.296229,36.296229,36.296229,36.296229,36.296229,0.357634,0.736036,0.786777,0.795568,calls/second,milliseconds
1740833126,9,36.296229,7.048584,0.010064,13.395138,0.056207,0.094847,36.296229,36.296229,36.296229,36.296229,0.427605,0.655023,0.767595,0.788993,calls/second,milliseconds
1740833136,302,36.296229,0.193604,0.001802,2.301167,0.025795,0.034512,0.073086,0.134997,0.224017,36.296229,9.721901,3.130331,1.279949,0.960737,calls/second,milliseconds
1740833140,1792,0.862245,0.027515,0.001802,0.034007,0.023367,0.030821,0.053564,0.083243,0.129729,0.297605,51.039335,28.817636,6.620654,2.752639,calls/second,milliseconds
1740833140,1792,0.862245,0.027515,0.001802,0.034007,0.023367,0.030821,0.053564,0.083243,0.129729,0.297605,50.988994,28.817636,6.620654,2.752639,calls/second,milliseconds
