t,count,max,mean,min,stddev,p50,p75,p95,p98,p99,p999,mean_rate,m1_rate,m5_rate,m15_rate,rate_unit,duration_unit
1740830640,4,45.949495,11.491809,0.003051,19.894154,0.011463,45.949495,45.949495,45.949495,45.949495,45.949495,0.351501,0.736036,0.786777,0.795568,calls/second,milliseconds
1740830650,14,45.949495,4.414225,0.001047,11.972586,0.003051,0.011463,45.949495,45.949495,45.949495,45.949495,0.657209,0.653744,0.767540,0.788987,calls/second,milliseconds
1740830661,345,45.949495,0.153529,0.000227,2.328125,0.005067,0.006627,0.012897,0.035345,0.052617,45.949495,11.028848,3.593657,1.383658,0.995961,calls/second,milliseconds
1740830671,1631,45.949495,0.049992,0.000079,1.285501,0.004316,0.005905,0.009412,0.015478,0.038833,22.858826,39.519868,22.105907,5.459752,2.376897,calls/second,milliseconds
1740830681,3829,22.858826,0.019824,0.000029,0.598377,0.002657,0.003684,0.007100,0.009459,0.015478,0.649345,74.705063,54.420686,12.932522,4.931085,calls/second,milliseconds
1740830691,6219,0.649345,0.003578,0.000040,0.020177,0.002537,0.003259,0.005551,0.007870,0.009738,0.112906,101.520397,75.186562,18.711831,6.966513,calls/second,milliseconds
1740830694,7607,0.649345,0.003429,0.000040,0.019679,0.002488,0.003170,0.004870,0.006960,0.008758,0.112906,118.439351,75.186562,18.711831,6.966513,calls/second,milliseconds
1740830694,7607,0.649345,0.003429,0.000040,0.019679,0.002488,0.003170,0.004870,0.006960,0.008758,0.112906,118.334769,75.186562,18.711831,6.966513,calls/second,milliseconds
