t,count,max,mean,min,stddev,p50,p75,p95,p98,p99,p999
1740831138,0,0,0.000000,0,0.000000,0.000000,0.000000,0.000000,0.000000,0.000000,0.000000
1740831148,24,5819,2179.400591,580,1749.710427,582.000000,4044.000000,4985.000000,5819.000000,5819.000000,5819.000000
1740831158,76,8927,2621.236589,562,2535.581791,1600.000000,4193.000000,8927.000000,8927.000000,8927.000000,8927.000000
1740831168,78,8927,2576.789678,562,2510.671599,1600.000000,4192.000000,8927.000000,8927.000000,8927.000000,8927.000000
1740831168,78,8927,2576.789678,562,2510.671599,1600.000000,4192.000000,8927.000000,8927.000000,8927.000000,8927.000000
1740831168,78,8927,2576.789678,562,2510.671599,1600.000000,4192.000000,8927.000000,8927.000000,8927.000000,8927.000000
