t,count,max,mean,min,stddev,p50,p75,p95,p98,p99,p999
1740833598,0,0,0.000000,0,0.000000,0.000000,0.000000,0.000000,0.000000,0.000000,0.000000
1740833608,6,5174,4104.268540,1578,1188.600796,4691.000000,4781.000000,5174.000000,5174.000000,5174.000000,5174.000000
1740833616,13,30081,6103.126593,1214,8016.332068,3858.000000,4781.000000,30081.000000,30081.000000,30081.000000,30081.000000
1740833616,13,30081,6103.126593,1214,8016.332068,3858.000000,4781.000000,30081.000000,30081.000000,30081.000000,30081.000000
