t,count,max,mean,min,stddev,p50,p75,p95,p98,p99,p999,mean_rate,m1_rate,m5_rate,m15_rate,rate_unit,duration_unit
1740831956,0,0.000000,0.000000,0.000000,0.000000,0.000000,0.000000,0.000000,0.000000,0.000000,0.000000,0.000000,0.000000,0.000000,0.000000,calls/second,milliseconds
1740831966,0,0.000000,0.000000,0.000000,0.000000,0.000000,0.000000,0.000000,0.000000,0.000000,0.000000,0.000000,0.000000,0.000000,0.000000,calls/second,milliseconds
1740831976,455,424.544569,3.157524,0.003064,28.013386,0.379194,0.636582,1.674932,11.389708,62.129770,424.544569,14.485430,0.981869,0.207167,0.069683,calls/second,milliseconds
1740831983,1731,424.544569,1.311841,0.003592,17.560517,0.333964,0.473930,0.763375,1.837276,2.757168,397.136950,45.012540,14.735679,3.063181,1.027743,calls/second,milliseconds
1740831983,1731,424.544569,1.311841,0.003592,17.560517,0.333964,0.473930,0.763375,1.837276,2.757168,397.136950,44.961697,14.735679,3.063181,1.027743,calls/second,milliseconds
