t,count,max,mean,min,stddev,p50,p75,p95,p98,p99,p999,mean_rate,m1_rate,m5_rate,m15_rate,rate_unit,duration_unit
1740830922,4,92.197426,36.982959,5.994909,33.055601,30.715032,92.197426,92.197426,92.197426,92.197426,92.197426,0.281915,0.736036,0.786777,0.795568,calls/second,milliseconds
1740830932,42,337.237529,17.625229,0.018217,58.940433,0.280231,1.863483,92.197426,337.237529,337.237529,337.237529,1.744409,0.655023,0.767595,0.788993,calls/second,milliseconds
1740830940,539,337.237529,2.251467,0.018217,16.969532,0.503603,0.729624,1.951850,16.134577,30.715032,337.237529,16.484516,2.139530,1.077646,0.893073,calls/second,milliseconds
1740830940,539,337.237529,2.251467,0.018217,16.969532,0.503603,0.729624,1.951850,16.134577,30.715032,337.237529,16.467519,2.139530,1.077646,0.893073,calls/second,milliseconds
