t,count,max,mean,min,stddev,p50,p75,p95,p98,p99,p999,mean_rate,m1_rate,m5_rate,m15_rate,rate_unit,duration_unit
1740833909,4,30.769132,7.707006,0.012084,13.314928,0.034455,30.769132,30.769132,30.769132,30.769132,30.769132,0.354909,0.736036,0.786777,0.795568,calls/second,milliseconds
1740833919,35,30.769132,1.513623,0.004765,5.827334,0.068298,0.100775,23.007515,30.769132,30.769132,30.769132,1.653466,1.118765,0.863461,0.821126,calls/second,milliseconds
1740833926,935,30.769132,0.072918,0.002449,1.086135,0.021079,0.027975,0.051469,0.080159,0.120869,23.007515,32.921116,1.796887,1.007863,0.869762,calls/second,milliseconds
1740833926,935,30.769132,0.072918,0.002449,1.086135,0.021079,0.027975,0.051469,0.080159,0.120869,23.007515,32.875813,1.796887,1.007863,0.869762,calls/second,milliseconds
