t,count,max,mean,min,stddev,p50,p75,p95,p98,p99,p999,mean_rate,m1_rate,m5_rate,m15_rate,rate_unit,duration_unit
1740835188,4,93.353913,37.790898,7.069570,33.423029,33.394771,93.353913,93.353913,93.353913,93.353913,93.353913,0.279256,0.736036,0.786777,0.795568,calls/second,milliseconds
1740835198,47,314.819711,11.331125,0.001444,47.193912,0.116173,0.956585,33.394771,314.819711,314.819711,314.819711,1.941010,0.653744,0.767540,0.788987,calls/second,milliseconds
1740835208,218,314.819711,3.301872,0.001444,21.601222,0.379142,0.664029,8.739014,29.596549,37.743289,314.819711,6.371696,2.210732,1.093793,0.898571,calls/second,milliseconds
1740835213,627,314.819711,1.346920,0.001444,12.295831,0.277249,0.415560,2.373777,8.539778,22.522482,314.819711,16.056370,3.920923,1.465788,1.024340,calls/second,milliseconds
1740835213,627,314.819711,1.346920,0.001444,12.295831,0.277249,0.415560,2.373777,8.539778,22.522482,314.819711,16.040811,3.920923,1.465788,1.024340,calls/second,milliseconds
