t,count,max,mean,min,stddev,p50,p75,p95,p98,p99,p999,mean_rate,m1_rate,m5_rate,m15_rate,rate_unit,duration_unit
1740829165,8,22.341063,5.175704,0.002500,8.990089,0.005351,19.222915,22.341063,22.341063,22.341063,22.341063,0.712434,0.800000,0.800000,0.800000,calls/second,milliseconds
1740829175,142,22.341063,0.247245,0.001436,2.218618,0.004022,0.006381,0.030335,0.070581,19.222915,22.341063,6.727289,1.648808,0.975257,0.858732,calls/second,milliseconds
1740829186,642,22.341063,0.053268,0.000618,0.999564,0.003225,0.004440,0.009482,0.019096,0.044100,22.341063,20.807184,9.299959,2.631573,1.418289,calls/second,milliseconds
1740829186,642,22.341063,0.053268,0.000618,0.999564,0.003225,0.004440,0.009482,0.019096,0.044100,22.341063,20.782219,9.299959,2.631573,1.418289,calls/second,milliseconds
