t,count,max,mean,min,stddev,p50,p75,p95,p98,p99,p999,mean_rate,m1_rate,m5_rate,m15_rate,rate_unit,duration_unit
1740830446,4,94.306856,36.369723,5.369671,34.715262,31.270167,94.306856,94.306856,94.306856,94.306856,94.306856,0.282247,0.736036,0.786777,0.795568,calls/second,milliseconds
1740830456,21,166.112137,24.270283,0.005151,46.907703,0.321345,21.472786,166.112137,166.112137,166.112137,166.112137,0.872345,0.653744,0.767540,0.788987,calls/second,milliseconds
1740830465,884,166.112137,0.950819,0.004251,7.552671,0.288866,0.370499,1.111275,3.545322,10.398013,166.112137,26.949245,4.930483,1.650573,1.084879,calls/second,milliseconds
1740830465,884,166.112137,0.950819,0.004251,7.552671,0.288866,0.370499,1.111275,3.545322,10.398013,166.112137,26.913274,4.930483,1.650573,1.084879,calls/second,milliseconds
