t,count,max,mean,min,stddev,p50,p75,p95,p98,p99,p999,mean_rate,m1_rate,m5_rate,m15_rate,rate_unit,duration_unit
1740831263,5,58.989871,22.907334,4.827486,19.748427,13.286033,30.601099,58.989871,58.989871,58.989871,58.989871,0.356579,0.736036,0.786777,0.795568,calls/second,milliseconds
1740831273,13,171.215487,22.937891,0.020230,46.669395,8.114858,13.286033,171.215487,171.215487,171.215487,171.215487,0.542803,0.637753,0.764235,0.787879,calls/second,milliseconds
1740831283,405,171.215487,2.404243,0.020230,11.835330,0.643296,1.199296,6.250726,14.752378,44.330141,171.215487,11.933274,1.916379,1.028771,0.876533,calls/second,milliseconds
1740831286,1793,171.215487,0.996398,0.020230,7.058575,0.466148,0.807535,1.473618,2.836427,6.029182,155.338979,47.779284,12.541167,3.239815,1.618489,calls/second,milliseconds
1740831287,1793,171.215487,0.996398,0.020230,7.058575,0.466148,0.807535,1.473618,2.836427,6.029182,155.338979,47.725056,12.541167,3.239815,1.618489,calls/second,milliseconds
