t,count,max,mean,min,stddev,p50,p75,p95,p98,p99,p999,mean_rate,m1_rate,m5_rate,m15_rate,rate_unit,duration_unit
1740832245,4,36.656292,9.168698,0.003046,15.869970,0.012330,36.656292,36.656292,36.656292,36.656292,36.656292,0.347560,0.736036,0.786777,0.795568,calls/second,milliseconds
1740832255,6,36.656292,10.365845,0.003046,14.477122,0.014127,23.341258,36.656292,36.656292,36.656292,36.656292,0.281140,0.653744,0.767540,0.788987,calls/second,milliseconds
1740832265,150,36.656292,0.313422,0.000239,3.036010,0.005433,0.008717,0.043865,0.065883,23.341258,36.656292,4.784205,2.281089,1.107289,0.903033,calls/second,milliseconds
1740832267,184,36.656292,0.252612,0.000239,2.719674,0.005216,0.008340,0.043707,0.065883,0.116186,36.656292,5.427217,2.281089,1.107289,0.903033,calls/second,milliseconds
1740832268,184,36.656292,0.252612,0.000239,2.719674,0.005216,0.008340,0.043707,0.065883,0.116186,36.656292,5.420958,2.281089,1.107289,0.903033,calls/second,milliseconds
