t,count,max,mean,min,stddev,p50,p75,p95,p98,p99,p999
1740829733,0,0,0.000000,0,0.000000,0.000000,0.000000,0.000000,0.000000,0.000000,0.000000
1740829743,12,777,222.833333,91,248.141705,115.000000,130.000000,777.000000,777.000000,777.000000,777.000000
1740829753,13,777,208.962346,72,240.440410,115.000000,130.000000,777.000000,777.000000,777.000000,777.000000
1740829754,13,777,208.962346,72,240.440410,115.000000,130.000000,777.000000,777.000000,777.000000,777.000000
1740829754,13,777,208.962346,72,240.440410,115.000000,130.000000,777.000000,777.000000,777.000000,777.000000
