t,count,max,mean,min,stddev,p50,p75,p95,p98,p99,p999
1740835075,0,0,0.000000,0,0.000000,0.000000,0.000000,0.000000,0.000000,0.000000,0.000000
1740835085,27,401,89.622748,5,113.647142,47.000000,151.000000,369.000000,401.000000,401.000000,401.000000
1740835093,81,814,75.634924,1,132.884672,19.000000,82.000000,287.000000,611.000000,814.000000,814.000000
1740835093,81,814,75.634924,1,132.884672,19.000000,82.000000,287.000000,611.000000,814.000000,814.000000
