t,count,max,mean,min,stddev,p50,p75,p95,p98,p99,p999,mean_rate,m1_rate,m5_rate,m15_rate,rate_unit,duration_unit
1740829489,4,63.260406,31.035075,8.297718,20.170973,30.372842,30.372842,63.260406,63.260406,63.260406,63.260406,0.285355,0.736036,0.786777,0.795568,calls/second,milliseconds
1740829499,11,63.260406,12.596276,0.001013,17.934284,0.013193,22.219343,63.260406,63.260406,63.260406,63.260406,0.459857,0.623041,0.760984,0.786777,calls/second,milliseconds
1740829510,257,160.039733,2.093166,0.001013,10.957928,0.373611,0.615081,5.392998,25.150739,30.372842,160.039733,7.572376,1.823321,1.006448,0.868868,calls/second,milliseconds
1740829516,1869,37.486403,0.361101,0.001013,1.552373,0.190834,0.297288,0.689302,1.682072,2.641666,29.546481,46.974198,7.226454,2.136894,1.248541,calls/second,milliseconds
1740829516,1869,37.486403,0.361101,0.001013,1.552373,0.190834,0.297288,0.689302,1.682072,2.641666,29.546481,46.937721,7.226454,2.136894,1.248541,calls/second,milliseconds
