t,count,max,mean,min,stddev,p50,p75,p95,p98,p99,p999,mean_rate,m1_rate,m5_rate,m15_rate,rate_unit,duration_unit
1740834463,4,70.433101,35.196071,6.033968,26.365974,50.463378,70.433101,70.433101,70.433101,70.433101,70.433101,0.282491,0.736036,0.786777,0.795568,calls/second,milliseconds
1740834473,21,205.949414,35.553741,0.040116,63.916906,1.146269,30.510441,205.949414,205.949414,205.949414,205.949414,0.873137,0.655023,0.767595,0.788993,calls/second,milliseconds
1740834481,925,205.949414,1.392621,0.040116,10.673741,0.332339,0.545717,1.547924,6.033968,13.853835,176.944397,28.711620,3.813465,1.419281,1.007329,calls/second,milliseconds
1740834481,925,205.949414,1.392621,0.040116,10.673741,0.332339,0.545717,1.547924,6.033968,13.853835,176.944397,28.680849,3.813465,1.419281,1.007329,calls/second,milliseconds
