t,count,max,mean,min,stddev,p50,p75,p95,p98,p99,p999,mean_rate,m1_rate,m5_rate,m15_rate,rate_unit,duration_unit
1740830212,0,0.000000,0.000000,0.000000,0.000000,0.000000,0.000000,0.000000,0.000000,0.000000,0.000000,0.000000,0.000000,0.000000,0.000000,calls/second,milliseconds
1740830222,22,427.289111,29.982656,0.021280,90.356081,0.121452,20.282865,118.568320,427.289111,427.289111,427.289111,1.045149,0.047973,0.009917,0.003324,calls/second,milliseconds
1740830230,497,427.289111,2.579910,0.013230,20.517849,0.512626,0.775969,2.521297,20.282865,69.683777,427.289111,17.612726,1.259463,0.260987,0.087516,calls/second,milliseconds
1740830230,497,427.289111,2.579910,0.013230,20.517849,0.512626,0.775969,2.521297,20.282865,69.683777,427.289111,17.590207,1.259463,0.260987,0.087516,calls/second,milliseconds
