t,count,max,mean,min,stddev,p50,p75,p95,p98,p99,p999
1740829286,0,0,0.000000,0,0.000000,0.000000,0.000000,0.000000,0.000000,0.000000,0.000000
1740829296,36,1598,120.831934,5,269.279881,49.000000,118.000000,377.000000,1598.000000,1598.000000,1598.000000
1740829306,148,4423,130.461494,1,428.035359,23.000000,114.000000,377.000000,1623.000000,1623.000000,4423.000000
1740829310,148,4423,130.461494,1,428.035359,23.000000,114.000000,377.000000,1623.000000,1623.000000,4423.000000
1740829310,148,4423,130.461494,1,428.035359,23.000000,114.000000,377.000000,1623.000000,1623.000000,4423.000000
