t,count,max,mean,min,stddev,p50,p75,p95,p98,p99,p999
1740831505,0,0,0.000000,0,0.000000,0.000000,0.000000,0.000000,0.000000,0.000000,0.000000
1740831515,5,782,263.535411,103,257.326548,157.000000,186.000000,782.000000,782.000000,782.000000,782.000000
1740831521,10,782,151.146852,16,208.905773,100.000000,157.000000,782.000000,782.000000,782.000000,782.000000
1740831521,10,782,151.146852,16,208.905773,100.000000,157.000000,782.000000,782.000000,782.000000,782.000000
