t,count,max,mean,min,stddev,p50,p75,p95,p98,p99,p999,mean_rate,m1_rate,m5_rate,m15_rate,rate_unit,duration_unit
1740835425,4,24.019314,6.008688,0.002605,10.398440,0.008392,24.019314,24.019314,24.019314,24.019314,24.019314,0.353885,0.736036,0.786777,0.795568,calls/second,milliseconds
1740835435,10,24.038188,4.621407,0.001050,9.463922,0.008347,0.013591,24.038188,24.038188,24.038188,24.038188,0.471994,0.653744,0.767540,0.788987,calls/second,milliseconds
1740835444,502,24.038188,0.080074,0.000250,1.322763,0.004850,0.006351,0.010378,0.036729,0.067343,24.038188,16.847340,1.049225,0.847414,0.815641,calls/second,milliseconds
1740835444,502,24.038188,0.080074,0.000250,1.322763,0.004850,0.006351,0.010378,0.036729,0.067343,24.038188,16.826673,1.049225,0.847414,0.815641,calls/second,milliseconds
