t,count,max,mean,min,stddev,p50,p75,p95,p98,p99,p999,mean_rate,m1_rate,m5_rate,m15_rate,rate_unit,duration_unit
1740829858,4,24.421310,6.108573,0.001952,10.572864,0.008991,24.421310,24.421310,24.421310,24.421310,24.421310,0.358043,0.736036,0.786777,0.795568,calls/second,milliseconds
1740829869,31,29.886522,1.548484,0.000826,6.356150,0.004268,0.008332,24.421310,29.886522,29.886522,29.886522,1.471149,0.750970,0.787429,0.795641,calls/second,milliseconds
1740829879,186,29.886522,0.250879,0.000177,2.506405,0.004849,0.007657,0.044743,0.160618,2.685309,29.886522,5.983173,2.610945,1.181685,0.928334,calls/second,milliseconds
1740829889,2101,24.421310,0.019298,0.000177,0.587027,0.003735,0.006163,0.010468,0.013015,0.025489,0.130235,51.154662,29.726914,6.997111,2.889947,calls/second,milliseconds
1740829890,2255,24.421310,0.019094,0.000177,0.585311,0.003531,0.005921,0.010302,0.013015,0.025489,0.130235,53.625622,29.726914,6.997111,2.889947,calls/second,milliseconds
1740829890,2255,24.421310,0.019094,0.000177,0.585311,0.003531,0.005921,0.010302,0.013015,0.025489,0.130235,53.576067,29.726914,6.997111,2.889947,calls/second,milliseconds
