t,count,max,mean,min,stddev,p50,p75,p95,p98,p99,p999
1740833598,0,0,0.000000,0,0.000000,0.000000,0.000000,0.000000,0.000000,0.000000,0.000000
1740833608,37,451,94.686526,5,126.245593,47.000000,118.000000,411.000000,451.000000,451.000000,451.000000
1740833616,94,1614,123.684003,1,234.102005,38.000000,148.000000,451.000000,930.000000,1614.000000,1614.000000
1740833616,94,1614,123.684003,1,234.102005,38.000000,148.000000,451.000000,930.000000,1614.000000,1614.000000
