t,count,max,mean,min,stddev,p50,p75,p95,p98,p99,p999,mean_rate,m1_rate,m5_rate,m15_rate,rate_unit,duration_unit
1740833537,0,0.000000,0.000000,0.000000,0.000000,0.000000,0.000000,0.000000,0.000000,0.000000,0.000000,0.000000,0.000000,0.000000,0.000000,calls/second,milliseconds
1740833547,10,466.391270,64.287550,0.039124,138.626784,10.211657,25.581619,466.391270,466.391270,466.391270,466.391270,0.475689,0.015991,0.003306,0.001108,calls/second,milliseconds
1740833557,473,466.391270,2.314804,0.028749,21.714270,0.460595,0.689691,2.133035,10.211657,42.974656,466.391270,15.248984,5.521539,1.148530,0.385386,calls/second,milliseconds
1740833559,857,466.391270,1.422354,0.028749,16.022065,0.398469,0.579053,1.282396,2.531386,18.297900,466.391270,25.929093,5.521539,1.148530,0.385386,calls/second,milliseconds
1740833559,857,466.391270,1.422354,0.028749,16.022065,0.398469,0.579053,1.282396,2.531386,18.297900,466.391270,25.896503,5.521539,1.148530,0.385386,calls/second,milliseconds
