t,count,max,mean,min,stddev,p50,p75,p95,p98,p99,p999
1740830388,0,0,0.000000,0,0.000000,0.000000,0.000000,0.000000,0.000000,0.000000,0.000000
1740830398,14,6033,1996.020053,580,1607.253453,2413.000000,3047.000000,6033.000000,6033.000000,6033.000000,6033.000000
1740830406,27,10141,2028.376721,562,2140.865116,1433.000000,2944.000000,6033.000000,10141.000000,10141.000000,10141.000000
1740830407,27,10141,2028.376721,562,2140.865116,1433.000000,2944.000000,6033.000000,10141.000000,10141.000000,10141.000000
