t,count,max,mean,min,stddev,p50,p75,p95,p98,p99,p999,mean_rate,m1_rate,m5_rate,m15_rate,rate_unit,duration_unit
1740830388,5,52.857314,10.282283,0.012959,20.869585,0.028804,0.140354,52.857314,52.857314,52.857314,52.857314,0.445698,0.736036,0.786777,0.795568,calls/second,milliseconds
1740830398,44,52.857314,1.538162,0.006455,7.601659,0.081618,0.109325,2.042287,22.796100,52.857314,52.857314,2.081356,0.813655,0.800597,0.800067,calls/second,milliseconds
1740830406,534,52.857314,0.145558,0.002407,2.084329,0.031404,0.039222,0.096723,0.167981,0.215997,52.857314,18.291430,2.107844,1.068350,0.889817,calls/second,milliseconds
1740830407,534,52.857314,0.145558,0.002407,2.084329,0.031404,0.039222,0.096723,0.167981,0.215997,52.857314,18.266379,2.107844,1.068350,0.889817,calls/second,milliseconds
