t,count,max,mean,min,stddev,p50,p75,p95,p98,p99,p999
1740829985,0,0,0.000000,0,0.000000,0.000000,0.000000,0.000000,0.000000,0.000000,0.000000
1740829995,6,940,940.000000,940,0.000000,940.000000,940.000000,940.000000,940.000000,940.000000,940.000000
1740830003,8,940,719.048096,100,363.286062,940.000000,940.000000,940.000000,940.000000,940.000000,940.000000
1740830003,8,940,719.048096,100,363.286062,940.000000,940.000000,940.000000,940.000000,940.000000,940.000000
