t,count,max,mean,min,stddev,p50,p75,p95,p98,p99,p999,mean_rate,m1_rate,m5_rate,m15_rate,rate_unit,duration_unit
1740830922,4,29.527084,7.386012,0.002093,12.783154,0.009579,29.527084,29.527084,29.527084,29.527084,29.527084,0.355922,0.736036,0.786777,0.795568,calls/second,milliseconds
1740830932,42,29.527084,0.983997,0.000579,4.825990,0.005134,0.008942,0.017070,18.979960,29.527084,29.527084,1.987967,0.830925,0.803958,0.801182,calls/second,milliseconds
1740830940,539,29.527084,0.072301,0.000167,1.280690,0.004098,0.005511,0.009490,0.026901,0.065544,29.527084,18.119412,2.139724,1.074961,0.892034,calls/second,milliseconds
1740830940,539,29.527084,0.072301,0.000167,1.280690,0.004098,0.005511,0.009490,0.026901,0.065544,29.527084,18.098449,2.139724,1.074961,0.892034,calls/second,milliseconds
