t,count,max,mean,min,stddev,p50,p75,p95,p98,p99,p999,mean_rate,m1_rate,m5_rate,m15_rate,rate_unit,duration_unit
1740830640,4,98.420520,45.562824,14.001674,32.749041,46.601830,98.420520,98.420520,98.420520,98.420520,98.420520,0.282504,0.736036,0.786777,0.795568,calls/second,milliseconds
1740830650,14,98.420520,13.082013,0.000810,24.830449,0.004888,23.227272,98.420520,98.420520,98.420520,98.420520,0.581354,0.639032,0.764289,0.787885,calls/second,milliseconds
1740830661,345,178.261444,1.950303,0.000810,11.460236,0.320995,0.552685,2.740558,20.824143,47.473000,178.261444,10.128556,3.093763,1.270523,0.957468,calls/second,milliseconds
1740830671,1631,178.261444,0.494298,0.000938,5.189448,0.194473,0.290951,0.758346,1.894883,3.462411,25.058896,37.022141,16.783445,4.257229,1.967774,calls/second,milliseconds
1740830681,3829,6.199388,0.189744,0.002815,0.317730,0.127629,0.187260,0.422973,0.758346,1.253888,4.918262,70.861640,47.717087,11.192971,4.326178,calls/second,milliseconds
1740830691,6219,6.199388,0.145773,0.002933,0.212223,0.111308,0.144868,0.314676,0.445477,0.614106,2.233475,97.112559,62.916777,15.685416,5.918967,calls/second,milliseconds
1740830694,7606,6.199388,0.128066,0.003525,0.198630,0.099311,0.131865,0.271162,0.397172,0.514204,2.233475,113.510788,88.573183,21.769815,8.012485,calls/second,milliseconds
1740830694,7607,6.199388,0.128055,0.003525,0.198598,0.099311,0.131865,0.271162,0.397172,0.514204,2.233475,113.430233,88.573183,21.769815,8.012485,calls/second,milliseconds
