t,count,max,mean,min,stddev,p50,p75,p95,p98,p99,p999,mean_rate,m1_rate,m5_rate,m15_rate,rate_unit,duration_unit
1740833843,4,62.706984,15.692402,0.013873,27.143883,0.033910,62.706984,62.706984,62.706984,62.706984,62.706984,0.350168,0.736036,0.786777,0.795568,calls/second,milliseconds
1740833853,15,62.706984,5.560070,0.008497,15.680272,0.015101,0.083288,62.706984,62.706984,62.706984,62.706984,0.704200,0.655023,0.767595,0.788993,calls/second,milliseconds
1740833863,228,62.706984,0.356264,0.003794,3.936216,0.028245,0.040187,0.107707,0.537692,1.330698,62.706984,7.273669,3.413723,1.347129,0.983754,calls/second,milliseconds
1740833870,1050,30.314086,0.048124,0.002296,0.838024,0.019360,0.025064,0.054203,0.089872,0.130803,1.330698,27.319066,6.099133,1.936419,1.183289,calls/second,milliseconds
1740833870,1050,30.314086,0.048124,0.002296,0.838024,0.019360,0.025064,0.054203,0.089872,0.130803,1.330698,27.293025,6.099133,1.936419,1.183289,calls/second,milliseconds
