t,count,max,mean,min,stddev,p50,p75,p95,p98,p99,p999,mean_rate,m1_rate,m5_rate,m15_rate,rate_unit,duration_unit
1740835132,5,27.773341,5.404234,0.002089,10.987799,0.008476,0.013861,27.773341,27.773341,27.773341,27.773341,0.444197,0.736036,0.786777,0.795568,calls/second,milliseconds
1740835142,48,27.773341,0.915873,0.000377,4.616749,0.003607,0.007442,0.988055,21.884930,27.773341,27.773341,2.266359,0.813655,0.800597,0.800067,calls/second,milliseconds
1740835149,553,27.773341,0.077228,0.000377,1.307762,0.004641,0.006328,0.010844,0.037128,0.085679,27.773341,19.551596,2.203791,1.088184,0.896466,calls/second,milliseconds
1740835149,553,27.773341,0.077228,0.000377,1.307762,0.004641,0.006328,0.010844,0.037128,0.085679,27.773341,19.523677,2.203791,1.088184,0.896466,calls/second,milliseconds
