t,count,max,mean,min,stddev,p50,p75,p95,p98,p99,p999
1740835304,0,0,0.000000,0,0.000000,0.000000,0.000000,0.000000,0.000000,0.000000,0.000000
1740835314,10,4881,2063.512965,580,1582.412037,2652.000000,3646.000000,4881.000000,4881.000000,4881.000000,4881.000000
1740835324,32,6229,1792.148241,562,1684.206926,1328.000000,2652.000000,6229.000000,6229.000000,6229.000000,6229.000000
1740835326,32,6229,1792.148241,562,1684.206926,1328.000000,2652.000000,6229.000000,6229.000000,6229.000000,6229.000000
1740835326,32,6229,1792.148241,562,1684.206926,1328.000000,2652.000000,6229.000000,6229.000000,6229.000000,6229.000000
