t,count,max,mean,min,stddev,p50,p75,p95,p98,p99,p999
1740833279,0,0,0.000000,0,0.000000,0.000000,0.000000,0.000000,0.000000,0.000000,0.000000
1740833289,14,5345,1930.028651,580,1541.949427,1918.000000,2769.000000,5345.000000,5345.000000,5345.000000,5345.000000
1740833299,43,8587,1580.165404,562,1532.900352,1254.000000,1811.000000,4319.000000,8587.000000,8587.000000,8587.000000
1740833299,43,8587,1580.165404,562,1532.900352,1254.000000,1811.000000,4319.000000,8587.000000,8587.000000,8587.000000
