t,count,max,mean,min,stddev,p50,p75,p95,p98,p99,p999
1740830388,0,0,0.000000,0,0.000000,0.000000,0.000000,0.000000,0.000000,0.000000,0.000000
1740830398,48,554,106.164746,5,133.103234,50.000000,137.000000,354.000000,554.000000,554.000000,554.000000
1740830406,97,991,102.035588,1,162.583996,38.000000,128.000000,354.000000,800.000000,991.000000,991.000000
1740830407,97,991,102.035588,1,162.583996,38.000000,128.000000,354.000000,800.000000,991.000000,991.000000
