t,count,max,mean,min,stddev,p50,p75,p95,p98,p99,p999,mean_rate,m1_rate,m5_rate,m15_rate,rate_unit,duration_unit
1740829226,5,54.759933,21.221905,3.783728,18.757989,12.070773,30.302829,54.759933,54.759933,54.759933,54.759933,0.351804,0.736036,0.786777,0.795568,calls/second,milliseconds
1740829236,29,145.366229,11.091041,0.000973,28.446341,0.233859,7.711703,54.759933,145.366229,145.366229,145.366229,1.204606,0.653744,0.767540,0.788987,calls/second,milliseconds
1740829247,1404,30.302829,0.434774,0.000973,1.534248,0.238367,0.333839,0.916558,2.385945,4.509758,30.213356,41.205343,3.254621,1.306233,0.969583,calls/second,milliseconds
1740829248,1712,30.213356,0.373650,0.000973,1.316858,0.207642,0.311732,0.636999,2.030409,3.630719,22.818279,48.813110,27.524769,6.355601,2.663930,calls/second,milliseconds
1740829248,1712,30.213356,0.373650,0.000973,1.316858,0.207642,0.311732,0.636999,2.030409,3.630719,22.818279,48.770894,27.524769,6.355601,2.663930,calls/second,milliseconds
