t,count,max,mean,min,stddev,p50,p75,p95,p98,p99,p999,mean_rate,m1_rate,m5_rate,m15_rate,rate_unit,duration_unit
1740834748,4,64.547972,30.518374,7.106373,22.195760,35.410189,64.547972,64.547972,64.547972,64.547972,64.547972,0.282518,0.736036,0.786777,0.795568,calls/second,milliseconds
1740834758,15,367.696875,42.881901,0.045523,93.783610,9.525065,25.621009,367.696875,367.696875,367.696875,367.696875,0.623409,0.639032,0.764289,0.787885,calls/second,milliseconds
1740834768,384,367.696875,2.462310,0.045064,18.538683,0.632636,0.940918,3.550596,15.008962,35.410189,367.696875,11.275225,1.541346,0.949815,0.849983,calls/second,milliseconds
1740834776,2988,77.302377,0.606711,0.010920,2.592049,0.365625,0.653969,0.979671,2.043644,2.549644,29.867327,71.597396,35.661125,8.153399,3.273270,calls/second,milliseconds
1740834776,2989,77.302377,0.606187,0.010920,2.592055,0.364048,0.653969,0.979671,2.043644,2.549644,29.867327,71.507369,35.661125,8.153399,3.273270,calls/second,milliseconds
