t,count,max,mean,min,stddev,p50,p75,p95,p98,p99,p999
1740832311,0,0,0.000000,0,0.000000,0.000000,0.000000,0.000000,0.000000,0.000000,0.000000
1740832321,0,0,0.000000,0,0.000000,0.000000,0.000000,0.000000,0.000000,0.000000,0.000000
1740832331,14,1039,185.046632,22,245.040050,103.000000,221.000000,1039.000000,1039.000000,1039.000000,1039.000000
1740832341,42,1039,76.705979,9,153.536384,24.000000,88.000000,222.000000,1039.000000,1039.000000,1039.000000
1740832342,42,1039,76.705979,9,153.536384,24.000000,88.000000,222.000000,1039.000000,1039.000000,1039.000000
1740832342,42,1039,76.705979,9,153.536384,24.000000,88.000000,222.000000,1039.000000,1039.000000,1039.000000
