t,count,max,mean,min,stddev,p50,p75,p95,p98,p99,p999,mean_rate,m1_rate,m5_rate,m15_rate,rate_unit,duration_unit
1740833338,4,37.473912,9.383144,0.012000,16.218215,0.033967,37.473912,37.473912,37.473912,37.473912,37.473912,0.353295,0.736036,0.786777,0.795568,calls/second,milliseconds
1740833348,5,37.473912,7.065206,0.012000,14.613927,0.033967,0.092715,37.473912,37.473912,37.473912,37.473912,0.235766,0.639032,0.764289,0.787885,calls/second,milliseconds
1740833358,141,37.473912,0.395444,0.002779,3.242521,0.031238,0.045529,0.147690,0.786068,24.495386,37.473912,4.505586,1.866913,1.013552,0.871140,calls/second,milliseconds
1740833368,501,37.473912,0.123307,0.002151,1.637692,0.026875,0.034423,0.084686,0.201202,0.683590,37.473912,12.149830,5.549416,1.834372,1.149728,calls/second,milliseconds
1740833374,2764,24.495386,0.038197,0.001487,0.655653,0.017620,0.023367,0.039826,0.058251,0.092494,0.683590,57.911159,25.158570,5.949412,2.532828,calls/second,milliseconds
1740833375,2764,24.495386,0.038197,0.001487,0.655653,0.017620,0.023367,0.039826,0.058251,0.092494,0.683590,57.863543,25.158570,5.949412,2.532828,calls/second,milliseconds
