t,count,max,mean,min,stddev,p50,p75,p95,p98,p99,p999
1740833414,0,0,0.000000,0,0.000000,0.000000,0.000000,0.000000,0.000000,0.000000,0.000000
1740833424,37,686,98.012196,5,150.660667,47.000000,118.000000,490.000000,686.000000,686.000000,686.000000
1740833434,163,711,93.899720,1,142.716906,38.000000,141.000000,413.000000,663.000000,686.000000,711.000000
1740833436,189,711,83.722923,1,134.619230,19.000000,129.000000,413.000000,663.000000,663.000000,711.000000
1740833436,189,711,83.722923,1,134.619230,19.000000,129.000000,413.000000,663.000000,663.000000,711.000000
