t,count,max,mean,min,stddev,p50,p75,p95,p98,p99,p999,mean_rate,m1_rate,m5_rate,m15_rate,rate_unit,duration_unit
1740831829,0,0.000000,0.000000,0.000000,0.000000,0.000000,0.000000,0.000000,0.000000,0.000000,0.000000,0.000000,0.000000,0.000000,0.000000,calls/second,milliseconds
1740831839,0,0.000000,0.000000,0.000000,0.000000,0.000000,0.000000,0.000000,0.000000,0.000000,0.000000,0.000000,0.000000,0.000000,0.000000,calls/second,milliseconds
1740831849,454,353.550024,2.147465,0.073898,18.208925,0.443352,0.656280,1.668295,6.695211,38.547699,353.550024,14.664740,3.859622,0.799545,0.268094,calls/second,milliseconds
1740831849,454,353.550024,2.147465,0.073898,18.208925,0.443352,0.656280,1.668295,6.695211,38.547699,353.550024,14.647011,3.859622,0.799545,0.268094,calls/second,milliseconds
