t,count,max,mean,min,stddev,p50,p75,p95,p98,p99,p999
1740834520,0,0,0.000000,0,0.000000,0.000000,0.000000,0.000000,0.000000,0.000000,0.000000
1740834530,7,11227,5017.937616,1586,3012.008414,4406.000000,6983.000000,11227.000000,11227.000000,11227.000000,11227.000000
1740834540,21,17631,5818.413287,1034,5508.958629,4350.000000,6986.000000,17631.000000,17631.000000,17631.000000,17631.000000
1740834542,23,17631,5366.869294,993,5413.990840,3858.000000,6986.000000,17631.000000,17631.000000,17631.000000,17631.000000
1740834542,23,17631,5366.869294,993,5413.990840,3858.000000,6986.000000,17631.000000,17631.000000,17631.000000,17631.000000
