t,count,max,mean,min,stddev,p50,p75,p95,p98,p99,p999,mean_rate,m1_rate,m5_rate,m15_rate,rate_unit,duration_unit
1740834816,4,26.376094,6.598048,0.002751,11.418861,0.010117,26.376094,26.376094,26.376094,26.376094,26.376094,0.354204,0.736036,0.786777,0.795568,calls/second,milliseconds
1740834822,5,26.376094,5.008799,0.002751,10.338847,0.008209,0.010117,26.376094,26.376094,26.376094,26.376094,0.292489,0.677185,0.773773,0.791160,calls/second,milliseconds
1740834822,5,26.376094,5.008799,0.002751,10.338847,0.008209,0.010117,26.376094,26.376094,26.376094,26.376094,0.291895,0.677185,0.773773,0.791160,calls/second,milliseconds
