t,count,max,mean,min,stddev,p50,p75,p95,p98,p99,p999,mean_rate,m1_rate,m5_rate,m15_rate,rate_unit,duration_unit
1740834108,4,69.981746,32.338814,7.293857,23.905706,35.049163,69.981746,69.981746,69.981746,69.981746,69.981746,0.279907,0.736036,0.786777,0.795568,calls/second,milliseconds
1740834118,16,318.050728,32.416995,0.007986,78.715405,6.847635,22.601369,318.050728,318.050728,318.050728,318.050728,0.661623,0.623041,0.760984,0.786777,calls/second,milliseconds
1740834127,555,318.050728,1.397820,0.005380,13.375173,0.268546,0.343595,1.415017,7.609168,26.514658,318.050728,16.501210,1.401159,0.920226,0.840029,calls/second,milliseconds
1740834127,555,318.050728,1.397820,0.005380,13.375173,0.268546,0.343595,1.415017,7.609168,26.514658,318.050728,16.483950,1.401159,0.920226,0.840029,calls/second,milliseconds
