t,count,max,mean,min,stddev,p50,p75,p95,p98,p99,p999
1740830518,0,0,0.000000,0,0.000000,0.000000,0.000000,0.000000,0.000000,0.000000,0.000000
1740830529,10,6748,2098.483518,580,1927.303332,1506.000000,3241.000000,6748.000000,6748.000000,6748.000000,6748.000000
1740830535,23,10644,2069.979541,562,2386.000661,1443.000000,3095.000000,6748.000000,10644.000000,10644.000000,10644.000000
1740830535,23,10644,2069.979541,562,2386.000661,1443.000000,3095.000000,6748.000000,10644.000000,10644.000000,10644.000000
