t,count,max,mean,min,stddev,p50,p75,p95,p98,p99,p999,mean_rate,m1_rate,m5_rate,m15_rate,rate_unit,duration_unit
1740829616,4,74.719994,31.608289,5.095593,26.381838,29.816462,74.719994,74.719994,74.719994,74.719994,74.719994,0.282138,0.736036,0.786777,0.795568,calls/second,milliseconds
1740829626,42,164.879456,12.000742,0.019667,33.692505,0.204469,1.895094,74.719994,164.879456,164.879456,164.879456,1.746132,0.653744,0.767540,0.788987,calls/second,milliseconds
1740829635,539,164.879456,1.950077,0.019667,10.451418,0.593988,0.819205,2.916761,16.801106,34.715993,164.879456,16.795143,2.456991,1.143652,0.915222,calls/second,milliseconds
1740829635,539,164.879456,1.950077,0.019667,10.451418,0.593988,0.819205,2.916761,16.801106,34.715993,164.879456,16.778629,2.456991,1.143652,0.915222,calls/second,milliseconds
