t,count,max,mean,min,stddev,p50,p75,p95,p98,p99,p999,mean_rate,m1_rate,m5_rate,m15_rate,rate_unit,duration_unit
1740834816,4,65.188470,34.758081,6.630092,23.789165,50.097100,65.188470,65.188470,65.188470,65.188470,65.188470,0.282953,0.736036,0.786777,0.795568,calls/second,milliseconds
1740834822,5,65.188470,26.413915,0.158901,25.466027,17.116661,50.097100,65.188470,65.188470,65.188470,65.188470,0.250771,0.677185,0.773773,0.791160,calls/second,milliseconds
1740834822,5,65.188470,26.413915,0.158901,25.466027,17.116661,50.097100,65.188470,65.188470,65.188470,65.188470,0.250313,0.677185,0.773773,0.791160,calls/second,milliseconds
