t,count,max,mean,min,stddev,p50,p75,p95,p98,p99,p999,mean_rate,m1_rate,m5_rate,m15_rate,rate_unit,duration_unit
1740833279,5,70.647880,26.429974,6.374804,23.358347,20.009464,29.969983,70.647880,70.647880,70.647880,70.647880,0.352458,0.736036,0.786777,0.795568,calls/second,milliseconds
1740833289,28,267.725134,18.428678,0.005447,51.433597,0.233264,20.009464,70.647880,267.725134,267.725134,267.725134,1.162160,0.653744,0.767540,0.788987,calls/second,milliseconds
1740833299,904,267.725134,0.852800,0.005447,8.885395,0.248463,0.329105,0.775869,2.754861,13.001814,70.647880,27.104922,2.236303,1.094886,0.898693,calls/second,milliseconds
1740833299,904,267.725134,0.852800,0.005447,8.885395,0.248463,0.329105,0.775869,2.754861,13.001814,70.647880,27.071887,2.236303,1.094886,0.898693,calls/second,milliseconds
