t,count,max,mean,min,stddev,p50,p75,p95,p98,p99,p999,mean_rate,m1_rate,m5_rate,m15_rate,rate_unit,duration_unit
1740831891,4,40.355060,10.104255,0.012909,17.465312,0.033754,40.355060,40.355060,40.355060,40.355060,40.355060,0.348700,0.736036,0.786777,0.795568,calls/second,milliseconds
1740831901,6,40.355060,12.022586,0.012909,16.631576,0.086903,29.551704,40.355060,40.355060,40.355060,40.355060,0.281143,0.655023,0.767595,0.788993,calls/second,milliseconds
1740831911,328,40.355060,0.209595,0.006993,2.345897,0.032362,0.042455,0.126933,0.499421,1.030294,40.355060,10.455280,1.703916,0.982982,0.861075,calls/second,milliseconds
1740831912,485,40.355060,0.152339,0.003581,1.921519,0.030857,0.040038,0.100534,0.213997,0.607444,40.355060,15.048469,1.703916,0.982982,0.861075,calls/second,milliseconds
1740831912,485,40.355060,0.152339,0.003581,1.921519,0.030857,0.040038,0.100534,0.213997,0.607444,40.355060,15.027310,1.703916,0.982982,0.861075,calls/second,milliseconds
