t,count,max,mean,min,stddev,p50,p75,p95,p98,p99,p999,mean_rate,m1_rate,m5_rate,m15_rate,rate_unit,duration_unit
1740832451,4,85.310627,38.882946,5.982905,29.267935,39.083579,85.310627,85.310627,85.310627,85.310627,85.310627,0.269554,0.736036,0.786777,0.795568,calls/second,milliseconds
1740832461,6,188.191355,63.906262,5.982905,67.424291,39.083579,85.310627,188.191355,188.191355,188.191355,188.191355,0.242749,0.639032,0.764289,0.787885,calls/second,milliseconds
1740832471,47,385.014590,17.814831,0.055560,60.652421,0.289204,6.953264,85.310627,385.014590,385.014590,385.014590,1.348602,0.699561,0.772235,0.790254,calls/second,milliseconds
1740832481,736,385.014590,1.954718,0.050778,15.360972,0.494579,0.773901,3.335232,8.975016,25.154674,385.014590,16.451990,4.229208,1.505483,1.036172,calls/second,milliseconds
1740832491,1713,29.586851,0.609637,0.024782,1.358751,0.378345,0.561793,1.480499,3.307469,5.982905,16.646271,31.302287,18.086821,4.564670,2.073033,calls/second,milliseconds
1740832499,2528,16.646271,0.513440,0.014944,0.975591,0.373816,0.515515,1.060635,2.037465,3.980833,14.667240,40.683759,29.744770,7.512609,3.094997,calls/second,milliseconds
1740832499,2528,16.646271,0.513440,0.014944,0.975591,0.373816,0.515515,1.060635,2.037465,3.980833,14.667240,40.662050,29.744770,7.512609,3.094997,calls/second,milliseconds
