t,count,max,mean,min,stddev,p50,p75,p95,p98,p99,p999
1740831956,0,0,0.000000,0,0.000000,0.000000,0.000000,0.000000,0.000000,0.000000,0.000000
1740831966,2,1254,970.500000,687,283.500000,1254.000000,1254.000000,1254.000000,1254.000000,1254.000000,1254.000000
1740831976,25,7510,1854.009523,562,1769.684628,1254.000000,2652.000000,5247.000000,7510.000000,7510.000000,7510.000000
1740831983,56,7510,1743.677852,562,1707.006266,1254.000000,1750.000000,5496.000000,7503.000000,7510.000000,7510.000000
1740831983,56,7510,1743.677852,562,1707.006266,1254.000000,1750.000000,5496.000000,7503.000000,7510.000000,7510.000000
