t,count,max,mean,min,stddev,p50,p75,p95,p98,p99,p999
1740833537,0,0,0.000000,0,0.000000,0.000000,0.000000,0.000000,0.000000,0.000000,0.000000
1740833547,49,766,132.647743,5,186.725813,47.000000,175.000000,540.000000,766.000000,766.000000,766.000000
1740833557,159,1058,93.866511,1,174.480690,10.000000,89.000000,502.000000,766.000000,834.000000,1058.000000
1740833559,167,1058,93.156572,1,171.666167,10.000000,89.000000,502.000000,766.000000,834.000000,1058.000000
1740833559,167,1058,93.156572,1,171.666167,10.000000,89.000000,502.000000,766.000000,834.000000,1058.000000
