t,count,max,mean,min,stddev,p50,p75,p95,p98,p99,p999,mean_rate,m1_rate,m5_rate,m15_rate,rate_unit,duration_unit
1740830978,4,83.650407,34.028807,7.313390,29.539443,27.672351,83.650407,83.650407,83.650407,83.650407,83.650407,0.285740,0.736036,0.786777,0.795568,calls/second,milliseconds
1740830982,5,83.650407,26.058032,0.214096,29.544735,17.479079,27.672351,83.650407,83.650407,83.650407,83.650407,0.294170,0.677185,0.773773,0.791160,calls/second,milliseconds
1740830982,5,83.650407,26.058032,0.214096,29.544735,17.479079,27.672351,83.650407,83.650407,83.650407,83.650407,0.293558,0.677185,0.773773,0.791160,calls/second,milliseconds
