t,count,max,mean,min,stddev,p50,p75,p95,p98,p99,p999
1740830212,0,0,0.000000,0,0.000000,0.000000,0.000000,0.000000,0.000000,0.000000,0.000000
1740830222,8,752,215.523087,81,206.314467,136.000000,254.000000,752.000000,752.000000,752.000000,752.000000
1740830230,15,752,128.673807,13,172.719474,109.000000,136.000000,752.000000,752.000000,752.000000,752.000000
1740830230,15,752,128.673807,13,172.719474,109.000000,136.000000,752.000000,752.000000,752.000000,752.000000
