t,count,max,mean,min,stddev,p50,p75,p95,p98,p99,p999
1740831694,0,0,0.000000,0,0.000000,0.000000,0.000000,0.000000,0.000000,0.000000,0.000000
1740831704,0,0,0.000000,0,0.000000,0.000000,0.000000,0.000000,0.000000,0.000000,0.000000
1740831714,12,6080,1995.260397,580,1694.043542,1506.000000,3241.000000,6080.000000,6080.000000,6080.000000,6080.000000
1740831722,27,11543,2003.737691,562,2347.328462,1443.000000,3023.000000,6080.000000,11543.000000,11543.000000,11543.000000
1740831722,27,11543,2003.737691,562,2347.328462,1443.000000,3023.000000,6080.000000,11543.000000,11543.000000,11543.000000
