t,count,max,mean,min,stddev,p50,p75,p95,p98,p99,p999
1740829858,0,0,0.000000,0,0.000000,0.000000,0.000000,0.000000,0.000000,0.000000,0.000000
1740829869,9,12428,5737.443053,2218,2916.500711,5335.000000,6580.000000,12428.000000,12428.000000,12428.000000,12428.000000
1740829879,25,27495,8708.522420,1035,9092.117574,3942.000000,12428.000000,27495.000000,27495.000000,27495.000000,27495.000000
1740829889,27,27495,8018.854682,993,8935.882629,3538.000000,12428.000000,27495.000000,27495.000000,27495.000000,27495.000000
1740829890,27,27495,8018.854682,993,8935.882629,3538.000000,12428.000000,27495.000000,27495.000000,27495.000000,27495.000000
1740829890,27,27495,8018.854682,993,8935.882629,3538.000000,12428.000000,27495.000000,27495.000000,27495.000000,27495.000000
