t,count,max,mean,min,stddev,p50,p75,p95,p98,p99,p999
1740835075,0,0,0.000000,0,0.000000,0.000000,0.000000,0.000000,0.000000,0.000000,0.000000
1740835085,8,5215,1910.439856,580,1605.678202,1487.000000,3091.000000,5215.000000,5215.000000,5215.000000,5215.000000
1740835093,23,8642,1793.187314,562,1890.515777,1433.000000,1981.000000,5215.000000,8642.000000,8642.000000,8642.000000
1740835093,23,8642,1793.187314,562,1890.515777,1433.000000,1981.000000,5215.000000,8642.000000,8642.000000,8642.000000
