t,count,max,mean,min,stddev,p50,p75,p95,p98,p99,p999,mean_rate,m1_rate,m5_rate,m15_rate,rate_unit,duration_unit
1740831079,5,70.489471,23.670919,5.193205,24.194767,12.716482,26.329823,70.489471,70.489471,70.489471,70.489471,0.356633,0.736036,0.786777,0.795568,calls/second,milliseconds
1740831089,38,278.506403,13.229656,0.000803,46.230622,0.118705,5.193205,30.720021,278.506403,278.506403,278.506403,1.582683,0.653744,0.767540,0.788987,calls/second,milliseconds
1740831099,1313,278.506403,0.808766,0.000943,8.754381,0.230442,0.314007,0.945401,2.437116,7.143339,70.489471,38.693690,2.383429,1.127397,0.909712,calls/second,milliseconds
1740831101,1719,278.506403,0.759610,0.005233,8.706071,0.193926,0.288193,0.787606,2.065434,4.313281,70.489471,48.297287,26.195527,6.070632,2.567826,calls/second,milliseconds
1740831101,1719,278.506403,0.759610,0.005233,8.706071,0.193926,0.288193,0.787606,2.065434,4.313281,70.489471,48.246568,26.195527,6.070632,2.567826,calls/second,milliseconds
