t,count,max,mean,min,stddev,p50,p75,p95,p98,p99,p999
1740833965,0,0,0.000000,0,0.000000,0.000000,0.000000,0.000000,0.000000,0.000000,0.000000
1740833975,8,767,175.402433,26,225.653615,112.000000,120.000000,767.000000,767.000000,767.000000,767.000000
1740833985,25,767,95.268817,16,140.174761,53.000000,115.000000,207.000000,767.000000,767.000000,767.000000
1740833995,27,767,88.247530,15,135.435241,52.000000,112.000000,207.000000,767.000000,767.000000,767.000000
1740833995,27,767,88.247530,15,135.435241,52.000000,112.000000,207.000000,767.000000,767.000000,767.000000
1740833995,27,767,88.247530,15,135.435241,52.000000,112.000000,207.000000,767.000000,767.000000,767.000000
