t,count,max,mean,min,stddev,p50,p75,p95,p98,p99,p999,mean_rate,m1_rate,m5_rate,m15_rate,rate_unit,duration_unit
1740832674,4,80.842730,45.119710,21.651863,22.205755,44.925654,80.842730,80.842730,80.842730,80.842730,80.842730,0.268735,0.736036,0.786777,0.795568,calls/second,milliseconds
1740832684,5,80.842730,35.685823,6.879278,25.361525,33.058594,44.925654,80.842730,80.842730,80.842730,80.842730,0.202058,0.623041,0.760984,0.786777,calls/second,milliseconds
1740832694,127,217.150593,5.429639,0.001055,22.352033,0.349041,0.974627,37.758335,69.236570,80.842730,217.150593,3.653371,0.940604,0.821875,0.806880,calls/second,milliseconds
1740832704,2162,80.842730,0.346017,0.004611,2.397227,0.160250,0.238059,0.447037,1.049021,1.782015,33.058594,48.261650,28.407856,6.535144,2.723884,calls/second,milliseconds
1740832709,3100,80.842730,0.307480,0.004831,2.314073,0.142789,0.209237,0.400791,0.702026,1.422891,33.058594,63.123904,33.572359,7.964283,3.224027,calls/second,milliseconds
1740832709,3101,80.842730,0.307480,0.004831,2.314073,0.142789,0.209237,0.400791,0.702026,1.422891,33.058594,63.082027,33.572359,7.964283,3.224027,calls/second,milliseconds
