t,count,max,mean,min,stddev,p50,p75,p95,p98,p99,p999
1740834279,0,0,0.000000,0,0.000000,0.000000,0.000000,0.000000,0.000000,0.000000,0.000000
1740834289,10,3217,1777.349911,580,1196.331818,2364.000000,3009.000000,3217.000000,3217.000000,3217.000000,3217.000000
1740834297,27,10135,2045.397467,562,2211.993313,1443.000000,2990.000000,7154.000000,10135.000000,10135.000000,10135.000000
1740834297,27,10135,2045.397467,562,2211.993313,1443.000000,2990.000000,7154.000000,10135.000000,10135.000000,10135.000000
