t,count,max,mean,min,stddev,p50,p75,p95,p98,p99,p999,mean_rate,m1_rate,m5_rate,m15_rate,rate_unit,duration_unit
1740833537,4,24.212769,6.057132,0.002259,10.482163,0.010980,24.212769,24.212769,24.212769,24.212769,24.212769,0.354766,0.736036,0.786777,0.795568,calls/second,milliseconds
1740833547,27,24.212769,1.479316,0.000818,5.565945,0.004711,0.007648,20.904939,24.212769,24.212769,24.212769,1.275671,0.797664,0.797292,0.798959,calls/second,milliseconds
1740833557,516,24.212769,0.071114,0.000329,1.207235,0.004660,0.006154,0.009749,0.026615,0.042343,24.212769,16.558423,6.121822,1.908618,1.172064,calls/second,milliseconds
1740833559,904,24.212769,0.042175,0.000149,0.903156,0.004631,0.006023,0.009350,0.017110,0.040964,20.904939,27.233232,6.121822,1.908618,1.172064,calls/second,milliseconds
1740833559,904,24.212769,0.042175,0.000149,0.903156,0.004631,0.006023,0.009350,0.017110,0.040964,20.904939,27.199389,6.121822,1.908618,1.172064,calls/second,milliseconds
