t,count,max,mean,min,stddev,p50,p75,p95,p98,p99,p999
1740831325,0,0,0.000000,0,0.000000,0.000000,0.000000,0.000000,0.000000,0.000000,0.000000
1740831335,5,874,847.600000,841,13.200000,841.000000,841.000000,874.000000,874.000000,874.000000,874.000000
1740831344,14,874,317.116446,19,378.511961,52.000000,841.000000,874.000000,874.000000,874.000000,874.000000
1740831344,14,874,317.116446,19,378.511961,52.000000,841.000000,874.000000,874.000000,874.000000,874.000000
