t,count,max,mean,min,stddev,p50,p75,p95,p98,p99,p999,mean_rate,m1_rate,m5_rate,m15_rate,rate_unit,duration_unit
1740829406,4,65.116183,29.007870,9.027240,21.574708,24.737778,65.116183,65.116183,65.116183,65.116183,65.116183,0.278286,0.736036,0.786777,0.795568,calls/second,milliseconds
1740829416,9,161.646400,33.072506,0.115125,51.299361,9.249694,24.737778,161.646400,161.646400,161.646400,161.646400,0.370801,0.623041,0.760984,0.786777,calls/second,milliseconds
1740829427,108,161.646400,5.637888,0.014128,21.266452,0.254756,0.727335,36.972580,65.116183,140.211557,161.646400,3.130774,1.492622,0.937247,0.845624,calls/second,milliseconds
1740829436,1056,161.646400,1.244671,0.014128,5.690380,0.561935,0.859248,2.996953,8.375573,12.876940,75.400021,23.846449,6.572581,2.019752,1.210334,calls/second,milliseconds
1740829447,2777,75.400021,0.634604,0.014128,2.610553,0.366617,0.523309,1.110140,2.590354,6.985478,21.329452,51.066400,34.007168,7.986293,3.227937,calls/second,milliseconds
1740829450,3162,21.329452,0.566731,0.024752,1.257052,0.365929,0.581000,1.191692,1.928296,5.438563,18.829427,54.736446,41.154624,9.893914,3.893709,calls/second,milliseconds
1740829451,3164,21.329452,0.566731,0.024752,1.257052,0.365929,0.581000,1.191692,1.928296,5.438563,18.829427,54.731633,41.154624,9.893914,3.893709,calls/second,milliseconds
