t,count,max,mean,min,stddev,p50,p75,p95,p98,p99,p999,mean_rate,m1_rate,m5_rate,m15_rate,rate_unit,duration_unit
1740834211,4,92.210437,37.768875,8.010932,32.469903,31.044852,92.210437,92.210437,92.210437,92.210437,92.210437,0.281507,0.736036,0.786777,0.795568,calls/second,milliseconds
1740834221,10,164.815113,32.748427,0.023300,52.353374,8.592820,31.044852,164.815113,164.815113,164.815113,164.815113,0.415355,0.623041,0.760984,0.786777,calls/second,milliseconds
1740834231,117,168.230408,6.248363,0.018828,23.758786,0.368614,1.030773,31.416246,92.210437,164.815113,168.230408,3.427714,1.857861,1.013169,0.871097,calls/second,milliseconds
1740834240,1822,168.230408,0.738086,0.010074,5.487937,0.331144,0.520677,1.221980,3.005118,4.670937,66.835891,42.698270,22.730855,5.366602,2.332561,calls/second,milliseconds
1740834240,1822,168.230408,0.738086,0.010074,5.487937,0.331144,0.520677,1.221980,3.005118,4.670937,66.835891,42.652948,22.730855,5.366602,2.332561,calls/second,milliseconds
