t,count,max,mean,min,stddev,p50,p75,p95,p98,p99,p999,mean_rate,m1_rate,m5_rate,m15_rate,rate_unit,duration_unit
1740831694,4,23.148189,5.791260,0.002845,10.021028,0.011111,23.148189,23.148189,23.148189,23.148189,23.148189,0.342107,0.736036,0.786777,0.795568,calls/second,milliseconds
1740831704,5,23.148189,4.363963,0.002845,9.048081,0.005688,0.011111,23.148189,23.148189,23.148189,23.148189,0.232549,0.639032,0.764289,0.787885,calls/second,milliseconds
1740831714,39,48.012420,1.590096,0.000497,7.968893,0.005165,0.008667,0.022978,48.012420,48.012420,48.012420,1.237952,0.699561,0.772235,0.790254,calls/second,milliseconds
1740831722,517,48.012420,0.110046,0.000497,2.062388,0.004734,0.006535,0.012612,0.026598,0.123408,48.012420,13.074472,1.539130,0.944591,0.847925,calls/second,milliseconds
1740831722,517,48.012420,0.110046,0.000497,2.062388,0.004734,0.006535,0.012612,0.026598,0.123408,48.012420,13.062264,1.539130,0.944591,0.847925,calls/second,milliseconds
