t,count,max,mean,min,stddev,p50,p75,p95,p98,p99,p999,mean_rate,m1_rate,m5_rate,m15_rate,rate_unit,duration_unit
1740834336,4,33.499491,8.378835,0.002321,14.503418,0.010889,33.499491,33.499491,33.499491,33.499491,33.499491,0.351909,0.736036,0.786777,0.795568,calls/second,milliseconds
1740834346,6,33.499491,9.844982,0.002321,13.656020,0.010889,23.729156,33.499491,33.499491,33.499491,33.499491,0.282936,0.639032,0.764289,0.787885,calls/second,milliseconds
1740834356,190,33.499491,0.238393,0.000209,2.571939,0.003700,0.006763,0.032758,0.050679,0.086020,33.499491,6.014096,2.764378,1.211867,0.938355,calls/second,milliseconds
1740834363,1883,33.499491,0.026626,0.000209,0.813755,0.004403,0.005530,0.007720,0.010029,0.050049,1.925073,49.171846,11.434411,3.029811,1.549221,calls/second,milliseconds
1740834363,1883,33.499491,0.026626,0.000209,0.813755,0.004403,0.005530,0.007720,0.010029,0.050049,1.925073,49.117081,11.434411,3.029811,1.549221,calls/second,milliseconds
