t,count,max,mean,min,stddev,p50,p75,p95,p98,p99,p999,mean_rate,m1_rate,m5_rate,m15_rate,rate_unit,duration_unit
1740831694,0,0.000000,0.000000,0.000000,0.000000,0.000000,0.000000,0.000000,0.000000,0.000000,0.000000,0.000000,0.000000,0.000000,0.000000,calls/second,milliseconds
1740831704,0,0.000000,0.000000,0.000000,0.000000,0.000000,0.000000,0.000000,0.000000,0.000000,0.000000,0.000000,0.000000,0.000000,0.000000,calls/second,milliseconds
1740831714,17,531.998547,45.343967,0.007195,126.248966,0.103973,19.544869,531.998547,531.998547,531.998547,531.998547,0.542741,0.000000,0.000000,0.000000,calls/second,milliseconds
1740831722,462,531.998547,2.823347,0.007195,25.545097,0.504371,0.733650,2.636396,19.544869,68.117839,531.998547,11.737297,0.463742,0.095866,0.032133,calls/second,milliseconds
1740831722,462,531.998547,2.823347,0.007195,25.545097,0.504371,0.733650,2.636396,19.544869,68.117839,531.998547,11.726141,0.463742,0.095866,0.032133,calls/second,milliseconds
