t,count,max,mean,min,stddev,p50,p75,p95,p98,p99,p999,mean_rate,m1_rate,m5_rate,m15_rate,rate_unit,duration_unit
1740831505,4,32.130308,8.077291,0.040921,13.887033,0.094948,32.130308,32.130308,32.130308,32.130308,32.130308,0.355439,0.736036,0.786777,0.795568,calls/second,milliseconds
1740831515,37,32.130308,1.455260,0.018829,5.923756,0.042988,0.084530,3.491786,32.130308,32.130308,32.130308,1.749116,1.150747,0.870072,0.823342,calls/second,milliseconds
1740831521,523,32.130308,0.128263,0.007559,1.526046,0.027429,0.034242,0.088526,0.147589,0.402043,32.130308,19.568153,2.066179,1.063951,0.888587,calls/second,milliseconds
1740831521,523,32.130308,0.128263,0.007559,1.526046,0.027429,0.034242,0.088526,0.147589,0.402043,32.130308,19.541289,2.066179,1.063951,0.888587,calls/second,milliseconds
