t,count,max,mean,min,stddev,p50,p75,p95,p98,p99,p999
1740830156,0,0,0.000000,0,0.000000,0.000000,0.000000,0.000000,0.000000,0.000000,0.000000
1740830167,33,380,85.983628,5,107.523931,47.000000,128.000000,356.000000,380.000000,380.000000,380.000000
1740830174,80,1107,83.873759,1,157.383962,23.000000,118.000000,353.000000,628.000000,1107.000000,1107.000000
1740830174,80,1107,83.873759,1,157.383962,23.000000,118.000000,353.000000,628.000000,1107.000000,1107.000000
