t,count,max,mean,min,stddev,p50,p75,p95,p98,p99,p999
1740833843,0,0,0.000000,0,0.000000,0.000000,0.000000,0.000000,0.000000,0.000000,0.000000
1740833853,11,813,212.641985,132,189.030512,162.000000,168.000000,813.000000,813.000000,813.000000,813.000000
1740833863,21,813,132.934977,21,157.981362,136.000000,163.000000,180.000000,813.000000,813.000000,813.000000
1740833870,29,813,99.408723,13,141.451394,43.000000,146.000000,180.000000,813.000000,813.000000,813.000000
1740833870,29,813,99.408723,13,141.451394,43.000000,146.000000,180.000000,813.000000,813.000000,813.000000
