t,count,max,mean,min,stddev,p50,p75,p95,p98,p99,p999,mean_rate,m1_rate,m5_rate,m15_rate,rate_unit,duration_unit
1740831138,4,57.189798,28.056983,5.789673,19.094996,31.345610,57.189798,57.189798,57.189798,57.189798,57.189798,0.287209,0.736036,0.786777,0.795568,calls/second,milliseconds
1740831148,20,146.826168,15.660377,0.000965,33.952199,0.247163,17.902853,146.826168,146.826168,146.826168,146.826168,0.839310,0.655023,0.767595,0.788993,calls/second,milliseconds
1740831158,991,182.399692,0.917472,0.000965,7.889594,0.242356,0.308731,0.865983,2.885024,14.350633,146.826168,29.296944,2.177905,1.084530,0.895320,calls/second,milliseconds
1740831168,3626,13.266907,0.185136,0.000965,0.460446,0.126090,0.199188,0.351014,0.476937,0.775602,13.266907,82.740762,43.460230,9.873663,3.856216,calls/second,milliseconds
1740831168,3645,13.266907,0.184711,0.000965,0.460352,0.126054,0.198940,0.351014,0.476937,0.775602,13.266907,82.826172,43.460230,9.873663,3.856216,calls/second,milliseconds
1740831168,3646,13.266907,0.184690,0.000965,0.460342,0.126054,0.198940,0.351014,0.476937,0.775602,13.266907,82.787457,43.460230,9.873663,3.856216,calls/second,milliseconds
