t,count,max,mean,min,stddev,p50,p75,p95,p98,p99,p999,mean_rate,m1_rate,m5_rate,m15_rate,rate_unit,duration_unit
1740832386,4,36.823117,9.211250,0.003353,15.941720,0.014896,36.823117,36.823117,36.823117,36.823117,36.823117,0.344299,0.736036,0.786777,0.795568,calls/second,milliseconds
1740832396,6,36.823117,11.024823,0.003353,15.177226,0.014896,26.711742,36.823117,36.823117,36.823117,36.823117,0.279777,0.653744,0.767540,0.788987,calls/second,milliseconds
1740832406,98,36.823117,0.515495,0.000523,3.984860,0.005297,0.008916,0.050892,0.080131,26.711742,36.823117,3.114432,1.978537,1.044536,0.881987,calls/second,milliseconds
1740832408,532,36.823117,0.091860,0.000232,1.649573,0.004202,0.005801,0.011979,0.040916,0.076069,36.823117,15.652747,1.978537,1.044536,0.881987,calls/second,milliseconds
1740832408,532,36.823117,0.091860,0.000232,1.649573,0.004202,0.005801,0.011979,0.040916,0.076069,36.823117,15.635325,1.978537,1.044536,0.881987,calls/second,milliseconds
