t,count,max,mean,min,stddev,p50,p75,p95,p98,p99,p999
1740834336,0,0,0.000000,0,0.000000,0.000000,0.000000,0.000000,0.000000,0.000000,0.000000
1740834346,2,1506,1096.500000,687,409.500000,1506.000000,1506.000000,1506.000000,1506.000000,1506.000000,1506.000000
1740834356,52,11098,2682.788652,562,2923.753330,1613.000000,3169.000000,11090.000000,11098.000000,11098.000000,11098.000000
1740834363,56,11098,2574.417557,562,2838.056557,1613.000000,3112.000000,11090.000000,11098.000000,11098.000000,11098.000000
1740834363,56,11098,2574.417557,562,2838.056557,1613.000000,3112.000000,11090.000000,11098.000000,11098.000000,11098.000000
