t,count,max,mean,min,stddev,p50,p75,p95,p98,p99,p999,mean_rate,m1_rate,m5_rate,m15_rate,rate_unit,duration_unit
1740835188,4,32.008945,8.006340,0.002539,13.857911,0.010540,32.008945,32.008945,32.008945,32.008945,32.008945,0.353290,0.736036,0.786777,0.795568,calls/second,milliseconds
1740835198,47,32.008945,0.951312,0.000558,4.874385,0.003406,0.006175,1.063910,19.675566,32.008945,32.008945,2.215678,0.813655,0.800597,0.800067,calls/second,milliseconds
1740835208,217,32.008945,0.197721,0.000497,2.185613,0.005149,0.007656,0.067063,0.380208,1.063910,32.008945,6.952529,3.342693,1.341430,0.982376,calls/second,milliseconds
1740835213,627,32.008945,0.067348,0.000121,1.234963,0.004869,0.006552,0.010974,0.067806,0.170225,32.008945,17.393258,7.760823,2.287831,1.301586,calls/second,milliseconds
1740835213,627,32.008945,0.067348,0.000121,1.234963,0.004869,0.006552,0.010974,0.067806,0.170225,32.008945,17.375262,7.760823,2.287831,1.301586,calls/second,milliseconds
