t,count,max,mean,min,stddev,p50,p75,p95,p98,p99,p999,mean_rate,m1_rate,m5_rate,m15_rate,rate_unit,duration_unit
1740834108,4,31.361317,7.862715,0.013318,13.566939,0.062687,31.361317,31.361317,31.361317,31.361317,31.361317,0.354156,0.736036,0.786777,0.795568,calls/second,milliseconds
1740834118,16,31.361317,3.196260,0.013318,8.817658,0.064275,0.079439,31.361317,31.361317,31.361317,31.361317,0.755178,0.687005,0.774206,0.791209,calls/second,milliseconds
1740834127,555,31.361317,0.116766,0.001637,1.458020,0.026943,0.033215,0.077234,0.117860,0.204856,31.361317,18.114324,6.505309,1.980106,1.195566,calls/second,milliseconds
1740834127,555,31.361317,0.116766,0.001637,1.458020,0.026943,0.033215,0.077234,0.117860,0.204856,31.361317,18.094201,6.505309,1.980106,1.195566,calls/second,milliseconds
