t,count,max,mean,min,stddev,p50,p75,p95,p98,p99,p999,mean_rate,m1_rate,m5_rate,m15_rate,rate_unit,duration_unit
1740830805,4,41.806507,10.469088,0.011616,18.092669,0.033851,41.806507,41.806507,41.806507,41.806507,41.806507,0.355168,0.736036,0.786777,0.795568,calls/second,milliseconds
1740830816,17,41.806507,3.603947,0.011055,10.228776,0.072454,0.120980,24.019576,41.806507,41.806507,41.806507,0.803226,0.733700,0.784069,0.794527,calls/second,milliseconds
1740830826,220,41.806507,0.270341,0.004317,2.759747,0.031588,0.042956,0.120980,0.218459,1.485107,41.806507,7.059701,3.119567,1.289955,0.964807,calls/second,milliseconds
1740830829,986,41.806507,0.075800,0.002874,1.255303,0.023259,0.032319,0.057294,0.097171,0.147448,24.019576,28.870941,3.119567,1.289955,0.964807,calls/second,milliseconds
1740830829,986,41.806507,0.075800,0.002874,1.255303,0.023259,0.032319,0.057294,0.097171,0.147448,24.019576,28.829338,3.119567,1.289955,0.964807,calls/second,milliseconds
