t,count,max,mean,min,stddev,p50,p75,p95,p98,p99,p999
1740833116,0,0,0.000000,0,0.000000,0.000000,0.000000,0.000000,0.000000,0.000000,0.000000
1740833126,33,380,88.543635,5,108.966482,47.000000,128.000000,354.000000,380.000000,380.000000,380.000000
1740833136,158,628,105.868704,1,142.123241,47.000000,151.000000,436.000000,618.000000,628.000000,628.000000
1740833140,158,628,105.868704,1,142.123241,47.000000,151.000000,436.000000,618.000000,628.000000,628.000000
1740833140,158,628,105.868704,1,142.123241,47.000000,151.000000,436.000000,618.000000,628.000000,628.000000
