t,count,max,mean,min,stddev,p50,p75,p95,p98,p99,p999,mean_rate,m1_rate,m5_rate,m15_rate,rate_unit,duration_unit
1740831625,4,90.034997,36.399151,5.787868,32.170010,30.396790,90.034997,90.034997,90.034997,90.034997,90.034997,0.285616,0.736036,0.786777,0.795568,calls/second,milliseconds
1740831635,35,138.105485,9.784294,0.000725,26.897282,0.106979,5.787868,90.034997,138.105485,138.105485,138.105485,1.464285,0.655023,0.767595,0.788993,calls/second,milliseconds
1740831645,1288,90.034997,0.478664,0.004127,2.997456,0.229923,0.301738,0.624206,1.337442,2.728198,40.844738,37.978480,2.916054,1.236702,0.946302,calls/second,milliseconds
1740831654,3941,18.472200,0.187223,0.003572,0.595328,0.119727,0.177813,0.366252,0.564310,1.026349,8.763048,92.881608,44.613681,10.211266,3.975173,calls/second,milliseconds
1740831654,3941,18.472200,0.187223,0.003572,0.595328,0.119727,0.177813,0.366252,0.564310,1.026349,8.763048,92.759421,44.613681,10.211266,3.975173,calls/second,milliseconds
