t,count,max,mean,min,stddev,p50,p75,p95,p98,p99,p999
1740831891,0,0,0.000000,0,0.000000,0.000000,0.000000,0.000000,0.000000,0.000000,0.000000
1740831901,12,252,103.416667,5,105.946888,89.000000,244.000000,252.000000,252.000000,252.000000,252.000000
1740831911,81,4494,167.662645,1,537.578529,38.000000,138.000000,519.000000,1691.000000,4494.000000,4494.000000
1740831912,81,4494,167.662645,1,537.578529,38.000000,138.000000,519.000000,1691.000000,4494.000000,4494.000000
1740831912,81,4494,167.662645,1,537.578529,38.000000,138.000000,519.000000,1691.000000,4494.000000,4494.000000
