t,count,max,mean,min,stddev,p50,p75,p95,p98,p99,p999
1740832607,0,0,0.000000,0,0.000000,0.000000,0.000000,0.000000,0.000000,0.000000,0.000000
1740832617,2,1918,1302.500000,687,615.500000,1918.000000,1918.000000,1918.000000,1918.000000,1918.000000,1918.000000
1740832627,27,8587,1873.829011,562,1859.657106,1433.000000,2652.000000,5345.000000,8587.000000,8587.000000,8587.000000
1740832632,43,8587,1574.210886,562,1526.132242,1254.000000,1811.000000,4319.000000,8587.000000,8587.000000,8587.000000
1740832632,43,8587,1574.210886,562,1526.132242,1254.000000,1811.000000,4319.000000,8587.000000,8587.000000,8587.000000
