t,count,max,mean,min,stddev,p50,p75,p95,p98,p99,p999,mean_rate,m1_rate,m5_rate,m15_rate,rate_unit,duration_unit
1740833721,4,89.950372,34.930983,5.230282,33.022916,30.403959,89.950372,89.950372,89.950372,89.950372,89.950372,0.278115,0.736036,0.786777,0.795568,calls/second,milliseconds
1740833731,22,164.505714,24.337852,0.036256,47.724544,1.550460,21.454864,159.592948,164.505714,164.505714,164.505714,0.906483,0.655023,0.767595,0.788993,calls/second,milliseconds
1740833741,1139,164.505714,0.895357,0.026652,6.944693,0.361635,0.549034,1.328234,2.934596,6.534934,159.592948,33.230020,3.604302,1.376252,0.992919,calls/second,milliseconds
1740833744,1752,164.505714,0.783488,0.026652,6.418928,0.348841,0.475250,0.935739,1.779811,5.347777,119.666538,47.744923,21.961761,5.207962,2.279381,calls/second,milliseconds
1740833744,1752,164.505714,0.783488,0.026652,6.418928,0.348841,0.475250,0.935739,1.779811,5.347777,119.666538,47.685178,21.961761,5.207962,2.279381,calls/second,milliseconds
