t,count,max,mean,min,stddev,p50,p75,p95,p98,p99,p999,mean_rate,m1_rate,m5_rate,m15_rate,rate_unit,duration_unit
1740834748,4,35.545642,8.905634,0.012736,15.380623,0.050804,35.545642,35.545642,35.545642,35.545642,35.545642,0.357071,0.736036,0.786777,0.795568,calls/second,milliseconds
1740834758,15,35.545642,3.619473,0.012736,9.624812,0.071762,0.114832,35.545642,35.545642,35.545642,35.545642,0.710744,0.718987,0.780818,0.793425,calls/second,milliseconds
1740834768,384,35.545642,0.148228,0.002930,1.825111,0.027096,0.035992,0.082641,0.154962,0.476787,35.545642,12.346831,2.837155,1.222827,0.941796,calls/second,milliseconds
1740834776,2989,0.907514,0.022846,0.001744,0.037238,0.019002,0.025397,0.043433,0.062821,0.101737,0.438300,77.052680,23.606645,5.543012,2.391422,calls/second,milliseconds
1740834776,2989,0.907514,0.022846,0.001744,0.037238,0.019002,0.025397,0.043433,0.062821,0.101737,0.438300,76.948732,23.606645,5.543012,2.391422,calls/second,milliseconds
