t,count,max,mean,min,stddev,p50,p75,p95,p98,p99,p999,mean_rate,m1_rate,m5_rate,m15_rate,rate_unit,duration_unit
1740835425,4,62.314673,28.799363,6.439089,20.890449,28.706741,62.314673,62.314673,62.314673,62.314673,62.314673,0.279993,0.736036,0.786777,0.795568,calls/second,milliseconds
1740835435,10,189.989502,33.266567,0.046711,57.161084,11.896963,28.706741,189.989502,189.989502,189.989502,189.989502,0.413742,0.639032,0.764289,0.787885,calls/second,milliseconds
1740835444,502,189.989502,1.892732,0.019116,11.695835,0.443051,0.712174,2.432560,16.092706,33.455884,189.989502,15.314175,1.712764,0.983364,0.861118,calls/second,milliseconds
1740835444,502,189.989502,1.892732,0.019116,11.695835,0.443051,0.712174,2.432560,16.092706,33.455884,189.989502,15.297426,1.712764,0.983364,0.861118,calls/second,milliseconds
