t,count,max,mean,min,stddev,p50,p75,p95,p98,p99,p999,mean_rate,m1_rate,m5_rate,m15_rate,rate_unit,duration_unit
1740835017,4,61.247441,32.447396,6.710990,21.289928,43.496237,61.247441,61.247441,61.247441,61.247441,61.247441,0.282514,0.736036,0.786777,0.795568,calls/second,milliseconds
1740835027,21,274.547334,32.695995,0.039492,71.921512,1.343829,20.499562,274.547334,274.547334,274.547334,274.547334,0.873822,0.655023,0.767595,0.788993,calls/second,milliseconds
1740835036,921,274.547334,1.363875,0.039492,11.375593,0.418713,0.605122,1.880086,4.472605,18.334916,212.595672,28.129510,3.397696,1.333333,0.978521,calls/second,milliseconds
1740835036,921,274.547334,1.363875,0.039492,11.375593,0.418713,0.605122,1.880086,4.472605,18.334916,212.595672,28.088696,3.397696,1.333333,0.978521,calls/second,milliseconds
