t,count,max,mean,min,stddev,p50,p75,p95,p98,p99,p999
1740831382,0,0,0.000000,0,0.000000,0.000000,0.000000,0.000000,0.000000,0.000000,0.000000
1740831392,10,8784,2380.499719,580,2437.089012,2435.000000,3098.000000,8784.000000,8784.000000,8784.000000,8784.000000
1740831402,31,13687,2380.857178,562,2732.749041,1613.000000,3098.000000,8784.000000,13687.000000,13687.000000,13687.000000
1740831410,53,13687,1868.597477,562,2169.491395,1254.000000,2652.000000,4712.000000,8784.000000,13687.000000,13687.000000
1740831410,53,13687,1868.597477,562,2169.491395,1254.000000,2652.000000,4712.000000,8784.000000,13687.000000,13687.000000
