t,count,max,mean,min,stddev,p50,p75,p95,p98,p99,p999,mean_rate,m1_rate,m5_rate,m15_rate,rate_unit,duration_unit
1740832543,4,81.668414,36.548557,7.898410,27.910532,36.179232,81.668414,81.668414,81.668414,81.668414,81.668414,0.266490,0.213434,0.203196,0.201096,calls/second,milliseconds
1740832553,8,266.438192,57.653684,0.164760,87.069858,18.183059,36.179232,266.438192,266.438192,266.438192,266.438192,0.321679,0.196369,0.199838,0.199982,calls/second,milliseconds
1740832563,369,266.438192,2.722063,0.083591,17.276850,0.545662,0.731859,3.698047,20.448171,55.673213,266.438192,10.577485,0.464939,0.255876,0.218800,calls/second,milliseconds
1740832563,490,266.438192,2.333591,0.083591,15.427264,0.501876,0.669912,3.133505,18.183059,55.673213,266.438192,13.781077,6.424434,1.491288,0.633099,calls/second,milliseconds
1740832563,490,266.438192,2.333591,0.083591,15.427264,0.501876,0.669912,3.133505,18.183059,55.673213,266.438192,13.762850,6.424434,1.491288,0.633099,calls/second,milliseconds
