t,count,max,mean,min,stddev,p50,p75,p95,p98,p99,p999
1740831079,0,0,0.000000,0,0.000000,0.000000,0.000000,0.000000,0.000000,0.000000,0.000000
1740831089,5,9608,6072.071376,3823,2726.869930,3887.000000,9237.000000,9608.000000,9608.000000,9608.000000,9608.000000
1740831099,23,19755,5617.849188,1035,5991.124596,2221.000000,9237.000000,18669.000000,19755.000000,19755.000000,19755.000000
1740831101,25,19755,5224.075691,993,5859.004946,2218.000000,7956.000000,18669.000000,19755.000000,19755.000000,19755.000000
1740831101,25,19755,5224.075691,993,5859.004946,2218.000000,7956.000000,18669.000000,19755.000000,19755.000000,19755.000000
