t,count,max,mean,min,stddev,p50,p75,p95,p98,p99,p999
1740834580,0,0,0.000000,0,0.000000,0.000000,0.000000,0.000000,0.000000,0.000000,0.000000
1740834590,37,353,73.846277,5,88.503533,47.000000,99.000000,287.000000,353.000000,353.000000,353.000000
1740834594,58,1011,83.159665,1,149.745130,39.000000,99.000000,287.000000,353.000000,1011.000000,1011.000000
1740834594,58,1011,83.159665,1,149.745130,39.000000,99.000000,287.000000,353.000000,1011.000000,1011.000000
