t,count,max,mean,min,stddev,p50,p75,p95,p98,p99,p999
1740835364,0,0,0.000000,0,0.000000,0.000000,0.000000,0.000000,0.000000,0.000000,0.000000
1740835374,12,6363,2048.848935,580,1747.875916,2543.000000,2652.000000,6363.000000,6363.000000,6363.000000,6363.000000
1740835384,45,9550,1673.669388,562,1691.322835,1390.000000,2187.000000,4947.000000,9550.000000,9550.000000,9550.000000
1740835386,45,9550,1673.669388,562,1691.322835,1390.000000,2187.000000,4947.000000,9550.000000,9550.000000,9550.000000
1740835386,45,9550,1673.669388,562,1691.322835,1390.000000,2187.000000,4947.000000,9550.000000,9550.000000,9550.000000
