t,count,max,mean,min,stddev,p50,p75,p95,p98,p99,p999,mean_rate,m1_rate,m5_rate,m15_rate,rate_unit,duration_unit
1740834580,4,37.337733,9.349516,0.011098,16.159008,0.036992,37.337733,37.337733,37.337733,37.337733,37.337733,0.354477,0.736036,0.786777,0.795568,calls/second,milliseconds
1740834590,47,37.337733,1.190757,0.004632,5.829906,0.050627,0.073294,1.183262,24.329369,37.337733,37.337733,2.217960,1.310659,0.903129,0.834422,calls/second,milliseconds
1740834594,125,37.337733,0.468848,0.002709,3.516061,0.033516,0.056639,0.166868,2.033876,24.329369,37.337733,4.946929,2.325242,1.119601,0.907362,calls/second,milliseconds
1740834594,125,37.337733,0.468848,0.002709,3.516061,0.033516,0.056639,0.166868,2.033876,24.329369,37.337733,4.939461,2.325242,1.119601,0.907362,calls/second,milliseconds
