t,count,max,mean,min,stddev,p50,p75,p95,p98,p99,p999,mean_rate,m1_rate,m5_rate,m15_rate,rate_unit,duration_unit
1740832386,4,89.128099,44.841995,7.037399,32.959430,63.209629,89.128099,89.128099,89.128099,89.128099,89.128099,0.267463,0.568018,0.593389,0.597784,calls/second,milliseconds
1740832396,6,89.128099,43.523153,7.037399,31.673625,63.209629,69.442932,89.128099,89.128099,89.128099,89.128099,0.242104,0.496808,0.577241,0.592287,calls/second,milliseconds
1740832406,98,374.101654,8.603236,0.020356,39.285933,0.300846,1.138222,51.572195,69.442932,89.128099,374.101654,2.815798,1.010931,0.680573,0.626733,calls/second,milliseconds
1740832408,532,374.101654,2.557040,0.020356,18.152761,0.533361,0.837228,3.265228,23.003732,59.983340,374.101654,14.253709,2.145427,0.920558,0.707471,calls/second,milliseconds
1740832408,532,374.101654,2.557040,0.020356,18.152761,0.533361,0.837228,3.265228,23.003732,59.983340,374.101654,14.239423,2.145427,0.920558,0.707471,calls/second,milliseconds
