t,count,max,mean,min,stddev,p50,p75,p95,p98,p99,p999
1740832753,0,0,0.000000,0,0.000000,0.000000,0.000000,0.000000,0.000000,0.000000,0.000000
1740832763,8,5717,1983.585243,580,1746.582759,1488.000000,3266.000000,5717.000000,5717.000000,5717.000000,5717.000000
1740832773,21,8777,1928.308294,562,2050.119239,1433.000000,2048.000000,5717.000000,8777.000000,8777.000000,8777.000000
1740832773,21,8777,1928.308294,562,2050.119239,1433.000000,2048.000000,5717.000000,8777.000000,8777.000000,8777.000000
1740832773,21,8777,1928.308294,562,2050.119239,1433.000000,2048.000000,5717.000000,8777.000000,8777.000000,8777.000000
