t,count,max,mean,min,stddev,p50,p75,p95,p98,p99,p999
1740830866,0,0,0.000000,0,0.000000,0.000000,0.000000,0.000000,0.000000,0.000000,0.000000
1740830876,6,762,229.344967,107,237.412058,115.000000,171.000000,762.000000,762.000000,762.000000,762.000000
1740830883,12,762,133.484113,18,190.654398,107.000000,118.000000,762.000000,762.000000,762.000000,762.000000
1740830883,12,762,133.484113,18,190.654398,107.000000,118.000000,762.000000,762.000000,762.000000,762.000000
