t,count,max,mean,min,stddev,p50,p75,p95,p98,p99,p999,mean_rate,m1_rate,m5_rate,m15_rate,rate_unit,duration_unit
1740835188,4,42.175693,10.559529,0.011013,18.253604,0.038239,42.175693,42.175693,42.175693,42.175693,42.175693,0.353206,0.736036,0.786777,0.795568,calls/second,milliseconds
1740835198,47,42.175693,1.164555,0.007060,5.973149,0.047280,0.074773,1.141702,19.736219,42.175693,42.175693,2.215453,0.813655,0.800597,0.800067,calls/second,milliseconds
1740835208,219,42.175693,0.260734,0.004074,2.663262,0.031700,0.047280,0.157459,0.442110,1.141702,42.175693,7.015813,3.342693,1.341430,0.982376,calls/second,milliseconds
1740835213,627,42.175693,0.101407,0.004074,1.512385,0.025077,0.033342,0.083718,0.167635,0.231671,42.175693,17.392630,7.760823,2.287831,1.301586,calls/second,milliseconds
1740835213,627,42.175693,0.101407,0.004074,1.512385,0.025077,0.033342,0.083718,0.167635,0.231671,42.175693,17.374065,7.760823,2.287831,1.301586,calls/second,milliseconds
