t,count,max,mean,min,stddev,p50,p75,p95,p98,p99,p999,mean_rate,m1_rate,m5_rate,m15_rate,rate_unit,duration_unit
1740833476,0,0.000000,0.000000,0.000000,0.000000,0.000000,0.000000,0.000000,0.000000,0.000000,0.000000,0.000000,0.000000,0.000000,0.000000,calls/second,milliseconds
1740833486,0,0.000000,0.000000,0.000000,0.000000,0.000000,0.000000,0.000000,0.000000,0.000000,0.000000,0.000000,0.000000,0.000000,0.000000,calls/second,milliseconds
1740833496,420,484.051935,2.848886,0.003496,24.373960,0.480933,0.688030,3.548959,14.475404,89.046157,484.051935,13.490558,2.347507,0.488425,0.163896,calls/second,milliseconds
1740833499,1282,484.051935,1.208670,0.003496,15.128775,0.378276,0.564103,0.995728,2.505198,5.674534,120.219794,37.786463,2.347507,0.488425,0.163896,calls/second,milliseconds
1740833499,1282,484.051935,1.208670,0.003496,15.128775,0.378276,0.564103,0.995728,2.505198,5.674534,120.219794,37.728331,2.347507,0.488425,0.163896,calls/second,milliseconds
