t,count,max,mean,min,stddev,p50,p75,p95,p98,p99,p999
1740829349,0,0,0.000000,0,0.000000,0.000000,0.000000,0.000000,0.000000,0.000000,0.000000
1740829359,4,8534,5060.518491,2588,2168.774705,4748.000000,8534.000000,8534.000000,8534.000000,8534.000000,8534.000000
1740829366,10,19456,4652.372580,1035,5498.674611,2040.000000,4748.000000,19456.000000,19456.000000,19456.000000,19456.000000
1740829366,10,19456,4652.372580,1035,5498.674611,2040.000000,4748.000000,19456.000000,19456.000000,19456.000000,19456.000000
