t,count,max,mean,min,stddev,p50,p75,p95,p98,p99,p999,mean_rate,m1_rate,m5_rate,m15_rate,rate_unit,duration_unit
1740833279,5,33.203626,6.440363,0.002269,13.118880,0.007745,0.023867,33.203626,33.203626,33.203626,33.203626,0.446451,0.736036,0.786777,0.795568,calls/second,milliseconds
1740833289,28,33.203626,1.651487,0.002269,6.529039,0.005784,0.009896,20.380955,33.203626,33.203626,33.203626,1.326554,0.749691,0.787375,0.795635,calls/second,milliseconds
1740833299,904,33.203626,0.049470,0.000996,1.092178,0.004829,0.006143,0.010064,0.019013,0.054098,20.380955,29.770275,13.689149,3.472380,1.696181,calls/second,milliseconds
1740833299,904,33.203626,0.049470,0.000996,1.092178,0.004829,0.006143,0.010064,0.019013,0.054098,20.380955,29.729934,13.689149,3.472380,1.696181,calls/second,milliseconds
