t,count,max,mean,min,stddev,p50,p75,p95,p98,p99,p999,mean_rate,m1_rate,m5_rate,m15_rate,rate_unit,duration_unit
1740833598,4,74.031891,29.830579,5.203218,26.597486,26.283490,74.031891,74.031891,74.031891,74.031891,74.031891,0.280007,0.736036,0.786777,0.795568,calls/second,milliseconds
1740833608,42,155.470005,8.239175,0.001070,26.175165,0.147291,1.319611,26.283490,155.470005,155.470005,155.470005,1.738124,0.655023,0.767595,0.788993,calls/second,milliseconds
1740833616,531,155.470005,1.034017,0.001070,7.418790,0.248301,0.345283,1.375672,5.795587,24.427857,155.470005,16.578881,2.075566,1.064423,0.888641,calls/second,milliseconds
1740833616,531,155.470005,1.034017,0.001070,7.418790,0.248301,0.345283,1.375672,5.795587,24.427857,155.470005,16.561441,2.075566,1.064423,0.888641,calls/second,milliseconds
