t,count,max,mean,min,stddev,p50,p75,p95,p98,p99,p999,mean_rate,m1_rate,m5_rate,m15_rate,rate_unit,duration_unit
1740832607,4,94.391863,42.429194,8.666870,31.789982,37.616912,94.391863,94.391863,94.391863,94.391863,94.391863,0.266864,0.568018,0.593389,0.597784,calls/second,milliseconds
1740832617,6,94.391863,34.742686,8.666870,27.573444,33.619947,37.616912,94.391863,94.391863,94.391863,94.391863,0.241817,0.496808,0.577241,0.592287,calls/second,milliseconds
1740832627,70,365.088075,9.829335,0.005782,44.175780,0.297523,1.095113,36.337702,94.391863,365.088075,365.088075,2.010258,0.787056,0.634293,0.611221,calls/second,milliseconds
1740832632,905,365.088075,1.009984,0.005782,11.821149,0.259224,0.347120,0.986675,2.447008,11.012604,94.391863,22.769148,1.491700,0.782483,0.661020,calls/second,milliseconds
1740832632,905,365.088075,1.009984,0.005782,11.821149,0.259224,0.347120,0.986675,2.447008,11.012604,94.391863,22.744722,1.491700,0.782483,0.661020,calls/second,milliseconds
