t,count,max,mean,min,stddev,p50,p75,p95,p98,p99,p999
1740834692,0,0,0.000000,0,0.000000,0.000000,0.000000,0.000000,0.000000,0.000000,0.000000
1740834702,12,6267,1936.099284,580,1658.191737,2251.000000,2891.000000,6267.000000,6267.000000,6267.000000,6267.000000
1740834710,41,9370,1662.749816,562,1685.861180,1433.000000,2128.000000,4369.000000,9370.000000,9370.000000,9370.000000
1740834710,41,9370,1662.749816,562,1685.861180,1433.000000,2128.000000,4369.000000,9370.000000,9370.000000,9370.000000
