t,count,max,mean,min,stddev,p50,p75,p95,p98,p99,p999,mean_rate,m1_rate,m5_rate,m15_rate,rate_unit,duration_unit
1740829406,4,21.692275,5.427312,0.002312,9.390582,0.011570,21.692275,21.692275,21.692275,21.692275,21.692275,0.353823,0.736036,0.786777,0.795568,calls/second,milliseconds
1740829416,9,21.692275,4.653651,0.001377,8.831859,0.004063,0.014994,21.692275,21.692275,21.692275,21.692275,0.424416,0.655023,0.767595,0.788993,calls/second,milliseconds
1740829427,108,21.692275,0.324623,0.000246,2.582494,0.004653,0.008303,0.034177,0.144987,21.236956,21.692275,3.436664,2.148480,1.078028,0.893116,calls/second,milliseconds
1740829436,1056,0.508067,0.008319,0.000128,0.019769,0.006385,0.008707,0.014009,0.020256,0.040808,0.183851,25.598196,15.371516,3.866581,1.831071,calls/second,milliseconds
1740829447,2775,2.739692,0.008260,0.000138,0.085393,0.003532,0.005824,0.011048,0.015554,0.070173,0.183851,54.102973,39.811567,9.476811,3.745235,calls/second,milliseconds
1740829450,3164,0.183851,0.005189,0.000138,0.010325,0.003394,0.005372,0.010517,0.014048,0.034177,0.144987,57.842404,39.811567,9.476811,3.745235,calls/second,milliseconds
1740829451,3164,0.183851,0.005189,0.000138,0.010325,0.003394,0.005372,0.010517,0.014048,0.034177,0.144987,57.799102,39.811567,9.476811,3.745235,calls/second,milliseconds
