t,count,max,mean,min,stddev,p50,p75,p95,p98,p99,p999
1740835425,0,0,0.000000,0,0.000000,0.000000,0.000000,0.000000,0.000000,0.000000,0.000000
1740835435,41,1326,122.549608,5,223.480982,47.000000,118.000000,357.000000,1326.000000,1326.000000,1326.000000
1740835444,90,2944,133.810929,1,352.386947,38.000000,120.000000,481.000000,1326.000000,2944.000000,2944.000000
1740835444,90,2944,133.810929,1,352.386947,38.000000,120.000000,481.000000,1326.000000,2944.000000,2944.000000
