t,count,max,mean,min,stddev,p50,p75,p95,p98,p99,p999,mean_rate,m1_rate,m5_rate,m15_rate,rate_unit,duration_unit
1740830330,0,0.000000,0.000000,0.000000,0.000000,0.000000,0.000000,0.000000,0.000000,0.000000,0.000000,0.000000,0.000000,0.000000,0.000000,calls/second,milliseconds
1740830340,23,308.886911,25.229437,0.005668,66.116659,0.069313,21.618317,123.779429,308.886911,308.886911,308.886911,1.095043,0.000000,0.000000,0.000000,calls/second,milliseconds
1740830350,518,308.886911,2.253522,0.005668,15.495746,0.501060,0.791540,2.453973,17.230212,45.475611,308.886911,16.742188,4.645149,0.974720,0.327553,calls/second,milliseconds
1740830350,518,308.886911,2.253522,0.005668,15.495746,0.501060,0.791540,2.453973,17.230212,45.475611,308.886911,16.718640,4.645149,0.974720,0.327553,calls/second,milliseconds
1740830350,518,308.886911,2.253522,0.005668,15.495746,0.501060,0.791540,2.453973,17.230212,45.475611,308.886911,16.711671,4.645149,0.974720,0.327553,calls/second,milliseconds
