t,count,max,mean,min,stddev,p50,p75,p95,p98,p99,p999,mean_rate,m1_rate,m5_rate,m15_rate,rate_unit,duration_unit
1740833537,4,91.040861,34.809848,6.379037,33.079998,24.109883,91.040861,91.040861,91.040861,91.040861,91.040861,0.281830,0.736036,0.786777,0.795568,calls/second,milliseconds
1740833547,27,325.126333,26.079875,0.033171,68.538523,0.716930,10.614445,158.501014,325.126333,325.126333,325.126333,1.121057,0.655023,0.767595,0.788993,calls/second,milliseconds
1740833557,516,325.126333,2.171378,0.033171,15.680464,0.595373,0.825033,3.338648,8.839711,27.480445,325.126333,15.140300,1.551046,0.952848,0.851060,calls/second,milliseconds
1740833559,904,325.126333,1.475230,0.019684,12.084844,0.449181,0.688492,2.355455,6.338589,17.709612,158.501014,25.031310,13.804156,3.495718,1.703961,calls/second,milliseconds
1740833559,904,325.126333,1.475230,0.019684,12.084844,0.449181,0.688492,2.355455,6.338589,17.709612,158.501014,25.004388,13.804156,3.495718,1.703961,calls/second,milliseconds
