t,count,max,mean,min,stddev,p50,p75,p95,p98,p99,p999
1740829489,0,0,0.000000,0,0.000000,0.000000,0.000000,0.000000,0.000000,0.000000,0.000000
1740829499,45,874,110.339355,5,163.269788,47.000000,118.000000,340.000000,874.000000,874.000000,874.000000
1740829510,205,1870,149.211351,1,291.907963,47.000000,169.000000,443.000000,1004.000000,1870.000000,1870.000000
1740829516,230,1870,135.994607,1,277.163591,38.000000,156.000000,443.000000,1004.000000,1870.000000,1870.000000
1740829516,230,1870,135.994607,1,277.163591,38.000000,156.000000,443.000000,1004.000000,1870.000000,1870.000000
