t,count,max,mean,min,stddev,p50,p75,p95,p98,p99,p999
1740832386,0,0,0.000000,0,0.000000,0.000000,0.000000,0.000000,0.000000,0.000000,0.000000
1740832396,1,7336,7336.000000,7336,0.000000,7336.000000,7336.000000,7336.000000,7336.000000,7336.000000,7336.000000
1740832406,13,48988,8605.255040,1214,12991.874373,4200.000000,7336.000000,48988.000000,48988.000000,48988.000000,48988.000000
1740832408,13,48988,8605.255040,1214,12991.874373,4200.000000,7336.000000,48988.000000,48988.000000,48988.000000,48988.000000
1740832408,13,48988,8605.255040,1214,12991.874373,4200.000000,7336.000000,48988.000000,48988.000000,48988.000000,48988.000000
