t,count,max,mean,min,stddev,p50,p75,p95,p98,p99,p999,mean_rate,m1_rate,m5_rate,m15_rate,rate_unit,duration_unit
1740832543,0,0.000000,0.000000,0.000000,0.000000,0.000000,0.000000,0.000000,0.000000,0.000000,0.000000,0.000000,0.000000,0.000000,0.000000,calls/second,milliseconds
1740832553,0,0.000000,0.000000,0.000000,0.000000,0.000000,0.000000,0.000000,0.000000,0.000000,0.000000,0.000000,0.000000,0.000000,0.000000,calls/second,milliseconds
1740832563,336,349.640899,2.824043,0.024297,21.362943,0.460161,0.741966,2.279543,13.642921,76.993620,349.640899,10.752558,1.460954,0.303688,0.101890,calls/second,milliseconds
1740832563,454,349.640899,2.205207,0.024297,18.357522,0.489269,0.706847,1.897855,9.319938,35.125286,349.640899,14.223080,1.460954,0.303688,0.101890,calls/second,milliseconds
1740832563,454,349.640899,2.205207,0.024297,18.357522,0.489269,0.706847,1.897855,9.319938,35.125286,349.640899,14.201492,1.460954,0.303688,0.101890,calls/second,milliseconds
