t,count,max,mean,min,stddev,p50,p75,p95,p98,p99,p999
1740829792,0,0,0.000000,0,0.000000,0.000000,0.000000,0.000000,0.000000,0.000000,0.000000
1740829803,10,6427,2213.755324,580,1869.977964,687.000000,3234.000000,6427.000000,6427.000000,6427.000000,6427.000000
1740829813,33,8892,2114.946214,562,1936.683931,1613.000000,2975.000000,6427.000000,8892.000000,8892.000000,8892.000000
1740829820,53,8892,1731.015007,562,1619.587607,1254.000000,2652.000000,5000.000000,6427.000000,8892.000000,8892.000000
1740829820,53,8892,1731.015007,562,1619.587607,1254.000000,2652.000000,5000.000000,6427.000000,8892.000000,8892.000000
