t,count,max,mean,min,stddev,p50,p75,p95,p98,p99,p999
1740833279,0,0,0.000000,0,0.000000,0.000000,0.000000,0.000000,0.000000,0.000000,0.000000
1740833289,7,840,227.463131,63,252.175353,115.000000,203.000000,840.000000,840.000000,840.000000,840.000000
1740833299,21,840,88.214020,12,168.883362,23.000000,102.000000,203.000000,840.000000,840.000000,840.000000
1740833299,21,840,88.214020,12,168.883362,23.000000,102.000000,203.000000,840.000000,840.000000,840.000000
