t,count,max,mean,min,stddev,p50,p75,p95,p98,p99,p999,mean_rate,m1_rate,m5_rate,m15_rate,rate_unit,duration_unit
1740832089,4,103.088726,40.664017,7.578359,36.964738,30.667420,103.088726,103.088726,103.088726,103.088726,103.088726,0.268226,0.736036,0.786777,0.795568,calls/second,milliseconds
1740832099,6,177.874540,63.625067,7.578359,65.106900,30.667420,103.088726,177.874540,177.874540,177.874540,177.874540,0.242415,0.639032,0.764289,0.787885,calls/second,milliseconds
1740832109,114,334.607284,7.862357,0.021584,35.889873,0.378531,1.436986,35.780571,103.088726,177.874540,334.607284,3.278757,1.172902,0.871133,0.823464,calls/second,milliseconds
1740832112,532,334.607284,2.603355,0.021584,16.749305,0.546073,0.888546,5.752918,19.468680,40.324297,334.607284,14.047281,2.278456,1.104663,0.902004,calls/second,milliseconds
1740832112,532,334.607284,2.603355,0.021584,16.749305,0.546073,0.888546,5.752918,19.468680,40.324297,334.607284,14.028562,2.278456,1.104663,0.902004,calls/second,milliseconds
