t,count,max,mean,min,stddev,p50,p75,p95,p98,p99,p999
1740829406,0,0,0.000000,0,0.000000,0.000000,0.000000,0.000000,0.000000,0.000000,0.000000
1740829416,5,747,266.368867,116,240.542403,155.000000,202.000000,747.000000,747.000000,747.000000,747.000000
1740829427,32,747,89.166929,14,123.220278,55.000000,103.000000,224.000000,747.000000,747.000000,747.000000
1740829436,33,747,96.279930,14,126.927136,57.000000,116.000000,299.000000,747.000000,747.000000,747.000000
1740829447,35,747,90.706320,14,123.164742,55.000000,103.000000,299.000000,747.000000,747.000000,747.000000
1740829450,35,747,90.706320,14,123.164742,55.000000,103.000000,299.000000,747.000000,747.000000,747.000000
1740829451,35,747,90.706320,14,123.164742,55.000000,103.000000,299.000000,747.000000,747.000000,747.000000
