t,count,max,mean,min,stddev,p50,p75,p95,p98,p99,p999,mean_rate,m1_rate,m5_rate,m15_rate,rate_unit,duration_unit
1740835017,4,28.923190,7.234607,0.002161,12.521910,0.010558,28.923190,28.923190,28.923190,28.923190,28.923190,0.353727,0.736036,0.786777,0.795568,calls/second,milliseconds
1740835027,21,31.782572,2.702479,0.001139,8.533780,0.006560,0.012084,28.923190,31.782572,31.782572,31.782572,0.991385,0.718987,0.780818,0.793425,calls/second,milliseconds
1740835036,921,31.782572,0.057808,0.000498,1.240190,0.004761,0.005830,0.008865,0.019267,0.033949,28.923190,30.811861,1.445065,0.929892,0.843323,calls/second,milliseconds
1740835036,921,31.782572,0.057808,0.000498,1.240190,0.004761,0.005830,0.008865,0.019267,0.033949,28.923190,30.763692,1.445065,0.929892,0.843323,calls/second,milliseconds
