t,count,max,mean,min,stddev,p50,p75,p95,p98,p99,p999,mean_rate,m1_rate,m5_rate,m15_rate,rate_unit,duration_unit
1740830212,4,58.198335,28.778075,4.928229,20.277361,35.862109,58.198335,58.198335,58.198335,58.198335,58.198335,0.282335,0.736036,0.786777,0.795568,calls/second,milliseconds
1740830222,47,168.602070,10.892914,0.016815,33.317976,0.199978,1.600568,58.198335,168.602070,168.602070,168.602070,1.952203,0.655023,0.767595,0.788993,calls/second,milliseconds
1740830230,565,172.771874,2.113688,0.016815,12.450663,0.604080,0.904432,2.714431,11.770166,42.543044,172.771874,18.083566,4.787663,1.626120,1.076976,calls/second,milliseconds
1740830230,565,172.771874,2.113688,0.016815,12.450663,0.604080,0.904432,2.714431,11.770166,42.543044,172.771874,18.063008,4.787663,1.626120,1.076976,calls/second,milliseconds
