t,count,max,mean,min,stddev,p50,p75,p95,p98,p99,p999,mean_rate,m1_rate,m5_rate,m15_rate,rate_unit,duration_unit
1740831625,4,33.111316,8.282237,0.002539,14.335076,0.012056,33.111316,33.111316,33.111316,33.111316,33.111316,0.355875,0.736036,0.786777,0.795568,calls/second,milliseconds
1740831635,35,33.111316,1.277600,0.000755,5.747006,0.003623,0.006019,19.060686,33.111316,33.111316,33.111316,1.655837,0.829647,0.803903,0.801175,calls/second,milliseconds
1740831645,1288,33.111316,0.026982,0.000200,0.838157,0.004804,0.006152,0.009110,0.015714,0.027542,0.255265,41.350953,15.688568,3.890843,1.836747,calls/second,milliseconds
1740831654,3941,0.255265,0.003979,0.000069,0.009462,0.002919,0.004267,0.007121,0.009084,0.012210,0.124388,99.357068,34.838845,8.044618,3.240418,calls/second,milliseconds
1740831654,3941,0.255265,0.003979,0.000069,0.009462,0.002919,0.004267,0.007121,0.009084,0.012210,0.124388,99.218986,34.838845,8.044618,3.240418,calls/second,milliseconds
