t,count,max,mean,min,stddev,p50,p75,p95,p98,p99,p999,mean_rate,m1_rate,m5_rate,m15_rate,rate_unit,duration_unit
1740833783,4,29.201807,7.315790,0.011812,12.635902,0.037250,29.201807,29.201807,29.201807,29.201807,29.201807,0.355900,0.736036,0.786777,0.795568,calls/second,milliseconds
1740833793,18,29.201807,2.818631,0.011710,8.230424,0.064525,0.080513,25.740400,29.201807,29.201807,29.201807,0.851785,0.749691,0.787375,0.795635,calls/second,milliseconds
1740833803,1359,29.201807,0.067980,0.001500,1.041345,0.023660,0.031133,0.054867,0.080472,0.140872,25.740400,43.660493,14.537309,3.644987,1.753878,calls/second,milliseconds
1740833804,1377,29.201807,0.067886,0.001500,1.041107,0.023580,0.030935,0.055015,0.080513,0.140872,25.740400,43.477754,14.537309,3.644987,1.753878,calls/second,milliseconds
1740833804,1377,29.201807,0.067886,0.001500,1.041107,0.023580,0.030935,0.055015,0.080513,0.140872,25.740400,43.427934,14.537309,3.644987,1.753878,calls/second,milliseconds
