t,count,max,mean,min,stddev,p50,p75,p95,p98,p99,p999
1740835304,0,0,0.000000,0,0.000000,0.000000,0.000000,0.000000,0.000000,0.000000,0.000000
1740835314,5,6963,5060.671003,2218,1742.625045,5826.000000,6340.000000,6963.000000,6963.000000,6963.000000,6963.000000
1740835324,16,9242,3749.721601,889,2867.790985,2218.000000,5826.000000,9242.000000,9242.000000,9242.000000,9242.000000
1740835326,16,9242,3749.721601,889,2867.790985,2218.000000,5826.000000,9242.000000,9242.000000,9242.000000,9242.000000
1740835326,16,9242,3749.721601,889,2867.790985,2218.000000,5826.000000,9242.000000,9242.000000,9242.000000,9242.000000
