t,count,max,mean,min,stddev,p50,p75,p95,p98,p99,p999
1740829286,0,0,0.000000,0,0.000000,0.000000,0.000000,0.000000,0.000000,0.000000,0.000000
1740829296,6,11277,4627.513166,2218,3099.809640,3826.000000,4336.000000,11277.000000,11277.000000,11277.000000,11277.000000
1740829306,22,41755,5925.865731,985,9354.793851,2221.000000,3869.000000,19019.000000,41755.000000,41755.000000,41755.000000
1740829310,22,41755,5925.865731,985,9354.793851,2221.000000,3869.000000,19019.000000,41755.000000,41755.000000,41755.000000
1740829310,22,41755,5925.865731,985,9354.793851,2221.000000,3869.000000,19019.000000,41755.000000,41755.000000,41755.000000
