t,count,max,mean,min,stddev,p50,p75,p95,p98,p99,p999
1740829406,0,0,0.000000,0,0.000000,0.000000,0.000000,0.000000,0.000000,0.000000,0.000000
1740829416,10,4686,1910.615699,580,1451.006800,687.000000,2869.000000,4686.000000,4686.000000,4686.000000,4686.000000
1740829427,70,10643,3095.153559,562,3136.953078,1613.000000,5525.000000,10643.000000,10643.000000,10643.000000,10643.000000
1740829436,72,10643,3038.182027,562,3106.741325,1613.000000,5525.000000,10643.000000,10643.000000,10643.000000,10643.000000
1740829447,76,10643,2895.625906,562,3034.853580,1600.000000,4686.000000,10643.000000,10643.000000,10643.000000,10643.000000
1740829450,76,10643,2895.625906,562,3034.853580,1600.000000,4686.000000,10643.000000,10643.000000,10643.000000,10643.000000
1740829451,76,10643,2895.625906,562,3034.853580,1600.000000,4686.000000,10643.000000,10643.000000,10643.000000,10643.000000
