t,count,max,mean,min,stddev,p50,p75,p95,p98,p99,p999
1740830734,0,0,0.000000,0,0.000000,0.000000,0.000000,0.000000,0.000000,0.000000,0.000000
1740830744,18,7793,2144.318181,580,1883.285593,580.000000,3327.000000,7793.000000,7793.000000,7793.000000,7793.000000
1740830754,40,12202,2454.361652,562,2723.174876,1600.000000,3327.000000,10032.000000,12202.000000,12202.000000,12202.000000
1740830764,48,12202,2234.440569,562,2517.020046,1600.000000,2907.000000,7793.000000,12202.000000,12202.000000,12202.000000
1740830766,48,12202,2234.440569,562,2517.020046,1600.000000,2907.000000,7793.000000,12202.000000,12202.000000,12202.000000
1740830766,48,12202,2234.440569,562,2517.020046,1600.000000,2907.000000,7793.000000,12202.000000,12202.000000,12202.000000
