t,count,max,mean,min,stddev,p50,p75,p95,p98,p99,p999
1740833598,0,0,0.000000,0,0.000000,0.000000,0.000000,0.000000,0.000000,0.000000,0.000000
1740833608,12,3253,1720.245619,580,1195.859076,1548.000000,3047.000000,3253.000000,3253.000000,3253.000000,3253.000000
1740833616,27,11122,2115.205607,562,2422.325676,1453.000000,3041.000000,7761.000000,11122.000000,11122.000000,11122.000000
1740833616,27,11122,2115.205607,562,2422.325676,1453.000000,3041.000000,7761.000000,11122.000000,11122.000000,11122.000000
