t,count,max,mean,min,stddev,p50,p75,p95,p98,p99,p999,mean_rate,m1_rate,m5_rate,m15_rate,rate_unit,duration_unit
1740832888,0,0.000000,0.000000,0.000000,0.000000,0.000000,0.000000,0.000000,0.000000,0.000000,0.000000,0.000000,0.000000,0.000000,0.000000,calls/second,milliseconds
1740832898,0,0.000000,0.000000,0.000000,0.000000,0.000000,0.000000,0.000000,0.000000,0.000000,0.000000,0.000000,0.000000,0.000000,0.000000,calls/second,milliseconds
1740832908,33,343.313271,20.117297,0.006758,61.356849,0.257137,5.140295,127.061087,343.313271,343.313271,343.313271,1.057350,0.255858,0.052891,0.017728,calls/second,milliseconds
1740832918,907,343.313271,2.002530,0.006619,16.456269,0.456298,0.688961,2.935205,8.205380,22.608311,261.683895,21.948802,11.719466,2.475390,0.832794,calls/second,milliseconds
1740832928,2413,261.683895,0.837053,0.006619,8.012779,0.391085,0.608912,1.177739,2.734249,5.311873,40.448656,47.129773,32.377507,7.198280,2.443232,calls/second,milliseconds
1740832929,2449,261.683895,0.839172,0.006619,8.006636,0.398404,0.615862,1.177739,2.734249,5.311873,40.448656,47.458994,32.377507,7.198280,2.443232,calls/second,milliseconds
1740832929,2449,261.683895,0.839172,0.006619,8.006636,0.398404,0.615862,1.177739,2.734249,5.311873,40.448656,47.415350,32.377507,7.198280,2.443232,calls/second,milliseconds
