t,count,max,mean,min,stddev,p50,p75,p95,p98,p99,p999,mean_rate,m1_rate,m5_rate,m15_rate,rate_unit,duration_unit
1740835188,0,0.000000,0.000000,0.000000,0.000000,0.000000,0.000000,0.000000,0.000000,0.000000,0.000000,0.000000,0.000000,0.000000,0.000000,calls/second,milliseconds
1740835198,22,491.265124,33.921621,0.008753,103.476072,0.030680,18.671171,140.825648,491.265124,491.265124,491.265124,1.044302,0.000000,0.000000,0.000000,calls/second,milliseconds
1740835208,148,491.265124,8.924109,0.008753,43.888053,0.669922,1.488081,33.508259,132.912800,147.515118,491.265124,4.764314,2.041784,0.433403,0.145929,calls/second,milliseconds
1740835213,547,491.265124,2.661242,0.008753,22.251898,0.480823,0.727979,2.964576,16.645410,34.259129,491.265124,15.235694,6.627894,1.408035,0.474205,calls/second,milliseconds
1740835213,547,491.265124,2.661242,0.008753,22.251898,0.480823,0.727979,2.964576,16.645410,34.259129,491.265124,15.219890,6.627894,1.408035,0.474205,calls/second,milliseconds
