t,count,max,mean,min,stddev,p50,p75,p95,p98,p99,p999,mean_rate,m1_rate,m5_rate,m15_rate,rate_unit,duration_unit
1740831138,4,57.376757,28.146396,5.847968,19.145345,31.407880,57.376757,57.376757,57.376757,57.376757,57.376757,0.287032,0.736036,0.786777,0.795568,calls/second,milliseconds
1740831148,20,157.766979,19.159885,0.018474,37.663533,2.591780,17.952979,157.766979,157.766979,157.766979,157.766979,0.839013,0.655023,0.767595,0.788993,calls/second,milliseconds
1740831158,991,182.863366,1.251321,0.018474,8.516110,0.429836,0.644992,2.006211,4.416937,15.496085,157.766979,29.287767,2.177905,1.084530,0.895320,calls/second,milliseconds
1740831168,3626,182.863366,0.543145,0.022118,5.439345,0.275523,0.510141,0.930459,1.301910,1.879677,5.803662,82.723116,43.433362,9.867270,3.854025,calls/second,milliseconds
1740831168,3644,182.863366,0.543773,0.022118,5.438095,0.275523,0.512618,0.930459,1.301910,1.879677,5.803662,82.787148,43.433362,9.867270,3.854025,calls/second,milliseconds
1740831168,3646,182.863366,0.543773,0.022118,5.438095,0.275523,0.512618,0.930459,1.301910,1.879677,5.803662,82.770806,43.433362,9.867270,3.854025,calls/second,milliseconds
