t,count,max,mean,min,stddev,p50,p75,p95,p98,p99,p999,mean_rate,m1_rate,m5_rate,m15_rate,rate_unit,duration_unit
1740832311,4,41.110944,10.294701,0.016144,17.791768,0.034855,41.110944,41.110944,41.110944,41.110944,41.110944,0.350067,0.736036,0.786777,0.795568,calls/second,milliseconds
1740832321,5,41.110944,7.748114,0.016144,16.033618,0.034855,0.087835,41.110944,41.110944,41.110944,41.110944,0.234827,0.639032,0.764289,0.787885,calls/second,milliseconds
1740832331,85,41.110944,0.800095,0.010280,5.000533,0.039650,0.058865,0.989466,2.880238,33.537625,41.110944,2.713994,1.206163,0.877799,0.825686,calls/second,milliseconds
1740832341,1577,33.537625,0.064876,0.001391,0.973144,0.024842,0.032521,0.052182,0.073287,0.106853,9.402827,38.159241,21.822952,5.170622,2.266348,calls/second,milliseconds
1740832342,1832,33.537625,0.063195,0.001401,0.969573,0.023349,0.031321,0.051179,0.079863,0.108885,9.402827,43.432619,21.822952,5.170622,2.266348,calls/second,milliseconds
1740832342,1832,33.537625,0.063195,0.001401,0.969573,0.023349,0.031321,0.051179,0.079863,0.108885,9.402827,43.379590,21.822952,5.170622,2.266348,calls/second,milliseconds
