t,count,max,mean,min,stddev,p50,p75,p95,p98,p99,p999,mean_rate,m1_rate,m5_rate,m15_rate,rate_unit,duration_unit
1740832026,5,48.835271,9.523768,0.012844,19.309987,0.043859,0.076422,48.835271,48.835271,48.835271,48.835271,0.434338,0.736036,0.786777,0.795568,calls/second,milliseconds
1740832036,7,48.835271,10.455246,0.012844,17.299061,0.076422,24.643005,48.835271,48.835271,48.835271,48.835271,0.327098,0.653744,0.767540,0.788987,calls/second,milliseconds
1740832046,401,48.835271,0.178539,0.009073,2.273049,0.031459,0.038625,0.088164,0.150812,0.325501,48.835271,12.765136,2.294523,1.110486,0.904129,calls/second,milliseconds
1740832047,526,48.835271,0.141898,0.009073,1.978018,0.030093,0.036436,0.079854,0.137906,0.193685,48.835271,16.435393,2.294523,1.110486,0.904129,calls/second,milliseconds
1740832047,526,48.835271,0.141898,0.009073,1.978018,0.030093,0.036436,0.079854,0.137906,0.193685,48.835271,16.413440,2.294523,1.110486,0.904129,calls/second,milliseconds
