t,count,max,mean,min,stddev,p50,p75,p95,p98,p99,p999
1740834961,0,0,0.000000,0,0.000000,0.000000,0.000000,0.000000,0.000000,0.000000,0.000000
1740834971,16,6197,2022.206111,580,1627.988470,2652.000000,3119.000000,6197.000000,6197.000000,6197.000000,6197.000000
1740834978,33,10487,1949.257215,562,2078.878471,1330.000000,2944.000000,6197.000000,10487.000000,10487.000000,10487.000000
1740834978,33,10487,1949.257215,562,2078.878471,1330.000000,2944.000000,6197.000000,10487.000000,10487.000000,10487.000000
