t,count,max,mean,min,stddev,p50,p75,p95,p98,p99,p999
1740829554,0,0,0.000000,0,0.000000,0.000000,0.000000,0.000000,0.000000,0.000000,0.000000
1740829564,27,7838,1877.066313,562,1918.852561,1191.000000,1953.000000,5609.000000,7838.000000,7838.000000,7838.000000
1740829575,66,7838,1805.091510,562,1727.848168,1254.000000,2652.000000,5561.000000,7675.000000,7838.000000,7838.000000
1740829578,74,7838,1710.493711,562,1647.073641,1254.000000,1953.000000,5561.000000,7675.000000,7838.000000,7838.000000
1740829578,74,7838,1710.493711,562,1647.073641,1254.000000,1953.000000,5561.000000,7675.000000,7838.000000,7838.000000
