t,count,max,mean,min,stddev,p50,p75,p95,p98,p99,p999
1740833414,0,0,0.000000,0,0.000000,0.000000,0.000000,0.000000,0.000000,0.000000,0.000000
1740833424,6,831,245.185731,102,260.745419,124.000000,180.000000,831.000000,831.000000,831.000000,831.000000
1740833434,21,831,96.346189,10,162.267186,53.000000,115.000000,180.000000,831.000000,831.000000,831.000000
1740833436,25,831,81.686423,10,150.802346,44.000000,102.000000,180.000000,831.000000,831.000000,831.000000
1740833436,25,831,81.686423,10,150.802346,44.000000,102.000000,180.000000,831.000000,831.000000,831.000000
