t,count,max,mean,min,stddev,p50,p75,p95,p98,p99,p999,mean_rate,m1_rate,m5_rate,m15_rate,rate_unit,duration_unit
1740835364,4,68.572671,29.701929,8.307678,23.247179,26.483291,26.483291,68.572671,68.572671,68.572671,68.572671,0.281596,0.736036,0.786777,0.795568,calls/second,milliseconds
1740835374,21,172.823307,20.893459,0.040260,40.382677,1.525722,25.685482,172.823307,172.823307,172.823307,172.823307,0.871742,0.655023,0.767595,0.788993,calls/second,milliseconds
1740835384,1454,73.633762,0.665708,0.036399,3.437059,0.308034,0.513253,1.080316,3.001893,5.107185,68.572671,42.647058,4.421128,1.544898,1.049434,calls/second,milliseconds
1740835386,1700,81.934704,0.714747,0.036399,4.288584,0.282587,0.485186,1.019759,3.001893,5.107185,81.934704,47.781114,27.254754,6.312641,2.650265,calls/second,milliseconds
1740835386,1700,81.934704,0.714747,0.036399,4.288584,0.282587,0.485186,1.019759,3.001893,5.107185,81.934704,47.720444,27.254754,6.312641,2.650265,calls/second,milliseconds
