t,count,max,mean,min,stddev,p50,p75,p95,p98,p99,p999,mean_rate,m1_rate,m5_rate,m15_rate,rate_unit,duration_unit
1740831694,4,78.117278,35.288199,8.515630,26.212068,33.103052,78.117278,78.117278,78.117278,78.117278,78.117278,0.267659,0.736036,0.786777,0.795568,calls/second,milliseconds
1740831704,5,78.117278,29.594967,8.515630,24.830335,21.416837,33.103052,78.117278,78.117278,78.117278,78.117278,0.202002,0.623041,0.760984,0.786777,calls/second,milliseconds
1740831714,39,161.609242,10.562173,0.002329,29.231665,0.151641,1.829618,51.859279,161.609242,161.609242,161.609242,1.122131,0.558096,0.742592,0.780294,calls/second,milliseconds
1740831722,517,161.609242,1.302539,0.002329,8.327651,0.286048,0.379458,1.829618,8.515630,32.894353,161.609242,12.081253,1.805461,1.000735,0.866760,calls/second,milliseconds
1740831722,517,161.609242,1.302539,0.002329,8.327651,0.286048,0.379458,1.829618,8.515630,32.894353,161.609242,12.070816,1.805461,1.000735,0.866760,calls/second,milliseconds
