t,count,max,mean,min,stddev,p50,p75,p95,p98,p99,p999,mean_rate,m1_rate,m5_rate,m15_rate,rate_unit,duration_unit
1740834211,4,37.538242,9.409028,0.011857,16.240414,0.043156,37.538242,37.538242,37.538242,37.538242,37.538242,0.354000,0.736036,0.786777,0.795568,calls/second,milliseconds
1740834221,10,37.538242,5.335525,0.011857,11.305241,0.042858,1.268579,37.538242,37.538242,37.538242,37.538242,0.472477,0.655023,0.767595,0.788993,calls/second,milliseconds
1740834231,117,37.538242,0.417690,0.002181,3.321126,0.027602,0.039740,0.084516,1.268579,18.899478,37.538242,3.747264,2.283450,1.107397,0.903046,calls/second,milliseconds
1740834240,1822,1.515958,0.029782,0.002181,0.078484,0.021726,0.029176,0.048602,0.079986,0.094589,1.268579,45.823106,9.728638,2.665917,1.426573,calls/second,milliseconds
1740834240,1822,1.515958,0.029782,0.002181,0.078484,0.021726,0.029176,0.048602,0.079986,0.094589,1.268579,45.769892,9.728638,2.665917,1.426573,calls/second,milliseconds
