t,count,max,mean,min,stddev,p50,p75,p95,p98,p99,p999
1740833909,0,0,0.000000,0,0.000000,0.000000,0.000000,0.000000,0.000000,0.000000,0.000000
1740833919,30,682,113.800000,5,165.664601,49.000000,137.000000,486.000000,682.000000,682.000000,682.000000
1740833926,98,682,81.906256,1,129.495990,23.000000,129.000000,403.000000,490.000000,574.000000,682.000000
1740833926,98,682,81.906256,1,129.495990,23.000000,129.000000,403.000000,490.000000,574.000000,682.000000
