t,count,max,mean,min,stddev,p50,p75,p95,p98,p99,p999,mean_rate,m1_rate,m5_rate,m15_rate,rate_unit,duration_unit
1740833279,0,0.000000,0.000000,0.000000,0.000000,0.000000,0.000000,0.000000,0.000000,0.000000,0.000000,0.000000,0.000000,0.000000,0.000000,calls/second,milliseconds
1740833289,10,430.540816,59.075043,0.006821,128.306332,0.060302,22.366996,430.540816,430.540816,430.540816,430.540816,0.476696,0.000000,0.000000,0.000000,calls/second,milliseconds
1740833299,857,430.540816,1.414215,0.006821,15.234182,0.409430,0.577846,1.421139,3.046291,13.079694,430.540816,28.343999,13.342372,2.765076,0.927219,calls/second,milliseconds
1740833299,857,430.540816,1.414215,0.006821,15.234182,0.409430,0.577846,1.421139,3.046291,13.079694,430.540816,28.305033,13.342372,2.765076,0.927219,calls/second,milliseconds
