t,count,max,mean,min,stddev,p50,p75,p95,p98,p99,p999,mean_rate,m1_rate,m5_rate,m15_rate,rate_unit,duration_unit
1740830922,4,36.681070,9.195315,0.015758,15.868912,0.049747,36.681070,36.681070,36.681070,36.681070,36.681070,0.355847,0.736036,0.786777,0.795568,calls/second,milliseconds
1740830932,42,36.681070,1.182257,0.004024,5.618767,0.051786,0.070210,1.106884,19.021253,36.681070,36.681070,1.987789,0.830925,0.803958,0.801182,calls/second,milliseconds
1740830940,539,36.681070,0.113232,0.004024,1.491923,0.029567,0.036313,0.073909,0.184228,0.391427,36.681070,18.118157,2.139724,1.074961,0.892034,calls/second,milliseconds
1740830940,539,36.681070,0.113232,0.004024,1.491923,0.029567,0.036313,0.073909,0.184228,0.391427,36.681070,18.097409,2.139724,1.074961,0.892034,calls/second,milliseconds
