t,count,max,mean,min,stddev,p50,p75,p95,p98,p99,p999
1740829349,0,0,0.000000,0,0.000000,0.000000,0.000000,0.000000,0.000000,0.000000,0.000000
1740829359,8,5851,2062.315963,580,1777.453264,1931.000000,3267.000000,5851.000000,5851.000000,5851.000000,5851.000000
1740829366,21,8914,1988.600967,562,2093.473258,1433.000000,2322.000000,5851.000000,8914.000000,8914.000000,8914.000000
1740829366,21,8914,1988.600967,562,2093.473258,1433.000000,2322.000000,5851.000000,8914.000000,8914.000000,8914.000000
