t,count,max,mean,min,stddev,p50,p75,p95,p98,p99,p999,mean_rate,m1_rate,m5_rate,m15_rate,rate_unit,duration_unit
1740830866,5,59.712406,11.606643,0.011951,23.580606,0.072270,0.075433,59.712406,59.712406,59.712406,59.712406,0.446008,0.736036,0.786777,0.795568,calls/second,milliseconds
1740830876,43,59.712406,1.697302,0.005550,8.483104,0.054380,0.076730,2.032712,21.310825,59.712406,59.712406,2.034809,1.229424,0.886546,0.828876,calls/second,milliseconds
1740830883,532,59.712406,0.151335,0.005550,2.303607,0.029248,0.036315,0.072019,0.111589,0.208751,59.712406,19.209992,2.154557,1.083458,0.895198,calls/second,milliseconds
1740830883,532,59.712406,0.151335,0.005550,2.303607,0.029248,0.036315,0.072019,0.111589,0.208751,59.712406,19.183915,2.154557,1.083458,0.895198,calls/second,milliseconds
