t,count,max,mean,min,stddev,p50,p75,p95,p98,p99,p999,mean_rate,m1_rate,m5_rate,m15_rate,rate_unit,duration_unit
1740833783,4,59.651689,33.382465,5.920069,22.651910,51.407031,59.651689,59.651689,59.651689,59.651689,59.651689,0.281953,0.736036,0.786777,0.795568,calls/second,milliseconds
1740833793,18,300.289949,27.847207,0.001632,70.656992,0.668152,24.211989,300.289949,300.289949,300.289949,300.289949,0.747558,0.639032,0.764289,0.787885,calls/second,milliseconds
1740833803,1359,300.289949,0.680666,0.001632,9.168491,0.182580,0.254192,0.552378,1.396406,3.504880,59.651689,39.884884,2.638340,1.177636,0.926406,calls/second,milliseconds
1740833804,1377,300.289949,0.683879,0.001632,9.166946,0.179745,0.253346,0.572252,1.411716,4.772512,59.651689,39.776103,2.638340,1.177636,0.926406,calls/second,milliseconds
1740833804,1377,300.289949,0.683879,0.001632,9.166946,0.179745,0.253346,0.572252,1.411716,4.772512,59.651689,39.734927,2.638340,1.177636,0.926406,calls/second,milliseconds
