t,count,max,mean,min,stddev,p50,p75,p95,p98,p99,p999
1740831891,0,0,0.000000,0,0.000000,0.000000,0.000000,0.000000,0.000000,0.000000,0.000000
1740831901,1,6884,6884.000000,6884,0.000000,6884.000000,6884.000000,6884.000000,6884.000000,6884.000000,6884.000000
1740831911,10,47063,9029.653687,1214,13826.039387,2433.000000,6884.000000,47063.000000,47063.000000,47063.000000,47063.000000
1740831912,10,47063,9029.653687,1214,13826.039387,2433.000000,6884.000000,47063.000000,47063.000000,47063.000000,47063.000000
1740831912,10,47063,9029.653687,1214,13826.039387,2433.000000,6884.000000,47063.000000,47063.000000,47063.000000,47063.000000
