t,count,max,mean,min,stddev,p50,p75,p95,p98,p99,p999,mean_rate,m1_rate,m5_rate,m15_rate,rate_unit,duration_unit
1740832156,4,93.825539,46.566418,6.748654,34.713921,64.909957,93.825539,93.825539,93.825539,93.825539,93.825539,0.263851,0.058850,0.013004,0.004408,calls/second,milliseconds
1740832166,6,93.825539,37.375818,6.748654,30.807160,35.763792,64.909957,93.825539,93.825539,93.825539,93.825539,0.241096,0.070136,0.016095,0.005491,calls/second,milliseconds
1740832176,70,157.235886,7.403585,0.005501,23.128547,0.272367,0.765147,35.763792,93.825539,157.235886,157.235886,2.004164,0.425886,0.091544,0.030909,calls/second,milliseconds
1740832186,653,157.235886,1.467999,0.005501,8.168153,0.358618,0.530455,3.039492,9.323252,32.699217,157.235886,14.507574,10.056806,2.141493,0.721605,calls/second,milliseconds
1740832196,1786,157.235886,0.682907,0.006536,5.676005,0.234657,0.368468,0.890793,2.618128,6.509836,82.851307,32.534338,18.527556,4.023409,1.360265,calls/second,milliseconds
1740832201,2519,82.851307,0.493647,0.006536,3.617430,0.187204,0.302694,0.668041,1.746765,3.039492,82.674343,41.517751,34.384933,7.876853,2.687998,calls/second,milliseconds
1740832201,2519,82.851307,0.493647,0.006536,3.617430,0.187204,0.302694,0.668041,1.746765,3.039492,82.674343,41.490540,34.384933,7.876853,2.687998,calls/second,milliseconds
