t,count,max,mean,min,stddev,p50,p75,p95,p98,p99,p999,mean_rate,m1_rate,m5_rate,m15_rate,rate_unit,duration_unit
1740834816,4,34.913175,8.743200,0.011911,15.109245,0.034338,34.913175,34.913175,34.913175,34.913175,34.913175,0.354151,0.736036,0.786777,0.795568,calls/second,milliseconds
1740834822,5,34.913175,6.650907,0.011911,13.675086,0.034338,0.067481,34.913175,34.913175,34.913175,34.913175,0.292464,0.677185,0.773773,0.791160,calls/second,milliseconds
1740834822,5,34.913175,6.650907,0.011911,13.675086,0.034338,0.067481,34.913175,34.913175,34.913175,34.913175,0.291836,0.677185,0.773773,0.791160,calls/second,milliseconds
