t,count,max,mean,min,stddev,p50,p75,p95,p98,p99,p999,mean_rate,m1_rate,m5_rate,m15_rate,rate_unit,duration_unit
1740834108,4,25.898602,6.477641,0.002072,11.212697,0.007540,25.898602,25.898602,25.898602,25.898602,25.898602,0.354219,0.736036,0.786777,0.795568,calls/second,milliseconds
1740834118,16,25.898602,2.871639,0.001527,7.994261,0.007649,0.013105,25.898602,25.898602,25.898602,25.898602,0.755249,0.687005,0.774206,0.791209,calls/second,milliseconds
1740834127,555,25.898602,0.073609,0.000190,1.308895,0.004298,0.005576,0.008618,0.027789,0.052036,25.898602,18.116421,6.505309,1.980106,1.195566,calls/second,milliseconds
1740834127,555,25.898602,0.073609,0.000190,1.308895,0.004298,0.005576,0.008618,0.027789,0.052036,25.898602,18.094902,6.505309,1.980106,1.195566,calls/second,milliseconds
