t,count,max,mean,min,stddev,p50,p75,p95,p98,p99,p999
1740833909,0,0,0.000000,0,0.000000,0.000000,0.000000,0.000000,0.000000,0.000000,0.000000
1740833919,5,6704,4860.000000,2218,1457.610099,5174.000000,5218.000000,6704.000000,6704.000000,6704.000000,6704.000000
1740833926,14,16929,4126.182669,931,4297.157984,1630.000000,5218.000000,16929.000000,16929.000000,16929.000000,16929.000000
1740833926,14,16929,4126.182669,931,4297.157984,1630.000000,5218.000000,16929.000000,16929.000000,16929.000000,16929.000000
