t,count,max,mean,min,stddev,p50,p75,p95,p98,p99,p999,mean_rate,m1_rate,m5_rate,m15_rate,rate_unit,duration_unit
1740831766,4,41.906210,10.494894,0.012179,18.135337,0.047685,41.906210,41.906210,41.906210,41.906210,41.906210,0.337865,0.736036,0.786777,0.795568,calls/second,milliseconds
1740831776,7,41.906210,8.881761,0.012179,14.868924,0.047685,21.616798,41.906210,41.906210,41.906210,41.906210,0.322412,0.655023,0.767595,0.788993,calls/second,milliseconds
1740831786,841,41.906210,0.082306,0.001909,1.354402,0.021901,0.029547,0.059082,0.092786,0.114579,21.616798,26.521996,7.261784,2.130446,1.245605,calls/second,milliseconds
1740831786,841,41.906210,0.082306,0.001909,1.354402,0.021901,0.029547,0.059082,0.092786,0.114579,21.616798,26.505699,7.261784,2.130446,1.245605,calls/second,milliseconds
1740831786,841,41.906210,0.082306,0.001909,1.354402,0.021901,0.029547,0.059082,0.092786,0.114579,21.616798,26.482712,7.261784,2.130446,1.245605,calls/second,milliseconds
