t,count,max,mean,min,stddev,p50,p75,p95,p98,p99,p999,mean_rate,m1_rate,m5_rate,m15_rate,rate_unit,duration_unit
1740831449,4,97.290734,37.097313,6.150039,35.682434,28.966315,97.290734,97.290734,97.290734,97.290734,97.290734,0.282334,0.736036,0.786777,0.795568,calls/second,milliseconds
1740831459,27,319.591715,20.620963,0.001432,62.830688,0.179305,11.450103,97.290734,319.591715,319.591715,319.591715,1.122022,0.655023,0.767595,0.788993,calls/second,milliseconds
1740831468,905,319.591715,0.911359,0.001432,10.598739,0.229922,0.303683,0.924338,2.681951,12.526710,97.290734,27.376221,3.214122,1.296642,0.966295,calls/second,milliseconds
1740831468,905,319.591715,0.911359,0.001432,10.598739,0.229922,0.303683,0.924338,2.681951,12.526710,97.290734,27.346964,3.214122,1.296642,0.966295,calls/second,milliseconds
