t,count,max,mean,min,stddev,p50,p75,p95,p98,p99,p999,mean_rate,m1_rate,m5_rate,m15_rate,rate_unit,duration_unit
1740830734,0,0.000000,0.000000,0.000000,0.000000,0.000000,0.000000,0.000000,0.000000,0.000000,0.000000,0.000000,0.000000,0.000000,0.000000,calls/second,milliseconds
1740830744,0,0.000000,0.000000,0.000000,0.000000,0.000000,0.000000,0.000000,0.000000,0.000000,0.000000,0.000000,0.000000,0.000000,0.000000,calls/second,milliseconds
1740830754,528,359.682422,2.421077,0.002114,17.777300,0.474183,0.702427,3.891164,21.718456,25.941684,359.682422,16.921982,4.799297,1.004908,0.337575,calls/second,milliseconds
1740830764,2762,143.543665,0.782608,0.000701,5.877276,0.290008,0.442822,0.812785,3.293756,13.851959,123.540946,67.052255,36.215238,7.907972,2.675506,calls/second,milliseconds
1740830766,3543,143.543665,0.675875,0.000790,5.670370,0.259907,0.434081,0.665832,1.492714,5.207462,123.540946,82.432580,36.215238,7.907972,2.675506,calls/second,milliseconds
1740830766,3543,143.543665,0.675875,0.000790,5.670370,0.259907,0.434081,0.665832,1.492714,5.207462,123.540946,82.345867,36.215238,7.907972,2.675506,calls/second,milliseconds
