t,count,max,mean,min,stddev,p50,p75,p95,p98,p99,p999,mean_rate,m1_rate,m5_rate,m15_rate,rate_unit,duration_unit
1740832753,4,43.052389,10.768201,0.002685,18.639285,0.014916,43.052389,43.052389,43.052389,43.052389,43.052389,0.348286,0.736036,0.786777,0.795568,calls/second,milliseconds
1740832763,8,43.052389,8.250617,0.002685,15.020258,0.011281,0.014916,43.052389,43.052389,43.052389,43.052389,0.374607,0.655023,0.767595,0.788993,calls/second,milliseconds
1740832773,486,43.052389,0.109079,0.000130,1.913296,0.004351,0.005720,0.009520,0.027282,0.093661,43.052389,15.497248,3.445670,1.343250,0.981845,calls/second,milliseconds
1740832773,487,43.052389,0.108884,0.000130,1.911270,0.004351,0.005725,0.010040,0.027282,0.093661,43.052389,15.473512,3.445670,1.343250,0.981845,calls/second,milliseconds
1740832773,487,43.052389,0.108884,0.000130,1.911270,0.004351,0.005725,0.010040,0.027282,0.093661,43.052389,15.454837,3.445670,1.343250,0.981845,calls/second,milliseconds
