t,count,max,mean,min,stddev,p50,p75,p95,p98,p99,p999,mean_rate,m1_rate,m5_rate,m15_rate,rate_unit,duration_unit
1740833783,0,0.000000,0.000000,0.000000,0.000000,0.000000,0.000000,0.000000,0.000000,0.000000,0.000000,0.000000,0.000000,0.000000,0.000000,calls/second,milliseconds
1740833793,1,440.738944,440.738944,440.738944,0.000000,440.738944,440.738944,440.738944,440.738944,440.738944,440.738944,0.047641,0.000000,0.000000,0.000000,calls/second,milliseconds
1740833803,1306,440.738944,1.185703,0.008985,14.004933,0.295242,0.496668,1.002043,2.718220,9.276676,106.819243,42.151115,14.353000,2.970849,0.996009,calls/second,milliseconds
1740833804,1322,440.738944,1.176060,0.008985,13.998143,0.299119,0.495896,0.998823,2.675395,9.276676,106.819243,41.928203,14.353000,2.970849,0.996009,calls/second,milliseconds
1740833804,1322,440.738944,1.176060,0.008985,13.998143,0.299119,0.495896,0.998823,2.675395,9.276676,106.819243,41.880430,14.353000,2.970849,0.996009,calls/second,milliseconds
