t,count,max,mean,min,stddev,p50,p75,p95,p98,p99,p999,mean_rate,m1_rate,m5_rate,m15_rate,rate_unit,duration_unit
1740830866,0,0.000000,0.000000,0.000000,0.000000,0.000000,0.000000,0.000000,0.000000,0.000000,0.000000,0.000000,0.000000,0.000000,0.000000,calls/second,milliseconds
1740830876,21,316.492540,32.939464,0.006993,86.114408,0.104839,13.730408,274.736079,316.492540,316.492540,316.492540,1.001555,0.335813,0.069420,0.023269,calls/second,milliseconds
1740830883,478,316.492540,2.376128,0.006993,19.545962,0.442831,0.668969,2.223255,5.875586,33.064817,316.492540,17.364008,0.964599,0.203807,0.068569,calls/second,milliseconds
1740830883,478,316.492540,2.376128,0.006993,19.545962,0.442831,0.668969,2.223255,5.875586,33.064817,316.492540,17.339624,0.964599,0.203807,0.068569,calls/second,milliseconds
