t,count,max,mean,min,stddev,p50,p75,p95,p98,p99,p999,mean_rate,m1_rate,m5_rate,m15_rate,rate_unit,duration_unit
1740829349,4,59.272963,14.821381,0.001994,25.664133,0.008363,59.272963,59.272963,59.272963,59.272963,59.272963,0.355032,0.736036,0.786777,0.795568,calls/second,milliseconds
1740829359,21,59.272963,3.339530,0.001011,12.113446,0.011539,0.017832,23.342956,59.272963,59.272963,59.272963,0.991453,0.813655,0.800597,0.800067,calls/second,milliseconds
1740829366,487,59.272963,0.129931,0.000306,2.408642,0.005365,0.007036,0.012699,0.027960,0.105291,59.272963,17.315599,1.388244,0.919593,0.839956,calls/second,milliseconds
1740829366,487,59.272963,0.129931,0.000306,2.408642,0.005365,0.007036,0.012699,0.027960,0.105291,59.272963,17.289100,1.388244,0.919593,0.839956,calls/second,milliseconds
