t,count,max,mean,min,stddev,p50,p75,p95,p98,p99,p999,mean_rate,m1_rate,m5_rate,m15_rate,rate_unit,duration_unit
1740835304,4,97.724150,36.245131,6.048502,36.317720,27.499842,97.724150,97.724150,97.724150,97.724150,97.724150,0.282139,0.736036,0.786777,0.795568,calls/second,milliseconds
1740835314,14,165.702131,36.971408,0.112677,51.516398,11.152628,29.858146,165.702131,165.702131,165.702131,165.702131,0.581732,0.655023,0.767595,0.788993,calls/second,milliseconds
1740835324,988,165.702131,1.042043,0.020739,7.394355,0.353763,0.538610,1.448696,4.112631,9.507544,123.812620,28.994161,1.727579,0.986616,0.862220,calls/second,milliseconds
1740835326,1323,95.245941,0.782121,0.033316,4.549756,0.341315,0.508480,1.257464,2.898359,7.063036,95.245941,37.407980,19.979234,4.771874,2.131678,calls/second,milliseconds
1740835326,1323,95.245941,0.782121,0.033316,4.549756,0.341315,0.508480,1.257464,2.898359,7.063036,95.245941,37.368151,19.979234,4.771874,2.131678,calls/second,milliseconds
