t,count,max,mean,min,stddev,p50,p75,p95,p98,p99,p999
1740834211,0,0,0.000000,0,0.000000,0.000000,0.000000,0.000000,0.000000,0.000000,0.000000
1740834221,6,851,255.522416,109,265.096890,156.000000,157.000000,851.000000,851.000000,851.000000,851.000000
1740834231,22,851,107.063593,13,163.925218,53.000000,124.000000,157.000000,851.000000,851.000000,851.000000
1740834240,27,851,88.754504,9,149.454297,40.000000,113.000000,157.000000,851.000000,851.000000,851.000000
1740834240,27,851,88.754504,9,149.454297,40.000000,113.000000,157.000000,851.000000,851.000000,851.000000
