t,count,max,mean,min,stddev,p50,p75,p95,p98,p99,p999,mean_rate,m1_rate,m5_rate,m15_rate,rate_unit,duration_unit
1740829929,0,0.000000,0.000000,0.000000,0.000000,0.000000,0.000000,0.000000,0.000000,0.000000,0.000000,0.000000,0.000000,0.000000,0.000000,calls/second,milliseconds
1740829939,8,455.440658,72.860141,0.009095,148.440857,10.170926,105.306151,455.440658,455.440658,455.440658,455.440658,0.380853,0.127929,0.026446,0.008864,calls/second,milliseconds
1740829947,844,455.440658,1.690799,0.009095,17.428342,0.421623,0.615128,1.547322,2.981035,11.267458,455.440658,29.803194,1.189105,0.247491,0.083053,calls/second,milliseconds
1740829947,844,455.440658,1.690799,0.009095,17.428342,0.421623,0.615128,1.547322,2.981035,11.267458,455.440658,29.759030,1.189105,0.247491,0.083053,calls/second,milliseconds
