t,count,max,mean,min,stddev,p50,p75,p95,p98,p99,p999,mean_rate,m1_rate,m5_rate,m15_rate,rate_unit,duration_unit
1740831263,5,58.863397,22.227506,4.769291,20.179497,13.221146,30.524081,58.863397,58.863397,58.863397,58.863397,0.356765,0.736036,0.786777,0.795568,calls/second,milliseconds
1740831273,13,58.863397,10.234733,0.002239,16.093963,0.094601,13.221146,58.863397,58.863397,58.863397,58.863397,0.542980,0.637753,0.764235,0.787879,calls/second,milliseconds
1740831283,405,141.181254,1.517200,0.002239,8.064506,0.297630,0.436039,4.769291,14.700018,30.524081,141.181254,11.935882,1.916379,1.028771,0.876533,calls/second,milliseconds
1740831286,1793,45.745780,0.400371,0.002239,2.075484,0.177998,0.259435,0.576443,1.452360,4.769291,30.602751,47.789622,12.557158,3.243121,1.619597,calls/second,milliseconds
1740831287,1793,45.745780,0.400371,0.002239,2.075484,0.177998,0.259435,0.576443,1.452360,4.769291,30.602751,47.735371,12.557158,3.243121,1.619597,calls/second,milliseconds
