t,count,max,mean,min,stddev,p50,p75,p95,p98,p99,p999
1740832451,0,0,0.000000,0,0.000000,0.000000,0.000000,0.000000,0.000000,0.000000,0.000000
1740832461,7,252,42.857143,5,85.445770,7.000000,15.000000,252.000000,252.000000,252.000000,252.000000
1740832471,139,677,86.284420,1,129.015624,34.000000,137.000000,408.000000,497.000000,677.000000,677.000000
1740832481,145,677,83.813107,1,126.889031,31.000000,136.000000,408.000000,497.000000,677.000000,677.000000
1740832491,195,677,67.894716,1,113.956162,10.000000,59.000000,252.000000,426.000000,497.000000,677.000000
1740832499,259,677,58.850067,1,104.149242,10.000000,50.000000,283.000000,408.000000,446.000000,677.000000
1740832499,259,677,58.850067,1,104.149242,10.000000,50.000000,283.000000,408.000000,446.000000,677.000000
