t,count,max,mean,min,stddev,p50,p75,p95,p98,p99,p999
1740834463,0,0,0.000000,0,0.000000,0.000000,0.000000,0.000000,0.000000,0.000000,0.000000
1740834473,42,630,102.401441,5,130.778303,49.000000,154.000000,340.000000,630.000000,630.000000,630.000000
1740834481,106,708,69.418363,1,114.276208,15.000000,96.000000,276.000000,356.000000,630.000000,708.000000
1740834481,106,708,69.418363,1,114.276208,15.000000,96.000000,276.000000,356.000000,630.000000,708.000000
