t,count,max,mean,min,stddev,p50,p75,p95,p98,p99,p999
1740832245,0,0,0.000000,0,0.000000,0.000000,0.000000,0.000000,0.000000,0.000000,0.000000
1740832255,0,0,0.000000,0,0.000000,0.000000,0.000000,0.000000,0.000000,0.000000,0.000000
1740832265,14,7456,2031.170791,562,1929.527376,580.000000,2882.000000,7456.000000,7456.000000,7456.000000,7456.000000
1740832267,14,7456,2031.170791,562,1929.527376,580.000000,2882.000000,7456.000000,7456.000000,7456.000000,7456.000000
1740832268,14,7456,2031.170791,562,1929.527376,580.000000,2882.000000,7456.000000,7456.000000,7456.000000,7456.000000
