t,count,max,mean,min,stddev,p50,p75,p95,p98,p99,p999,mean_rate,m1_rate,m5_rate,m15_rate,rate_unit,duration_unit
1740833721,0,0.000000,0.000000,0.000000,0.000000,0.000000,0.000000,0.000000,0.000000,0.000000,0.000000,0.000000,0.000000,0.000000,0.000000,calls/second,milliseconds
1740833731,7,327.978111,68.442460,0.008442,113.692444,12.098535,123.799351,327.978111,327.978111,327.978111,327.978111,0.332253,0.000000,0.000000,0.000000,calls/second,milliseconds
1740833741,1089,327.978111,1.103896,0.003755,11.478799,0.279918,0.493809,0.908628,1.986446,8.023999,132.332572,35.047828,13.892463,2.877743,0.964923,calls/second,milliseconds
1740833744,1695,327.978111,0.697070,0.003755,9.600373,0.313711,0.490690,0.765279,1.476612,2.138633,35.044998,50.607795,13.892463,2.877743,0.964923,calls/second,milliseconds
1740833744,1695,327.978111,0.697070,0.003755,9.600373,0.313711,0.490690,0.765279,1.476612,2.138633,35.044998,50.539750,13.892463,2.877743,0.964923,calls/second,milliseconds
