t,count,max,mean,min,stddev,p50,p75,p95,p98,p99,p999,mean_rate,m1_rate,m5_rate,m15_rate,rate_unit,duration_unit
1740833909,0,0.000000,0.000000,0.000000,0.000000,0.000000,0.000000,0.000000,0.000000,0.000000,0.000000,0.000000,0.000000,0.000000,0.000000,calls/second,milliseconds
1740833919,14,315.277996,45.034488,0.007339,95.739790,0.017445,23.345459,315.277996,315.277996,315.277996,315.277996,0.665657,0.223876,0.046280,0.015512,calls/second,milliseconds
1740833926,875,315.277996,1.509133,0.007339,14.142927,0.313254,0.524671,1.041024,2.959579,18.298917,315.277996,30.957846,0.621745,0.131463,0.044235,calls/second,milliseconds
1740833926,875,315.277996,1.509133,0.007339,14.142927,0.313254,0.524671,1.041024,2.959579,18.298917,315.277996,30.916640,0.621745,0.131463,0.044235,calls/second,milliseconds
