t,count,max,mean,min,stddev,p50,p75,p95,p98,p99,p999,mean_rate,m1_rate,m5_rate,m15_rate,rate_unit,duration_unit
1740835304,4,28.262820,7.069192,0.002202,12.236147,0.009215,28.262820,28.262820,28.262820,28.262820,28.262820,0.355522,0.736036,0.786777,0.795568,calls/second,milliseconds
1740835314,14,42.599563,4.780035,0.001161,12.519535,0.009215,0.021595,42.599563,42.599563,42.599563,42.599563,0.662224,0.782952,0.794041,0.797857,calls/second,milliseconds
1740835324,987,42.599563,0.060922,0.000469,1.428708,0.004615,0.006089,0.008986,0.012014,0.022732,28.262820,31.688909,12.391302,3.199262,1.604355,calls/second,milliseconds
1740835326,1323,0.880127,0.006641,0.000509,0.032393,0.004615,0.005990,0.008682,0.014090,0.025026,0.557821,40.781975,12.391302,3.199262,1.604355,calls/second,milliseconds
1740835326,1323,0.880127,0.006641,0.000509,0.032393,0.004615,0.005990,0.008682,0.014090,0.025026,0.557821,40.734711,12.391302,3.199262,1.604355,calls/second,milliseconds
