t,count,max,mean,min,stddev,p50,p75,p95,p98,p99,p999
1740830585,0,0,0.000000,0,0.000000,0.000000,0.000000,0.000000,0.000000,0.000000,0.000000
1740830595,30,518,116.832913,5,148.755026,52.000000,175.000000,486.000000,518.000000,518.000000,518.000000
1740830602,80,990,106.921229,1,166.407152,38.000000,138.000000,406.000000,548.000000,990.000000,990.000000
1740830602,80,990,106.921229,1,166.407152,38.000000,138.000000,406.000000,548.000000,990.000000,990.000000
