t,count,max,mean,min,stddev,p50,p75,p95,p98,p99,p999,mean_rate,m1_rate,m5_rate,m15_rate,rate_unit,duration_unit
1740830156,4,52.175742,13.077887,0.023224,22.573162,0.063324,52.175742,52.175742,52.175742,52.175742,52.175742,0.346790,0.736036,0.786777,0.795568,calls/second,milliseconds
1740830167,30,52.175742,2.154996,0.007314,9.022583,0.063316,0.079726,21.560250,52.175742,52.175742,52.175742,1.399801,0.701718,0.777457,0.792311,calls/second,milliseconds
1740830174,496,52.175742,0.153243,0.004888,2.135044,0.028296,0.034655,0.080805,0.107815,0.254358,52.175742,17.345143,1.365212,0.913364,0.837783,calls/second,milliseconds
1740830174,496,52.175742,0.153243,0.004888,2.135044,0.028296,0.034655,0.080805,0.107815,0.254358,52.175742,17.321834,1.365212,0.913364,0.837783,calls/second,milliseconds
