t,count,max,mean,min,stddev,p50,p75,p95,p98,p99,p999,mean_rate,m1_rate,m5_rate,m15_rate,rate_unit,duration_unit
1740834402,4,32.785223,8.216811,0.017542,14.184582,0.043013,32.785223,32.785223,32.785223,32.785223,32.785223,0.356849,0.736036,0.786777,0.795568,calls/second,milliseconds
1740834412,37,32.785223,1.529694,0.004494,6.356399,0.062235,0.089425,2.335230,32.785223,32.785223,32.785223,1.753048,0.782952,0.794041,0.797857,calls/second,milliseconds
1740834422,967,32.785223,0.075308,0.001397,1.178893,0.020119,0.028225,0.058402,0.105494,0.152212,27.522421,31.085337,9.397145,2.586176,1.399198,calls/second,milliseconds
1740834424,1731,2.335230,0.028003,0.001397,0.069516,0.022239,0.030895,0.053808,0.075945,0.128584,0.435780,51.384983,9.397145,2.586176,1.399198,calls/second,milliseconds
1740834424,1731,2.335230,0.028003,0.001397,0.069516,0.022239,0.030895,0.053808,0.075945,0.128584,0.435780,51.322617,9.397145,2.586176,1.399198,calls/second,milliseconds
