t,count,max,mean,min,stddev,p50,p75,p95,p98,p99,p999,mean_rate,m1_rate,m5_rate,m15_rate,rate_unit,duration_unit
1740834211,0,0.000000,0.000000,0.000000,0.000000,0.000000,0.000000,0.000000,0.000000,0.000000,0.000000,0.000000,0.000000,0.000000,0.000000,calls/second,milliseconds
1740834221,0,0.000000,0.000000,0.000000,0.000000,0.000000,0.000000,0.000000,0.000000,0.000000,0.000000,0.000000,0.000000,0.000000,0.000000,calls/second,milliseconds
1740834231,62,313.346474,13.807471,0.008569,46.807719,0.232480,1.439012,88.898876,146.371110,313.346474,313.346474,1.995245,0.964599,0.203807,0.068569,calls/second,milliseconds
1740834240,1748,313.346474,0.910928,0.009437,9.467325,0.316137,0.513978,0.919479,2.340129,9.348254,79.035990,44.121216,9.122899,1.902878,0.638825,calls/second,milliseconds
1740834240,1748,313.346474,0.910928,0.009437,9.467325,0.316137,0.513978,0.919479,2.340129,9.348254,79.035990,44.071052,9.122899,1.902878,0.638825,calls/second,milliseconds
