t,count,max,mean,min,stddev,p50,p75,p95,p98,p99,p999
1740831020,0,0,0.000000,0,0.000000,0.000000,0.000000,0.000000,0.000000,0.000000,0.000000
1740831030,8,801,232.942841,134,213.373662,156.000000,166.000000,801.000000,801.000000,801.000000,801.000000
1740831040,25,801,95.451308,11,150.048159,31.000000,147.000000,191.000000,801.000000,801.000000,801.000000
1740831041,25,801,95.451308,11,150.048159,31.000000,147.000000,191.000000,801.000000,801.000000,801.000000
1740831041,25,801,95.451308,11,150.048159,31.000000,147.000000,191.000000,801.000000,801.000000,801.000000
