t,count,max,mean,min,stddev,p50,p75,p95,p98,p99,p999
1740832311,0,0,0.000000,0,0.000000,0.000000,0.000000,0.000000,0.000000,0.000000,0.000000
1740832321,0,0,0.000000,0,0.000000,0.000000,0.000000,0.000000,0.000000,0.000000,0.000000
1740832331,29,10472,2379.225695,562,2435.395108,1613.000000,3211.000000,7288.000000,10472.000000,10472.000000,10472.000000
1740832341,87,10480,1994.506874,562,2218.037372,1379.000000,2580.000000,7293.000000,10480.000000,10480.000000,10480.000000
1740832342,87,10480,1994.506874,562,2218.037372,1379.000000,2580.000000,7293.000000,10480.000000,10480.000000,10480.000000
1740832342,87,10480,1994.506874,562,2218.037372,1379.000000,2580.000000,7293.000000,10480.000000,10480.000000,10480.000000
