t,count,max,mean,min,stddev,p50,p75,p95,p98,p99,p999,mean_rate,m1_rate,m5_rate,m15_rate,rate_unit,duration_unit
1740830212,4,31.105791,7.797408,0.012634,13.457114,0.058260,31.105791,31.105791,31.105791,31.105791,31.105791,0.355088,0.736036,0.786777,0.795568,calls/second,milliseconds
1740830222,47,31.105791,1.124643,0.005160,5.151669,0.050562,0.078219,3.266709,23.757414,31.105791,31.105791,2.219935,0.910881,0.820486,0.806722,calls/second,milliseconds
1740830230,565,31.105791,0.114834,0.003456,1.422740,0.029569,0.038371,0.087467,0.139213,0.229190,31.105791,19.936363,2.661038,1.183776,0.928568,calls/second,milliseconds
1740830230,565,31.105791,0.114834,0.003456,1.422740,0.029569,0.038371,0.087467,0.139213,0.229190,31.105791,19.911310,2.661038,1.183776,0.928568,calls/second,milliseconds
