t,count,max,mean,min,stddev,p50,p75,p95,p98,p99,p999,mean_rate,m1_rate,m5_rate,m15_rate,rate_unit,duration_unit
1740832311,0,0.000000,0.000000,0.000000,0.000000,0.000000,0.000000,0.000000,0.000000,0.000000,0.000000,0.000000,0.000000,0.000000,0.000000,calls/second,milliseconds
1740832321,0,0.000000,0.000000,0.000000,0.000000,0.000000,0.000000,0.000000,0.000000,0.000000,0.000000,0.000000,0.000000,0.000000,0.000000,calls/second,milliseconds
1740832331,45,378.229814,17.172560,0.011186,58.593121,0.869780,3.978383,57.145609,378.229814,378.229814,378.229814,1.443684,0.399778,0.082643,0.027701,calls/second,milliseconds
1740832341,1502,378.229814,1.369139,0.003560,13.672886,0.276085,0.493388,0.869780,2.023951,20.264653,188.370891,36.493505,21.439691,4.456283,1.495118,calls/second,milliseconds
1740832342,1754,378.229814,1.229857,0.003560,13.277187,0.293347,0.497935,0.764204,1.477260,5.741763,188.370891,41.727995,21.439691,4.456283,1.495118,calls/second,milliseconds
1740832342,1754,378.229814,1.229857,0.003560,13.277187,0.293347,0.497935,0.764204,1.477260,5.741763,188.370891,41.677214,21.439691,4.456283,1.495118,calls/second,milliseconds
