t,count,max,mean,min,stddev,p50,p75,p95,p98,p99,p999
1740834336,0,0,0.000000,0,0.000000,0.000000,0.000000,0.000000,0.000000,0.000000,0.000000
1740834346,1,828,828.000000,828,0.000000,828.000000,828.000000,828.000000,828.000000,828.000000,828.000000
1740834356,24,828,139.815349,11,153.082589,108.000000,174.000000,228.000000,828.000000,828.000000,828.000000
1740834363,26,828,129.830050,11,149.995439,106.000000,174.000000,228.000000,828.000000,828.000000,828.000000
1740834363,26,828,129.830050,11,149.995439,106.000000,174.000000,228.000000,828.000000,828.000000,828.000000
