t,count,max,mean,min,stddev,p50,p75,p95,p98,p99,p999,mean_rate,m1_rate,m5_rate,m15_rate,rate_unit,duration_unit
1740829733,4,28.727619,7.185604,0.002263,12.437289,0.009868,28.727619,28.727619,28.727619,28.727619,28.727619,0.356981,0.736036,0.786777,0.795568,calls/second,milliseconds
1740829743,97,32.138290,0.547601,0.000217,4.038247,0.005467,0.008934,0.034841,0.053203,28.727619,32.138290,4.594828,1.181451,0.876629,0.825552,calls/second,milliseconds
1740829753,826,32.138290,0.063351,0.000217,1.317609,0.004617,0.006248,0.010717,0.033273,0.053203,32.138290,26.558415,11.785220,3.105088,1.574621,calls/second,milliseconds
1740829754,834,32.138290,0.062794,0.000217,1.310849,0.004607,0.006267,0.010717,0.034841,0.053203,32.138290,26.688498,11.785220,3.105088,1.574621,calls/second,milliseconds
1740829754,835,32.138290,0.062722,0.000217,1.310003,0.004607,0.006277,0.010717,0.034841,0.053203,32.138290,26.685793,11.785220,3.105088,1.574621,calls/second,milliseconds
