t,count,max,mean,min,stddev,p50,p75,p95,p98,p99,p999
1740832386,0,0,0.000000,0,0.000000,0.000000,0.000000,0.000000,0.000000,0.000000,0.000000
1740832396,2,3019,1853.000000,687,1166.000000,3019.000000,3019.000000,3019.000000,3019.000000,3019.000000,3019.000000
1740832406,27,14827,2394.191168,562,3112.058508,1473.000000,2944.000000,8755.000000,14827.000000,14827.000000,14827.000000
1740832408,27,14827,2394.191168,562,3112.058508,1473.000000,2944.000000,8755.000000,14827.000000,14827.000000,14827.000000
1740832408,27,14827,2394.191168,562,3112.058508,1473.000000,2944.000000,8755.000000,14827.000000,14827.000000,14827.000000
