t,count,max,mean,min,stddev,p50,p75,p95,p98,p99,p999,mean_rate,m1_rate,m5_rate,m15_rate,rate_unit,duration_unit
1740832753,4,51.848450,12.979866,0.011934,22.440791,0.044521,51.848450,51.848450,51.848450,51.848450,51.848450,0.348231,0.736036,0.786777,0.795568,calls/second,milliseconds
1740832763,8,51.848450,9.444507,0.011934,17.196864,0.093825,1.434631,51.848450,51.848450,51.848450,51.848450,0.374584,0.655023,0.767595,0.788993,calls/second,milliseconds
1740832773,486,51.848450,0.150394,0.003463,2.189158,0.029221,0.034349,0.079029,0.127296,0.161660,51.848450,15.495246,3.445670,1.343250,0.981845,calls/second,milliseconds
1740832773,487,51.848450,0.150142,0.003463,2.186840,0.029221,0.034349,0.079029,0.127296,0.161660,51.848450,15.472622,3.445670,1.343250,0.981845,calls/second,milliseconds
1740832773,487,51.848450,0.150142,0.003463,2.186840,0.029221,0.034349,0.079029,0.127296,0.161660,51.848450,15.453907,3.445670,1.343250,0.981845,calls/second,milliseconds
