t,count,max,mean,min,stddev,p50,p75,p95,p98,p99,p999,mean_rate,m1_rate,m5_rate,m15_rate,rate_unit,duration_unit
1740830388,5,80.578574,28.274534,5.029462,27.646092,17.196561,34.562043,80.578574,80.578574,80.578574,80.578574,0.356040,0.736036,0.786777,0.795568,calls/second,milliseconds
1740830398,44,358.573872,13.963098,0.001123,55.146573,0.195806,1.402529,34.562043,358.573872,358.573872,358.573872,1.835911,0.653744,0.767540,0.788987,calls/second,milliseconds
1740830406,534,358.573872,1.523196,0.001123,15.328074,0.314666,0.404782,1.871792,6.859473,25.540070,358.573872,16.677300,2.711571,1.196489,0.932944,calls/second,milliseconds
1740830407,534,358.573872,1.523196,0.001123,15.328074,0.314666,0.404782,1.871792,6.859473,25.540070,358.573872,16.656269,2.711571,1.196489,0.932944,calls/second,milliseconds
