t,count,max,mean,min,stddev,p50,p75,p95,p98,p99,p999
1740830640,0,0,0.000000,0,0.000000,0.000000,0.000000,0.000000,0.000000,0.000000,0.000000
1740830650,50,440,83.460000,5,98.966501,47.000000,118.000000,353.000000,366.000000,440.000000,440.000000
1740830661,173,705,85.531133,1,115.384818,38.000000,124.000000,353.000000,477.000000,499.000000,705.000000
1740830671,284,705,81.206909,1,114.232502,33.000000,129.000000,301.000000,477.000000,499.000000,705.000000
1740830681,389,705,74.307633,1,107.802920,23.000000,109.000000,301.000000,437.000000,488.000000,705.000000
1740830691,494,776,80.005986,1,118.998237,24.000000,128.000000,353.000000,477.000000,499.000000,776.000000
1740830694,494,776,80.005986,1,118.998237,24.000000,128.000000,353.000000,477.000000,499.000000,776.000000
1740830694,494,776,80.005986,1,118.998237,24.000000,128.000000,353.000000,477.000000,499.000000,776.000000
