t,count,max,mean,min,stddev,p50,p75,p95,p98,p99,p999,mean_rate,m1_rate,m5_rate,m15_rate,rate_unit,duration_unit
1740832156,4,94.031994,46.675189,6.815178,34.770440,65.021426,94.031994,94.031994,94.031994,94.031994,94.031994,0.263681,0.058850,0.013004,0.004408,calls/second,milliseconds
1740832166,6,210.687601,74.107816,6.815178,75.428319,65.021426,94.031994,210.687601,210.687601,210.687601,210.687601,0.241018,0.070136,0.016095,0.005491,calls/second,milliseconds
1740832176,70,210.687601,10.690305,0.018375,33.882152,0.312478,1.099442,54.470474,173.672264,210.687601,210.687601,2.003651,0.425886,0.091544,0.030909,calls/second,milliseconds
1740832186,653,210.687601,2.087314,0.018375,11.372372,0.609923,0.944430,4.344573,12.975343,38.715788,210.687601,14.502317,10.040815,2.138187,0.720497,calls/second,milliseconds
1740832196,1787,210.687601,0.878887,0.018375,6.051364,0.410098,0.639719,1.831156,3.530047,5.496672,54.470474,32.528834,18.528835,4.023463,1.360271,calls/second,milliseconds
1740832201,2519,153.225167,0.768169,0.018375,5.436182,0.402026,0.557780,1.261956,2.919477,4.324515,153.225167,41.511739,34.355312,7.870349,2.685795,calls/second,milliseconds
1740832201,2519,153.225167,0.768169,0.018375,5.436182,0.402026,0.557780,1.261956,2.919477,4.324515,153.225167,41.484170,34.355312,7.870349,2.685795,calls/second,milliseconds
