t,count,max,mean,min,stddev,p50,p75,p95,p98,p99,p999
1740833965,0,0,0.000000,0,0.000000,0.000000,0.000000,0.000000,0.000000,0.000000,0.000000
1740833975,8,7690,4663.925689,2218,1600.544771,4797.000000,5599.000000,7690.000000,7690.000000,7690.000000,7690.000000
1740833985,25,21198,7048.924519,1035,6849.316230,4665.000000,9385.000000,21198.000000,21198.000000,21198.000000,21198.000000
1740833995,27,21198,6510.139700,993,6746.005666,4665.000000,9385.000000,21198.000000,21198.000000,21198.000000,21198.000000
1740833995,27,21198,6510.139700,993,6746.005666,4665.000000,9385.000000,21198.000000,21198.000000,21198.000000,21198.000000
1740833995,27,21198,6510.139700,993,6746.005666,4665.000000,9385.000000,21198.000000,21198.000000,21198.000000,21198.000000
