t,count,max,mean,min,stddev,p50,p75,p95,p98,p99,p999
1740829616,0,0,0.000000,0,0.000000,0.000000,0.000000,0.000000,0.000000,0.000000,0.000000
1740829626,39,796,121.156406,5,184.663887,47.000000,128.000000,676.000000,796.000000,796.000000,796.000000
1740829635,89,2392,126.247554,1,295.726027,38.000000,128.000000,568.000000,796.000000,2392.000000,2392.000000
1740829635,89,2392,126.247554,1,295.726027,38.000000,128.000000,568.000000,796.000000,2392.000000,2392.000000
