t,count,max,mean,min,stddev,p50,p75,p95,p98,p99,p999,mean_rate,m1_rate,m5_rate,m15_rate,rate_unit,duration_unit
1740831559,4,95.934552,37.406924,5.986258,34.941128,31.043520,95.934552,95.934552,95.934552,95.934552,95.934552,0.282365,0.736036,0.786777,0.795568,calls/second,milliseconds
1740831569,11,303.407735,52.476173,0.059135,89.460059,10.204702,78.484834,303.407735,303.407735,303.407735,303.407735,0.457163,0.623041,0.760984,0.786777,calls/second,milliseconds
1740831579,433,303.407735,2.556665,0.045842,16.567222,0.593471,0.943515,4.738114,17.201122,36.164427,303.407735,12.711192,1.542522,0.949868,0.849989,calls/second,milliseconds
1740831587,2993,31.043520,0.494059,0.016037,1.060268,0.350951,0.628245,0.984582,1.603975,2.578989,11.747813,72.741267,39.991931,9.064871,3.579722,calls/second,milliseconds
1740831587,2993,31.043520,0.494059,0.016037,1.060268,0.350951,0.628245,0.984582,1.603975,2.578989,11.747813,72.636812,39.991931,9.064871,3.579722,calls/second,milliseconds
