t,count,max,mean,min,stddev,p50,p75,p95,p98,p99,p999
1740832674,0,0,0.000000,0,0.000000,0.000000,0.000000,0.000000,0.000000,0.000000,0.000000
1740832684,0,0,0.000000,0,0.000000,0.000000,0.000000,0.000000,0.000000,0.000000,0.000000
1740832694,93,376,70.765128,1,91.194247,38.000000,118.000000,327.000000,376.000000,376.000000,376.000000
1740832704,204,627,86.408112,1,108.855184,47.000000,137.000000,327.000000,374.000000,611.000000,627.000000
1740832709,254,627,72.362466,1,100.694666,27.000000,120.000000,301.000000,357.000000,376.000000,627.000000
1740832709,254,627,72.362466,1,100.694666,27.000000,120.000000,301.000000,357.000000,376.000000,627.000000
