t,count,max,mean,min,stddev,p50,p75,p95,p98,p99,p999,mean_rate,m1_rate,m5_rate,m15_rate,rate_unit,duration_unit
1740835425,0,0.000000,0.000000,0.000000,0.000000,0.000000,0.000000,0.000000,0.000000,0.000000,0.000000,0.000000,0.000000,0.000000,0.000000,calls/second,milliseconds
1740835435,0,0.000000,0.000000,0.000000,0.000000,0.000000,0.000000,0.000000,0.000000,0.000000,0.000000,0.000000,0.000000,0.000000,0.000000,calls/second,milliseconds
1740835444,450,446.235789,2.449755,0.068148,22.398007,0.436502,0.674011,1.889335,14.831015,33.132597,446.235789,15.173591,0.207885,0.042974,0.014404,calls/second,milliseconds
1740835444,450,446.235789,2.449755,0.068148,22.398007,0.436502,0.674011,1.889335,14.831015,33.132597,446.235789,15.154629,0.207885,0.042974,0.014404,calls/second,milliseconds
