t,count,max,mean,min,stddev,p50,p75,p95,p98,p99,p999
1740834580,0,0,0.000000,0,0.000000,0.000000,0.000000,0.000000,0.000000,0.000000,0.000000
1740834590,6,826,214.320356,90,269.501550,96.000000,101.000000,826.000000,826.000000,826.000000,826.000000
1740834594,9,826,155.739408,17,231.087930,93.000000,98.000000,826.000000,826.000000,826.000000,826.000000
1740834594,9,826,155.739408,17,231.087930,93.000000,98.000000,826.000000,826.000000,826.000000,826.000000
