t,count,max,mean,min,stddev,p50,p75,p95,p98,p99,p999
1740831263,0,0,0.000000,0,0.000000,0.000000,0.000000,0.000000,0.000000,0.000000,0.000000
1740831273,33,369,84.613861,5,104.917554,47.000000,124.000000,353.000000,369.000000,369.000000,369.000000
1740831283,158,615,102.517975,1,139.574198,38.000000,151.000000,390.000000,607.000000,615.000000,615.000000
1740831286,158,615,102.517975,1,139.574198,38.000000,151.000000,390.000000,607.000000,615.000000,615.000000
1740831287,158,615,102.517975,1,139.574198,38.000000,151.000000,390.000000,607.000000,615.000000,615.000000
