t,count,max,mean,min,stddev,p50,p75,p95,p98,p99,p999
1740832311,0,0,0.000000,0,0.000000,0.000000,0.000000,0.000000,0.000000,0.000000,0.000000
1740832321,0,0,0.000000,0,0.000000,0.000000,0.000000,0.000000,0.000000,0.000000,0.000000
1740832331,14,25991,6541.733860,1214,6473.020881,4260.000000,8030.000000,25991.000000,25991.000000,25991.000000,25991.000000
1740832341,42,25994,4979.553524,889,6665.821389,2218.000000,4260.000000,25991.000000,25994.000000,25994.000000,25994.000000
1740832342,42,25994,4979.553524,889,6665.821389,2218.000000,4260.000000,25991.000000,25994.000000,25994.000000,25994.000000
1740832342,42,25994,4979.553524,889,6665.821389,2218.000000,4260.000000,25991.000000,25994.000000,25994.000000,25994.000000
