t,count,max,mean,min,stddev,p50,p75,p95,p98,p99,p999,mean_rate,m1_rate,m5_rate,m15_rate,rate_unit,duration_unit
1740830268,0,0.000000,0.000000,0.000000,0.000000,0.000000,0.000000,0.000000,0.000000,0.000000,0.000000,0.000000,0.000000,0.000000,0.000000,calls/second,milliseconds
1740830278,1,296.336523,296.336523,296.336523,0.000000,296.336523,296.336523,296.336523,296.336523,296.336523,296.336523,0.047408,0.000000,0.000000,0.000000,calls/second,milliseconds
1740830288,266,296.336523,4.065321,0.004087,22.521730,0.447365,0.836870,7.453695,75.112540,116.330572,296.336523,8.551961,2.011711,0.424251,0.142690,calls/second,milliseconds
1740830291,913,296.336523,1.471507,0.004087,12.095527,0.387969,0.611355,1.303976,3.639232,23.842407,166.699010,27.255028,2.011711,0.424251,0.142690,calls/second,milliseconds
1740830291,913,296.336523,1.471507,0.004087,12.095527,0.387969,0.611355,1.303976,3.639232,23.842407,166.699010,27.224116,2.011711,0.424251,0.142690,calls/second,milliseconds
