t,count,max,mean,min,stddev,p50,p75,p95,p98,p99,p999,mean_rate,m1_rate,m5_rate,m15_rate,rate_unit,duration_unit
1740831829,4,45.695767,11.443632,0.015713,19.775482,0.044082,45.695767,45.695767,45.695767,45.695767,45.695767,0.350097,0.736036,0.786777,0.795568,calls/second,milliseconds
1740831839,8,45.695767,8.917396,0.015713,15.179942,0.082416,4.044365,45.695767,45.695767,45.695767,45.695767,0.375493,0.655023,0.767595,0.788993,calls/second,milliseconds
1740831849,487,45.695767,0.145210,0.003850,1.962868,0.030120,0.037670,0.071354,0.105092,0.183569,45.695767,15.656770,4.149279,1.488701,1.030598,calls/second,milliseconds
1740831849,487,45.695767,0.145210,0.003850,1.962868,0.030120,0.037670,0.071354,0.105092,0.183569,45.695767,15.637720,4.149279,1.488701,1.030598,calls/second,milliseconds
