t,count,max,mean,min,stddev,p50,p75,p95,p98,p99,p999,mean_rate,m1_rate,m5_rate,m15_rate,rate_unit,duration_unit
1740835188,4,93.610824,37.910846,7.139418,33.502320,33.494464,93.610824,93.610824,93.610824,93.610824,93.610824,0.279102,0.736036,0.786777,0.795568,calls/second,milliseconds
1740835198,47,328.254050,15.016880,0.026674,53.483125,0.230725,1.720476,93.610824,328.254050,328.254050,328.254050,1.940388,0.653744,0.767540,0.788987,calls/second,milliseconds
1740835208,219,328.254050,4.508387,0.026674,24.792867,0.572406,1.029896,13.440153,42.360014,93.610824,328.254050,6.399394,2.210732,1.093793,0.898571,calls/second,milliseconds
1740835213,627,328.254050,2.200216,0.026674,14.671989,0.610813,1.035347,3.521356,13.440153,37.800841,328.254050,16.053270,3.920923,1.465788,1.024340,calls/second,milliseconds
1740835213,627,328.254050,2.200216,0.026674,14.671989,0.610813,1.035347,3.521356,13.440153,37.800841,328.254050,16.037652,3.920923,1.465788,1.024340,calls/second,milliseconds
