t,count,max,mean,min,stddev,p50,p75,p95,p98,p99,p999
1740829733,0,0,0.000000,0,0.000000,0.000000,0.000000,0.000000,0.000000,0.000000,0.000000
1740829743,24,3779,1967.666667,580,1414.826658,580.000000,3162.000000,3779.000000,3779.000000,3779.000000,3779.000000
1740829753,26,3799,1988.066980,580,1435.265526,580.000000,3162.000000,3779.000000,3799.000000,3799.000000,3799.000000
1740829754,26,3799,1988.066980,580,1435.265526,580.000000,3162.000000,3779.000000,3799.000000,3799.000000,3799.000000
1740829754,26,3799,1988.066980,580,1435.265526,580.000000,3162.000000,3779.000000,3799.000000,3799.000000,3799.000000
