t,count,max,mean,min,stddev,p50,p75,p95,p98,p99,p999
1740830518,0,0,0.000000,0,0.000000,0.000000,0.000000,0.000000,0.000000,0.000000,0.000000
1740830529,33,719,118.853280,5,177.317166,47.000000,129.000000,645.000000,719.000000,719.000000,719.000000
1740830535,80,1562,107.895675,1,218.199517,23.000000,137.000000,404.000000,719.000000,1562.000000,1562.000000
1740830535,80,1562,107.895675,1,218.199517,23.000000,137.000000,404.000000,719.000000,1562.000000,1562.000000
