t,count,max,mean,min,stddev,p50,p75,p95,p98,p99,p999
1740831766,0,0,0.000000,0,0.000000,0.000000,0.000000,0.000000,0.000000,0.000000,0.000000
1740831776,4,879,354.046114,130,303.977863,165.000000,250.000000,879.000000,879.000000,879.000000,879.000000
1740831786,10,879,151.633242,9,246.378952,55.000000,165.000000,879.000000,879.000000,879.000000,879.000000
1740831786,10,879,151.633242,9,246.378952,55.000000,165.000000,879.000000,879.000000,879.000000,879.000000
1740831786,10,879,151.633242,9,246.378952,55.000000,165.000000,879.000000,879.000000,879.000000,879.000000
