t,count,max,mean,min,stddev,p50,p75,p95,p98,p99,p999,mean_rate,m1_rate,m5_rate,m15_rate,rate_unit,duration_unit
1740830640,4,98.650850,45.692272,14.111587,32.803065,46.701751,98.650850,98.650850,98.650850,98.650850,98.650850,0.282309,0.736036,0.786777,0.795568,calls/second,milliseconds
1740830650,14,98.650850,17.041826,0.018635,28.120372,0.150130,23.304898,98.650850,98.650850,98.650850,98.650850,0.581166,0.639032,0.764289,0.787885,calls/second,milliseconds
1740830661,346,193.054695,2.598328,0.018635,12.782486,0.542551,1.261684,4.974368,21.485929,67.013496,193.054695,10.155515,3.093763,1.270523,0.957468,calls/second,milliseconds
1740830671,1631,193.054695,0.961538,0.007454,7.059473,0.295549,0.575539,1.590215,3.050600,7.862477,98.650850,37.014428,16.786002,4.257338,1.967786,calls/second,milliseconds
1740830681,3829,196.866903,1.003354,0.004671,9.181841,0.277622,0.517222,1.144920,1.861642,2.569144,196.866903,70.850642,47.705817,11.189881,4.325095,calls/second,milliseconds
1740830691,6220,193.054695,0.523258,0.004671,5.209515,0.249014,0.470429,0.987250,1.209432,1.861642,66.026277,97.115073,62.927065,15.685896,5.919022,calls/second,milliseconds
1740830694,7605,193.054695,0.509378,0.012355,4.832705,0.245497,0.540389,1.011693,1.123435,1.433098,10.237753,113.481300,88.582648,21.770287,8.012540,calls/second,milliseconds
1740830694,7607,193.054695,0.509378,0.012355,4.832705,0.245497,0.540389,1.011693,1.123435,1.433098,10.237753,113.415853,88.582648,21.770287,8.012540,calls/second,milliseconds
