t,count,max,mean,min,stddev,p50,p75,p95,p98,p99,p999,mean_rate,m1_rate,m5_rate,m15_rate,rate_unit,duration_unit
1740831505,4,22.714683,5.685572,0.004322,9.831763,0.017877,22.714683,22.714683,22.714683,22.714683,22.714683,0.355533,0.736036,0.786777,0.795568,calls/second,milliseconds
1740831515,37,23.704283,1.110691,0.001584,4.949221,0.004553,0.007336,0.017877,23.704283,23.704283,23.704283,1.749228,1.150747,0.870072,0.823342,calls/second,milliseconds
1740831521,523,23.704283,0.076918,0.001442,1.268032,0.004565,0.005969,0.013115,0.032938,0.074024,23.704283,19.570122,2.066179,1.063951,0.888587,calls/second,milliseconds
1740831521,523,23.704283,0.076918,0.001442,1.268032,0.004565,0.005969,0.013115,0.032938,0.074024,23.704283,19.543056,2.066179,1.063951,0.888587,calls/second,milliseconds
