t,count,max,mean,min,stddev,p50,p75,p95,p98,p99,p999,mean_rate,m1_rate,m5_rate,m15_rate,rate_unit,duration_unit
1740834165,4,93.246161,39.345983,8.136965,33.361363,40.555200,93.246161,93.246161,93.246161,93.246161,93.246161,0.282900,0.736036,0.786777,0.795568,calls/second,milliseconds
1740834173,6,93.246161,25.797973,0.080811,31.313701,8.771625,40.555200,93.246161,93.246161,93.246161,93.246161,0.279649,0.639032,0.764289,0.787885,calls/second,milliseconds
1740834173,6,93.246161,25.797973,0.080811,31.313701,8.771625,40.555200,93.246161,93.246161,93.246161,93.246161,0.279165,0.639032,0.764289,0.787885,calls/second,milliseconds
