t,count,max,mean,min,stddev,p50,p75,p95,p98,p99,p999,mean_rate,m1_rate,m5_rate,m15_rate,rate_unit,duration_unit
1740832245,4,45.121662,11.297226,0.012101,19.528550,0.039209,45.121662,45.121662,45.121662,45.121662,45.121662,0.347459,0.736036,0.786777,0.795568,calls/second,milliseconds
1740832255,6,45.121662,11.703922,0.012101,16.955214,0.070150,23.419946,45.121662,45.121662,45.121662,45.121662,0.281083,0.653744,0.767540,0.788987,calls/second,milliseconds
1740832265,150,45.121662,0.395692,0.002219,3.511564,0.032458,0.054027,0.131673,0.651403,23.419946,45.121662,4.783705,2.281089,1.107289,0.903033,calls/second,milliseconds
1740832267,184,45.121662,0.323857,0.002219,3.145823,0.031761,0.045407,0.129931,0.183802,1.286806,45.121662,5.426870,2.281089,1.107289,0.903033,calls/second,milliseconds
1740832268,184,45.121662,0.323857,0.002219,3.145823,0.031761,0.045407,0.129931,0.183802,1.286806,45.121662,5.420675,2.281089,1.107289,0.903033,calls/second,milliseconds
