t,count,max,mean,min,stddev,p50,p75,p95,p98,p99,p999,mean_rate,m1_rate,m5_rate,m15_rate,rate_unit,duration_unit
1740835017,0,0.000000,0.000000,0.000000,0.000000,0.000000,0.000000,0.000000,0.000000,0.000000,0.000000,0.000000,0.000000,0.000000,0.000000,calls/second,milliseconds
1740835027,8,428.433498,70.811855,0.088812,139.678406,0.141616,11.058422,428.433498,428.433498,428.433498,428.433498,0.380117,0.000000,0.000000,0.000000,calls/second,milliseconds
1740835036,876,428.433498,1.756498,0.005613,19.219401,0.384211,0.582797,1.237508,2.902373,13.669271,428.433498,29.440989,0.479734,0.099171,0.033241,calls/second,milliseconds
1740835036,876,428.433498,1.756498,0.005613,19.219401,0.384211,0.582797,1.237508,2.902373,13.669271,428.433498,29.394903,0.479734,0.099171,0.033241,calls/second,milliseconds
