t,count,max,mean,min,stddev,p50,p75,p95,p98,p99,p999,mean_rate,m1_rate,m5_rate,m15_rate,rate_unit,duration_unit
1740830866,5,52.791040,10.230699,0.002035,20.862325,0.005056,0.008000,52.791040,52.791040,52.791040,52.791040,0.446104,0.736036,0.786777,0.795568,calls/second,milliseconds
1740830876,43,52.791040,1.482846,0.000513,7.642339,0.004988,0.008810,1.921108,21.232208,52.791040,52.791040,2.035054,1.229424,0.886546,0.828876,calls/second,milliseconds
1740830883,532,52.791040,0.112299,0.000513,2.074144,0.004900,0.006423,0.011917,0.033613,0.145380,52.791040,19.212391,2.154557,1.083458,0.895198,calls/second,milliseconds
1740830883,532,52.791040,0.112299,0.000513,2.074144,0.004900,0.006423,0.011917,0.033613,0.145380,52.791040,19.185668,2.154557,1.083458,0.895198,calls/second,milliseconds
