t,count,max,mean,min,stddev,p50,p75,p95,p98,p99,p999
1740835132,0,0,0.000000,0,0.000000,0.000000,0.000000,0.000000,0.000000,0.000000,0.000000
1740835142,60,1023,102.669299,5,156.282667,47.000000,148.000000,340.000000,363.000000,1023.000000,1023.000000
1740835149,114,1027,93.527213,1,173.605173,29.000000,118.000000,329.000000,955.000000,1023.000000,1027.000000
1740835149,114,1027,93.527213,1,173.605173,29.000000,118.000000,329.000000,955.000000,1023.000000,1027.000000
