t,count,max,mean,min,stddev,p50,p75,p95,p98,p99,p999,mean_rate,m1_rate,m5_rate,m15_rate,rate_unit,duration_unit
1740834336,4,77.086457,42.493338,8.517167,24.309653,44.693101,77.086457,77.086457,77.086457,77.086457,77.086457,0.282214,0.736036,0.786777,0.795568,calls/second,milliseconds
1740834346,6,77.086457,33.295534,8.517167,22.773302,26.967279,44.693101,77.086457,77.086457,77.086457,77.086457,0.249877,0.639032,0.764289,0.787885,calls/second,milliseconds
1740834356,190,175.122453,3.161840,0.000950,14.725194,0.231219,0.638850,16.406088,40.084186,44.693101,175.122453,5.523532,1.547090,0.947438,0.848979,calls/second,milliseconds
1740834363,1882,175.122453,0.540665,0.001261,5.674806,0.156886,0.224759,0.491808,1.707742,4.230818,77.086457,45.789469,23.675501,5.569669,2.401049,calls/second,milliseconds
1740834363,1883,175.122453,0.540665,0.001261,5.674806,0.156886,0.224759,0.491808,1.707742,4.230818,77.086457,45.766866,23.675501,5.569669,2.401049,calls/second,milliseconds
