t,count,max,mean,min,stddev,p50,p75,p95,p98,p99,p999,mean_rate,m1_rate,m5_rate,m15_rate,rate_unit,duration_unit
1740831207,4,24.721619,6.114120,0.002081,10.662773,0.002239,0.007572,24.721619,24.721619,24.721619,24.721619,0.356091,0.736036,0.786777,0.795568,calls/second,milliseconds
1740831217,21,24.721619,1.905296,0.001272,6.243472,0.006493,0.010414,20.202419,24.721619,24.721619,24.721619,0.993475,0.894890,0.817181,0.805614,calls/second,milliseconds
1740831225,925,24.721619,0.054391,0.000169,0.966902,0.004675,0.006144,0.009157,0.023230,0.071534,20.202419,32.408455,1.958708,1.038379,0.879821,calls/second,milliseconds
1740831225,925,24.721619,0.054391,0.000169,0.966902,0.004675,0.006144,0.009157,0.023230,0.071534,20.202419,32.370312,1.958708,1.038379,0.879821,calls/second,milliseconds
