t,count,max,mean,min,stddev,p50,p75,p95,p98,p99,p999,mean_rate,m1_rate,m5_rate,m15_rate,rate_unit,duration_unit
1740832888,4,100.274545,41.826798,5.849875,35.623833,38.117434,100.274545,100.274545,100.274545,100.274545,100.274545,0.267602,0.736036,0.786777,0.795568,calls/second,milliseconds
1740832898,6,196.687146,68.122405,5.849875,72.285104,38.117434,100.274545,196.687146,196.687146,196.687146,196.687146,0.242764,0.639032,0.764289,0.787885,calls/second,milliseconds
1740832908,70,196.687146,10.009534,0.018362,32.528173,0.338286,1.744143,60.739288,174.034772,196.687146,196.687146,2.015122,0.907446,0.815210,0.804658,calls/second,milliseconds
1740832918,958,196.687146,1.603908,0.018362,8.933989,0.530663,0.828709,3.806567,10.158845,23.065340,174.034772,21.328898,7.846474,2.260535,1.289691,calls/second,milliseconds
1740832928,2478,196.687146,0.775159,0.030263,5.667171,0.383439,0.568485,1.278745,3.519989,6.857894,60.739288,45.257950,27.053959,6.512343,2.731604,calls/second,milliseconds
1740832929,2516,196.687146,0.773973,0.030263,5.661200,0.384230,0.571826,1.278745,3.519989,6.857894,60.739288,45.640996,36.452421,8.794732,3.517576,calls/second,milliseconds
1740832929,2516,196.687146,0.773973,0.030263,5.661200,0.384230,0.571826,1.278745,3.519989,6.857894,60.739288,45.601321,36.452421,8.794732,3.517576,calls/second,milliseconds
