t,count,max,mean,min,stddev,p50,p75,p95,p98,p99,p999,mean_rate,m1_rate,m5_rate,m15_rate,rate_unit,duration_unit
1740831263,0,0.000000,0.000000,0.000000,0.000000,0.000000,0.000000,0.000000,0.000000,0.000000,0.000000,0.000000,0.000000,0.000000,0.000000,calls/second,milliseconds
1740831273,0,0.000000,0.000000,0.000000,0.000000,0.000000,0.000000,0.000000,0.000000,0.000000,0.000000,0.000000,0.000000,0.000000,0.000000,calls/second,milliseconds
1740831283,344,306.350124,3.204308,0.003623,20.351219,0.514326,0.799268,5.212118,19.365940,104.548045,306.350124,11.060920,1.975875,0.412230,0.138393,calls/second,milliseconds
1740831286,1726,117.977463,0.646160,0.003623,4.683409,0.323582,0.525056,0.877105,1.469768,2.783605,94.990669,49.885856,1.975875,0.412230,0.138393,calls/second,milliseconds
1740831287,1726,117.977463,0.646160,0.003623,4.683409,0.323582,0.525056,0.877105,1.469768,2.783605,94.990669,49.824047,1.975875,0.412230,0.138393,calls/second,milliseconds
