t,count,max,mean,min,stddev,p50,p75,p95,p98,p99,p999,mean_rate,m1_rate,m5_rate,m15_rate,rate_unit,duration_unit
1740834034,0,0.000000,0.000000,0.000000,0.000000,0.000000,0.000000,0.000000,0.000000,0.000000,0.000000,0.000000,0.000000,0.000000,0.000000,calls/second,milliseconds
1740834044,0,0.000000,0.000000,0.000000,0.000000,0.000000,0.000000,0.000000,0.000000,0.000000,0.000000,0.000000,0.000000,0.000000,0.000000,calls/second,milliseconds
1740834054,108,367.140634,9.192334,0.003466,38.563594,0.367451,2.129861,37.932720,111.022831,125.863741,367.140634,3.440466,1.409793,0.296257,0.099582,calls/second,milliseconds
1740834064,1194,367.140634,1.497081,0.003466,15.470742,0.429499,0.620426,1.246508,3.557702,10.796038,334.042134,29.105153,16.528952,3.488193,1.173458,calls/second,milliseconds
1740834069,2262,367.140634,1.138288,0.003466,14.324246,0.397989,0.563611,0.847991,1.446513,4.470652,334.042134,49.644980,32.189936,6.941201,2.343685,calls/second,milliseconds
1740834069,2262,367.140634,1.138288,0.003466,14.324246,0.397989,0.563611,0.847991,1.446513,4.470652,334.042134,49.588579,32.189936,6.941201,2.343685,calls/second,milliseconds
