t,count,max,mean,min,stddev,p50,p75,p95,p98,p99,p999,mean_rate,m1_rate,m5_rate,m15_rate,rate_unit,duration_unit
1740834580,0,0.000000,0.000000,0.000000,0.000000,0.000000,0.000000,0.000000,0.000000,0.000000,0.000000,0.000000,0.000000,0.000000,0.000000,calls/second,milliseconds
1740834590,22,322.523843,27.599632,0.005786,70.511134,0.091046,21.803857,127.301434,322.523843,322.523843,322.523843,1.044805,0.351805,0.072726,0.024377,calls/second,milliseconds
1740834594,67,322.523843,11.769637,0.005786,42.401654,0.750044,2.010901,63.248679,127.301434,322.523843,322.523843,2.665842,1.043276,0.220280,0.074103,calls/second,milliseconds
1740834594,67,322.523843,11.769637,0.005786,42.401654,0.750044,2.010901,63.248679,127.301434,322.523843,322.523843,2.661712,1.043276,0.220280,0.074103,calls/second,milliseconds
