t,count,max,mean,min,stddev,p50,p75,p95,p98,p99,p999,mean_rate,m1_rate,m5_rate,m15_rate,rate_unit,duration_unit
1740834748,4,27.466097,6.870786,0.002965,11.890708,0.010940,27.466097,27.466097,27.466097,27.466097,27.466097,0.357175,0.736036,0.786777,0.795568,calls/second,milliseconds
1740834758,15,27.466097,3.091533,0.001835,8.280405,0.005752,0.017388,27.466097,27.466097,27.466097,27.466097,0.710781,0.718987,0.780818,0.793425,calls/second,milliseconds
1740834768,383,27.466097,0.105004,0.000170,1.571953,0.004325,0.005934,0.010800,0.025272,0.061195,27.466097,12.316001,2.837155,1.222827,0.941796,calls/second,milliseconds
1740834776,2989,0.142761,0.003434,0.000389,0.005877,0.002374,0.004120,0.006803,0.009611,0.013275,0.073684,77.061911,23.606645,5.543012,2.391422,calls/second,milliseconds
1740834776,2989,0.142761,0.003434,0.000389,0.005877,0.002374,0.004120,0.006803,0.009611,0.013275,0.073684,76.954916,23.606645,5.543012,2.391422,calls/second,milliseconds
