t,count,max,mean,min,stddev,p50,p75,p95,p98,p99,p999,mean_rate,m1_rate,m5_rate,m15_rate,rate_unit,duration_unit
1740831766,4,86.773727,43.267621,6.887794,32.040265,60.496902,86.773727,86.773727,86.773727,86.773727,86.773727,0.262035,0.058850,0.013004,0.004408,calls/second,milliseconds
1740831776,7,86.773727,27.185360,0.005766,29.012004,18.912062,60.496902,86.773727,86.773727,86.773727,86.773727,0.278451,0.096510,0.022440,0.007677,calls/second,milliseconds
1740831786,841,281.397888,0.990975,0.005524,9.947655,0.246015,0.326577,0.940601,3.521532,18.063579,281.397888,23.935519,13.393345,2.774978,0.930538,calls/second,milliseconds
1740831786,841,281.397888,0.990975,0.005524,9.947655,0.246015,0.326577,0.940601,3.521532,18.063579,281.397888,23.922880,13.393345,2.774978,0.930538,calls/second,milliseconds
1740831786,841,281.397888,0.990975,0.005524,9.947655,0.246015,0.326577,0.940601,3.521532,18.063579,281.397888,23.903632,13.393345,2.774978,0.930538,calls/second,milliseconds
