t,count,max,mean,min,stddev,p50,p75,p95,p98,p99,p999,mean_rate,m1_rate,m5_rate,m15_rate,rate_unit,duration_unit
1740834961,4,30.427013,7.610381,0.002220,13.173189,0.009817,30.427013,30.427013,30.427013,30.427013,30.427013,0.352280,0.736036,0.786777,0.795568,calls/second,milliseconds
1740834971,52,30.427013,0.797561,0.001026,4.397008,0.004612,0.007993,0.021493,18.229608,30.427013,30.427013,2.445781,0.846916,0.807263,0.802290,calls/second,milliseconds
1740834978,945,30.427013,0.043797,0.000528,0.990146,0.003784,0.004959,0.007729,0.012230,0.044205,18.229608,33.486540,2.282366,1.104657,0.902000,calls/second,milliseconds
1740834978,945,30.427013,0.043797,0.000528,0.990146,0.003784,0.004959,0.007729,0.012230,0.044205,18.229608,33.444445,2.282366,1.104657,0.902000,calls/second,milliseconds
