t,count,max,mean,min,stddev,p50,p75,p95,p98,p99,p999,mean_rate,m1_rate,m5_rate,m15_rate,rate_unit,duration_unit
1740835252,4,59.107098,29.170350,6.713243,19.099761,29.348464,59.107098,59.107098,59.107098,59.107098,59.107098,0.277165,0.736036,0.786777,0.795568,calls/second,milliseconds
1740835262,25,169.121845,21.307447,0.046773,45.107200,0.441269,21.512593,162.522636,169.121845,169.121845,169.121845,1.027566,0.655023,0.767595,0.788993,calls/second,milliseconds
1740835266,96,169.121845,7.411897,0.031105,25.232439,0.410263,1.006655,43.492270,64.551730,162.522636,169.121845,3.442030,0.906481,0.817716,0.805675,calls/second,milliseconds
1740835266,96,169.121845,7.411897,0.031105,25.232439,0.410263,1.006655,43.492270,64.551730,162.522636,169.121845,3.436723,0.906481,0.817716,0.805675,calls/second,milliseconds
