t,count,max,mean,min,stddev,p50,p75,p95,p98,p99,p999,mean_rate,m1_rate,m5_rate,m15_rate,rate_unit,duration_unit
1740834632,5,74.311173,25.878895,6.675591,24.763997,19.637074,24.738806,74.311173,74.311173,74.311173,74.311173,0.353232,0.736036,0.786777,0.795568,calls/second,milliseconds
1740834642,20,74.311173,7.220133,0.001188,15.827882,0.010390,7.074952,24.738806,74.311173,74.311173,74.311173,0.831896,0.637753,0.764235,0.787879,calls/second,milliseconds
1740834652,295,156.097854,1.994507,0.001188,12.445104,0.179300,0.382584,2.914950,24.041734,42.728880,156.097854,8.638441,3.830216,1.430483,1.011534,calls/second,milliseconds
1740834653,683,156.097854,1.080872,0.001188,8.149563,0.240027,0.320673,1.435113,4.577695,20.735559,156.097854,19.344142,10.320194,2.811766,1.476843,calls/second,milliseconds
1740834653,683,156.097854,1.080872,0.001188,8.149563,0.240027,0.320673,1.435113,4.577695,20.735559,156.097854,19.322818,10.320194,2.811766,1.476843,calls/second,milliseconds
