t,count,max,mean,min,stddev,p50,p75,p95,p98,p99,p999,mean_rate,m1_rate,m5_rate,m15_rate,rate_unit,duration_unit
1740829165,8,27.596085,5.825163,0.011809,10.233362,0.056438,19.263368,27.596085,27.596085,27.596085,27.596085,0.712259,0.800000,0.800000,0.800000,calls/second,milliseconds
1740829175,142,27.596085,0.318714,0.005042,2.518691,0.029228,0.043711,0.115281,0.174977,19.263368,27.596085,6.726577,1.648808,0.975257,0.858732,calls/second,milliseconds
1740829186,642,27.596085,0.079909,0.002645,1.135713,0.018712,0.026942,0.055578,0.100788,0.137815,27.596085,20.805065,9.299959,2.631573,1.418289,calls/second,milliseconds
1740829186,642,27.596085,0.079909,0.002645,1.135713,0.018712,0.026942,0.055578,0.100788,0.137815,27.596085,20.780162,9.299959,2.631573,1.418289,calls/second,milliseconds
