t,count,max,mean,min,stddev,p50,p75,p95,p98,p99,p999
1740834108,0,0,0.000000,0,0.000000,0.000000,0.000000,0.000000,0.000000,0.000000,0.000000
1740834118,5,942,276.648122,91,330.319725,112.000000,154.000000,942.000000,942.000000,942.000000,942.000000
1740834127,13,942,118.654552,16,232.894306,32.000000,96.000000,942.000000,942.000000,942.000000,942.000000
1740834127,13,942,118.654552,16,232.894306,32.000000,96.000000,942.000000,942.000000,942.000000,942.000000
