t,count,max,mean,min,stddev,p50,p75,p95,p98,p99,p999,mean_rate,m1_rate,m5_rate,m15_rate,rate_unit,duration_unit
1740830446,0,0.000000,0.000000,0.000000,0.000000,0.000000,0.000000,0.000000,0.000000,0.000000,0.000000,0.000000,0.000000,0.000000,0.000000,calls/second,milliseconds
1740830456,8,416.434461,69.497578,0.058744,135.397046,0.877315,13.715521,416.434461,416.434461,416.434461,416.434461,0.378364,0.000000,0.000000,0.000000,calls/second,milliseconds
1740830465,846,416.434461,1.511508,0.054015,15.074358,0.429229,0.643862,1.646966,3.553100,13.715521,416.434461,28.321475,0.479734,0.099171,0.033241,calls/second,milliseconds
1740830465,846,416.434461,1.511508,0.054015,15.074358,0.429229,0.643862,1.646966,3.553100,13.715521,416.434461,28.279819,0.479734,0.099171,0.033241,calls/second,milliseconds
