t,count,max,mean,min,stddev,p50,p75,p95,p98,p99,p999,mean_rate,m1_rate,m5_rate,m15_rate,rate_unit,duration_unit
1740834692,4,33.389955,8.360887,0.010748,14.450542,0.031258,33.389955,33.389955,33.389955,33.389955,33.389955,0.358806,0.736036,0.786777,0.795568,calls/second,milliseconds
1740834702,21,33.389955,2.648112,0.010748,7.993842,0.070671,0.100208,24.248150,33.389955,33.389955,33.389955,0.997899,0.893611,0.817126,0.805608,calls/second,milliseconds
1740834710,882,33.389955,0.077852,0.002953,1.194907,0.020830,0.027818,0.052808,0.079928,0.138660,24.248150,30.553654,1.381851,0.919320,0.839925,calls/second,milliseconds
1740834710,882,33.389955,0.077852,0.002953,1.194907,0.020830,0.027818,0.052808,0.079928,0.138660,24.248150,30.510602,1.381851,0.919320,0.839925,calls/second,milliseconds
