t,count,max,mean,min,stddev,p50,p75,p95,p98,p99,p999,mean_rate,m1_rate,m5_rate,m15_rate,rate_unit,duration_unit
1740834463,4,70.351025,35.133686,5.977370,26.354225,50.398815,70.351025,70.351025,70.351025,70.351025,70.351025,0.282693,0.736036,0.786777,0.795568,calls/second,milliseconds
1740834473,21,205.837043,26.850979,0.008944,54.182468,0.380906,24.529157,205.837043,205.837043,205.837043,205.837043,0.873479,0.655023,0.767595,0.788993,calls/second,milliseconds
1740834481,925,205.837043,0.931918,0.001671,8.503618,0.211765,0.296393,1.007020,3.585800,13.179636,150.665742,28.720853,3.845447,1.425892,1.009545,calls/second,milliseconds
1740834481,925,205.837043,0.931918,0.001671,8.503618,0.211765,0.296393,1.007020,3.585800,13.179636,150.665742,28.689845,3.845447,1.425892,1.009545,calls/second,milliseconds
