t,count,max,mean,min,stddev,p50,p75,p95,p98,p99,p999
1740832973,0,0,0.000000,0,0.000000,0.000000,0.000000,0.000000,0.000000,0.000000,0.000000
1740832983,0,0,0.000000,0,0.000000,0.000000,0.000000,0.000000,0.000000,0.000000,0.000000
1740832993,7,1012,207.950603,67,313.904901,76.000000,120.000000,1012.000000,1012.000000,1012.000000,1012.000000
1740833003,25,1012,124.425044,10,180.447622,76.000000,115.000000,297.000000,1012.000000,1012.000000,1012.000000
1740833006,27,1012,115.803759,10,174.772485,73.000000,112.000000,297.000000,1012.000000,1012.000000,1012.000000
1740833006,27,1012,115.803759,10,174.772485,73.000000,112.000000,297.000000,1012.000000,1012.000000,1012.000000
