t,count,max,mean,min,stddev,p50,p75,p95,p98,p99,p999
1740835188,0,0,0.000000,0,0.000000,0.000000,0.000000,0.000000,0.000000,0.000000,0.000000
1740835198,7,5329,3623.579353,881,1236.507225,3887.000000,4078.000000,5329.000000,5329.000000,5329.000000,5329.000000
1740835208,18,36639,5194.469412,881,7965.462531,3383.000000,5329.000000,36639.000000,36639.000000,36639.000000,36639.000000
1740835213,27,36639,3756.443505,881,6635.203333,1451.000000,3887.000000,7312.000000,36639.000000,36639.000000,36639.000000
1740835213,27,36639,3756.443505,881,6635.203333,1451.000000,3887.000000,7312.000000,36639.000000,36639.000000,36639.000000
