t,count,max,mean,min,stddev,p50,p75,p95,p98,p99,p999
1740833965,0,0,0.000000,0,0.000000,0.000000,0.000000,0.000000,0.000000,0.000000,0.000000
1740833975,16,4613,1962.092575,580,1490.278385,1933.000000,3253.000000,4613.000000,4613.000000,4613.000000,4613.000000
1740833985,54,9250,2596.055068,562,2589.367427,1600.000000,4182.000000,9242.000000,9250.000000,9250.000000,9250.000000
1740833995,58,9250,2469.927374,562,2515.499722,1433.000000,4059.000000,9242.000000,9250.000000,9250.000000,9250.000000
1740833995,58,9250,2469.927374,562,2515.499722,1433.000000,4059.000000,9242.000000,9250.000000,9250.000000,9250.000000
1740833995,58,9250,2469.927374,562,2515.499722,1433.000000,4059.000000,9242.000000,9250.000000,9250.000000,9250.000000
