t,count,max,mean,min,stddev,p50,p75,p95,p98,p99,p999
1740831694,0,0,0.000000,0,0.000000,0.000000,0.000000,0.000000,0.000000,0.000000,0.000000
1740831704,0,0,0.000000,0,0.000000,0.000000,0.000000,0.000000,0.000000,0.000000,0.000000
1740831714,39,645,104.157816,5,141.044473,47.000000,137.000000,404.000000,645.000000,645.000000,645.000000
1740831722,94,1838,103.388463,1,227.939515,38.000000,137.000000,352.000000,861.000000,1838.000000,1838.000000
1740831722,94,1838,103.388463,1,227.939515,38.000000,137.000000,352.000000,861.000000,1838.000000,1838.000000
