t,count,max,mean,min,stddev,p50,p75,p95,p98,p99,p999,mean_rate,m1_rate,m5_rate,m15_rate,rate_unit,duration_unit
1740832026,0,0.000000,0.000000,0.000000,0.000000,0.000000,0.000000,0.000000,0.000000,0.000000,0.000000,0.000000,0.000000,0.000000,0.000000,calls/second,milliseconds
1740832036,0,0.000000,0.000000,0.000000,0.000000,0.000000,0.000000,0.000000,0.000000,0.000000,0.000000,0.000000,0.000000,0.000000,0.000000,calls/second,milliseconds
1740832046,340,569.521657,3.992715,0.066484,32.144041,0.451364,0.769274,3.900680,33.332919,100.129872,569.521657,10.885034,1.239005,0.260113,0.087418,calls/second,milliseconds
1740832047,463,569.521657,3.024094,0.066484,27.478654,0.464586,0.708572,2.225167,27.878665,66.824695,569.521657,14.547506,1.239005,0.260113,0.087418,calls/second,milliseconds
1740832047,463,569.521657,3.024094,0.066484,27.478654,0.464586,0.708572,2.225167,27.878665,66.824695,569.521657,14.528029,1.239005,0.260113,0.087418,calls/second,milliseconds
