t,count,max,mean,min,stddev,p50,p75,p95,p98,p99,p999,mean_rate,m1_rate,m5_rate,m15_rate,rate_unit,duration_unit
1740833050,5,37.504347,7.322002,0.012693,14.825717,0.037782,0.085663,37.504347,37.504347,37.504347,37.504347,0.426120,0.736036,0.786777,0.795568,calls/second,milliseconds
1740833060,7,37.504347,7.572863,0.012693,12.932659,0.085663,16.152242,37.504347,37.504347,37.504347,37.504347,0.324070,0.653744,0.767540,0.788987,calls/second,milliseconds
1740833070,101,37.504347,0.521158,0.006653,3.435136,0.041651,0.069146,0.526507,5.141718,16.152242,37.504347,3.195383,1.706670,0.983093,0.861088,calls/second,milliseconds
1740833077,1338,37.504347,0.071812,0.003495,1.021149,0.024021,0.032271,0.066655,0.144219,0.262288,16.152242,34.820249,6.143671,1.912277,1.173214,calls/second,milliseconds
1740833077,1338,37.504347,0.071812,0.003495,1.021149,0.024021,0.032271,0.066655,0.144219,0.262288,16.152242,34.788129,6.143671,1.912277,1.173214,calls/second,milliseconds
