t,count,max,mean,min,stddev,p50,p75,p95,p98,p99,p999
1740829616,0,0,0.000000,0,0.000000,0.000000,0.000000,0.000000,0.000000,0.000000,0.000000
1740829626,6,807,258.967197,130,243.159110,141.000000,215.000000,807.000000,807.000000,807.000000,807.000000
1740829635,12,807,153.239185,18,199.168308,130.000000,143.000000,807.000000,807.000000,807.000000,807.000000
1740829635,12,807,153.239185,18,199.168308,130.000000,143.000000,807.000000,807.000000,807.000000,807.000000
