t,count,max,mean,min,stddev,p50,p75,p95,p98,p99,p999,mean_rate,m1_rate,m5_rate,m15_rate,rate_unit,duration_unit
1740834919,4,100.606166,39.206817,7.963558,36.204813,28.735163,100.606166,100.606166,100.606166,100.606166,100.606166,0.278738,0.736036,0.786777,0.795568,calls/second,milliseconds
1740834923,5,100.606166,30.036976,0.305263,35.699378,19.522381,28.735163,100.606166,100.606166,100.606166,100.606166,0.271635,0.677185,0.773773,0.791160,calls/second,milliseconds
1740834923,5,100.606166,30.036976,0.305263,35.699378,19.522381,28.735163,100.606166,100.606166,100.606166,100.606166,0.271015,0.677185,0.773773,0.791160,calls/second,milliseconds
