t,count,max,mean,min,stddev,p50,p75,p95,p98,p99,p999,mean_rate,m1_rate,m5_rate,m15_rate,rate_unit,duration_unit
1740835075,4,88.653435,34.121250,5.942278,32.095101,22.575970,88.653435,88.653435,88.653435,88.653435,88.653435,0.280368,0.736036,0.786777,0.795568,calls/second,milliseconds
1740835085,25,140.519081,14.710351,0.006558,31.426196,0.128129,20.730305,88.653435,140.519081,140.519081,140.519081,1.034638,0.639032,0.764289,0.787885,calls/second,milliseconds
1740835093,499,140.519081,1.131862,0.006558,7.387304,0.256823,0.347248,1.444428,12.081909,24.288357,140.519081,15.708083,1.906584,1.025737,0.875455,calls/second,milliseconds
1740835093,499,140.519081,1.131862,0.006558,7.387304,0.256823,0.347248,1.444428,12.081909,24.288357,140.519081,15.685903,1.906584,1.025737,0.875455,calls/second,milliseconds
