t,count,max,mean,min,stddev,p50,p75,p95,p98,p99,p999
1740829733,0,0,0.000000,0,0.000000,0.000000,0.000000,0.000000,0.000000,0.000000,0.000000
1740829743,94,306,87.936170,5,82.913157,65.000000,118.000000,305.000000,306.000000,306.000000,306.000000
1740829753,100,793,93.831837,5,111.770624,65.000000,118.000000,306.000000,306.000000,793.000000,793.000000
1740829754,100,793,93.831837,5,111.770624,65.000000,118.000000,306.000000,306.000000,793.000000,793.000000
1740829754,100,793,93.831837,5,111.770624,65.000000,118.000000,306.000000,306.000000,793.000000,793.000000
