t,count,max,mean,min,stddev,p50,p75,p95,p98,p99,p999
1740832089,0,0,0.000000,0,0.000000,0.000000,0.000000,0.000000,0.000000,0.000000,0.000000
1740832099,4,3047,1649.489352,580,1052.713037,2279.000000,3047.000000,3047.000000,3047.000000,3047.000000,3047.000000
1740832109,27,10369,2095.365544,562,2284.132620,1443.000000,3047.000000,7378.000000,10369.000000,10369.000000,10369.000000
1740832112,27,10369,2095.365544,562,2284.132620,1443.000000,3047.000000,7378.000000,10369.000000,10369.000000,10369.000000
1740832112,27,10369,2095.365544,562,2284.132620,1443.000000,3047.000000,7378.000000,10369.000000,10369.000000,10369.000000
