t,count,max,mean,min,stddev,p50,p75,p95,p98,p99,p999
1740833414,0,0,0.000000,0,0.000000,0.000000,0.000000,0.000000,0.000000,0.000000,0.000000
1740833424,6,6024,3812.508414,1586,1543.963969,3880.000000,5199.000000,6024.000000,6024.000000,6024.000000,6024.000000
1740833434,21,19274,5131.643616,1035,5829.664777,1630.000000,6024.000000,17069.000000,19274.000000,19274.000000,19274.000000
1740833436,25,19274,4426.571466,985,5512.845524,1451.000000,5199.000000,17069.000000,19274.000000,19274.000000,19274.000000
1740833436,25,19274,4426.571466,985,5512.845524,1451.000000,5199.000000,17069.000000,19274.000000,19274.000000,19274.000000
