t,count,max,mean,min,stddev,p50,p75,p95,p98,p99,p999,mean_rate,m1_rate,m5_rate,m15_rate,rate_unit,duration_unit
1740833224,4,62.572700,32.074503,7.231519,21.050153,39.472625,62.572700,62.572700,62.572700,62.572700,62.572700,0.279548,0.736036,0.786777,0.795568,calls/second,milliseconds
1740833234,32,141.151642,11.052564,0.001962,27.091568,0.300715,9.480957,62.572700,141.151642,141.151642,141.151642,1.322273,0.639032,0.764289,0.787885,calls/second,milliseconds
1740833241,500,141.151642,1.118584,0.001962,7.100853,0.277959,0.360732,1.522705,9.480957,28.310933,141.151642,16.230514,5.143831,1.696413,1.100342,calls/second,milliseconds
1740833241,500,141.151642,1.118584,0.001962,7.100853,0.277959,0.360732,1.522705,9.480957,28.310933,141.151642,16.211793,5.143831,1.696413,1.100342,calls/second,milliseconds
