t,count,max,mean,min,stddev,p50,p75,p95,p98,p99,p999,mean_rate,m1_rate,m5_rate,m15_rate,rate_unit,duration_unit
1740835017,4,61.075925,32.359716,6.651158,21.250398,43.430549,61.075925,61.075925,61.075925,61.075925,61.075925,0.282741,0.736036,0.786777,0.795568,calls/second,milliseconds
1740835027,21,131.455555,16.155612,0.006317,30.674822,0.430440,20.440478,131.455555,131.455555,131.455555,131.455555,0.874206,0.655023,0.767595,0.788993,calls/second,milliseconds
1740835036,921,131.455555,0.717262,0.005046,5.041356,0.233956,0.310771,1.017144,2.841408,9.228526,61.075925,28.138830,3.445670,1.343250,0.981845,calls/second,milliseconds
1740835036,921,131.455555,0.717262,0.005046,5.041356,0.233956,0.310771,1.017144,2.841408,9.228526,61.075925,28.098104,3.445670,1.343250,0.981845,calls/second,milliseconds
