t,count,max,mean,min,stddev,p50,p75,p95,p98,p99,p999
1740832816,0,0,0.000000,0,0.000000,0.000000,0.000000,0.000000,0.000000,0.000000,0.000000
1740832826,0,0,0.000000,0,0.000000,0.000000,0.000000,0.000000,0.000000,0.000000,0.000000
1740832836,18,18745,6845.236148,1012,6202.816711,5204.000000,7024.000000,18745.000000,18745.000000,18745.000000,18745.000000
1740832845,18,18745,6845.236148,1012,6202.816711,5204.000000,7024.000000,18745.000000,18745.000000,18745.000000,18745.000000
1740832845,18,18745,6845.236148,1012,6202.816711,5204.000000,7024.000000,18745.000000,18745.000000,18745.000000,18745.000000
