t,count,max,mean,min,stddev,p50,p75,p95,p98,p99,p999,mean_rate,m1_rate,m5_rate,m15_rate,rate_unit,duration_unit
1740831138,4,31.738250,7.953700,0.012363,13.732025,0.050871,31.738250,31.738250,31.738250,31.738250,31.738250,0.357617,0.736036,0.786777,0.795568,calls/second,milliseconds
1740831148,20,31.738250,2.433910,0.012363,7.521569,0.075498,0.104997,21.113004,31.738250,31.738250,31.738250,0.948467,0.782952,0.794041,0.797857,calls/second,milliseconds
1740831158,991,31.738250,0.065914,0.001850,1.019922,0.021635,0.028866,0.053355,0.076462,0.108733,21.113004,31.876851,9.676666,2.642701,1.418071,calls/second,milliseconds
1740831168,3627,31.738250,0.057369,0.000972,0.962011,0.019389,0.026861,0.044257,0.061404,0.100931,21.113004,88.285050,49.627115,11.443833,4.400168,calls/second,milliseconds
1740831168,3646,31.738250,0.057237,0.000972,0.961687,0.019343,0.026738,0.044257,0.061404,0.100931,21.113004,88.353865,49.627115,11.443833,4.400168,calls/second,milliseconds
1740831168,3646,31.738250,0.057237,0.000972,0.961687,0.019343,0.026738,0.044257,0.061404,0.100931,21.113004,88.282810,49.627115,11.443833,4.400168,calls/second,milliseconds
