t,count,max,mean,min,stddev,p50,p75,p95,p98,p99,p999,mean_rate,m1_rate,m5_rate,m15_rate,rate_unit,duration_unit
1740834580,4,67.878475,29.854570,5.294025,23.412825,28.269378,67.878475,67.878475,67.878475,67.878475,67.878475,0.281965,0.736036,0.786777,0.795568,calls/second,milliseconds
1740834590,47,169.251916,11.186192,0.018478,34.449999,0.270419,1.622182,67.878475,169.251916,169.251916,169.251916,1.950811,0.639032,0.764289,0.787885,calls/second,milliseconds
1740834594,125,169.251916,6.545598,0.018478,24.610004,0.415295,1.115901,31.469134,118.102558,163.306376,169.251916,4.437278,1.259565,0.890496,0.830057,calls/second,milliseconds
1740834594,125,169.251916,6.545598,0.018478,24.610004,0.415295,1.115901,31.469134,118.102558,163.306376,169.251916,4.431281,1.259565,0.890496,0.830057,calls/second,milliseconds
