t,count,max,mean,min,stddev,p50,p75,p95,p98,p99,p999,mean_rate,m1_rate,m5_rate,m15_rate,rate_unit,duration_unit
1740829858,4,62.976026,27.141987,7.836781,21.386601,23.130589,62.976026,62.976026,62.976026,62.976026,62.976026,0.286332,0.736036,0.786777,0.795568,calls/second,milliseconds
1740829869,31,176.754183,16.613799,0.024808,40.761357,0.220322,9.017797,151.240623,176.754183,176.754183,176.754183,1.298736,0.655023,0.767595,0.788993,calls/second,milliseconds
1740829879,186,176.754183,4.337714,0.021176,17.534104,0.510579,1.347377,22.421929,45.313071,62.976026,176.754183,5.488280,2.025665,1.051801,0.884277,calls/second,milliseconds
1740829889,2102,176.754183,0.754603,0.021176,5.115553,0.353646,0.577214,1.365384,3.172720,5.718537,45.313071,47.909946,19.947297,4.838391,2.158299,calls/second,milliseconds
1740829890,2255,176.754183,0.896953,0.021176,6.919564,0.356521,0.573708,1.361600,3.172720,7.474031,144.575022,50.278842,19.947297,4.838391,2.158299,calls/second,milliseconds
1740829890,2255,176.754183,0.896953,0.021176,6.919564,0.356521,0.573708,1.361600,3.172720,7.474031,144.575022,50.235449,19.947297,4.838391,2.158299,calls/second,milliseconds
