t,count,max,mean,min,stddev,p50,p75,p95,p98,p99,p999
1740829985,0,0,0.000000,0,0.000000,0.000000,0.000000,0.000000,0.000000,0.000000,0.000000
1740829995,37,434,110.432432,5,133.005495,47.000000,137.000000,416.000000,434.000000,434.000000,434.000000
1740830003,54,3039,174.666007,1,436.891478,49.000000,159.000000,434.000000,3039.000000,3039.000000,3039.000000
1740830003,54,3039,174.666007,1,436.891478,49.000000,159.000000,434.000000,3039.000000,3039.000000,3039.000000
