t,count,max,mean,min,stddev,p50,p75,p95,p98,p99,p999,mean_rate,m1_rate,m5_rate,m15_rate,rate_unit,duration_unit
1740829858,0,0.000000,0.000000,0.000000,0.000000,0.000000,0.000000,0.000000,0.000000,0.000000,0.000000,0.000000,0.000000,0.000000,0.000000,calls/second,milliseconds
1740829869,14,291.646964,32.105911,0.007239,76.919793,0.013790,20.298289,291.646964,291.646964,291.646964,291.646964,0.668154,0.000000,0.000000,0.000000,calls/second,milliseconds
1740829879,127,526.613709,9.893907,0.004387,55.153753,0.319750,0.979096,21.975696,149.518054,291.646964,526.613709,4.100969,1.276750,0.269593,0.090693,calls/second,milliseconds
1740829889,2026,52.916633,0.538110,0.004022,2.036232,0.326358,0.551962,0.969727,1.623472,4.068885,29.664912,49.473204,28.593724,6.120002,2.063605,calls/second,milliseconds
1740829890,2176,52.916633,0.526581,0.004022,1.954260,0.334332,0.568683,0.967497,1.623472,2.589060,29.664912,51.894327,28.593724,6.120002,2.063605,calls/second,milliseconds
1740829890,2176,52.916633,0.526581,0.004022,1.954260,0.334332,0.568683,0.967497,1.623472,2.589060,29.664912,51.846224,28.593724,6.120002,2.063605,calls/second,milliseconds
