t,count,max,mean,min,stddev,p50,p75,p95,p98,p99,p999
1740831382,0,0,0.000000,0,0.000000,0.000000,0.000000,0.000000,0.000000,0.000000,0.000000
1740831392,5,23290,8374.883554,3883,7549.764591,4546.000000,5615.000000,23290.000000,23290.000000,23290.000000,23290.000000
1740831402,15,42316,7462.867186,1214,10681.070823,4317.000000,4683.000000,42316.000000,42316.000000,42316.000000,42316.000000
1740831410,26,42316,4925.507985,985,8396.463520,2224.000000,4546.000000,23290.000000,42316.000000,42316.000000,42316.000000
1740831410,26,42316,4925.507985,985,8396.463520,2224.000000,4546.000000,23290.000000,42316.000000,42316.000000,42316.000000
