t,count,max,mean,min,stddev,p50,p75,p95,p98,p99,p999,mean_rate,m1_rate,m5_rate,m15_rate,rate_unit,duration_unit
1740832753,4,88.738574,39.092749,8.742043,31.187033,42.064619,88.738574,88.738574,88.738574,88.738574,88.738574,0.265582,0.058850,0.013004,0.004408,calls/second,milliseconds
1740832763,8,88.738574,21.796973,0.007865,26.925209,8.742043,28.058872,88.738574,88.738574,88.738574,88.738574,0.320873,0.054145,0.012789,0.004383,calls/second,milliseconds
1740832773,486,173.357257,1.417443,0.003447,9.215381,0.279335,0.386941,1.819059,9.665223,32.659146,173.357257,13.910556,0.344549,0.074960,0.025363,calls/second,milliseconds
1740832773,487,173.357257,1.414718,0.003447,9.205787,0.279335,0.386941,1.819059,9.665223,32.659146,173.357257,13.894699,7.736879,1.607570,0.539348,calls/second,milliseconds
1740832773,487,173.357257,1.414718,0.003447,9.205787,0.279335,0.386941,1.819059,9.665223,32.659146,173.357257,13.879614,7.736879,1.607570,0.539348,calls/second,milliseconds
