t,count,max,mean,min,stddev,p50,p75,p95,p98,p99,p999,mean_rate,m1_rate,m5_rate,m15_rate,rate_unit,duration_unit
1740829792,0,0.000000,0.000000,0.000000,0.000000,0.000000,0.000000,0.000000,0.000000,0.000000,0.000000,0.000000,0.000000,0.000000,0.000000,calls/second,milliseconds
1740829803,0,0.000000,0.000000,0.000000,0.000000,0.000000,0.000000,0.000000,0.000000,0.000000,0.000000,0.000000,0.000000,0.000000,0.000000,calls/second,milliseconds
1740829813,73,418.379946,13.508851,0.003434,55.614906,0.100393,1.355776,113.802885,193.897731,418.379946,418.379946,2.353863,0.864817,0.183808,0.061902,calls/second,milliseconds
1740829820,967,418.379946,1.654373,0.003434,15.993788,0.304450,0.625855,1.370160,3.330801,20.199325,193.897731,24.964125,3.226320,0.683238,0.229980,calls/second,milliseconds
1740829820,967,418.379946,1.654373,0.003434,15.993788,0.304450,0.625855,1.370160,3.330801,20.199325,193.897731,24.941329,3.226320,0.683238,0.229980,calls/second,milliseconds
