t,count,max,mean,min,stddev,p50,p75,p95,p98,p99,p999,mean_rate,m1_rate,m5_rate,m15_rate,rate_unit,duration_unit
1740833179,4,35.160578,8.808616,0.011997,15.214315,0.036748,35.160578,35.160578,35.160578,35.160578,35.160578,0.352689,0.736036,0.786777,0.795568,calls/second,milliseconds
1740833185,6,35.160578,5.457238,0.011997,12.659939,0.086398,0.125351,35.160578,35.160578,35.160578,35.160578,0.352000,0.693176,0.777079,0.792268,calls/second,milliseconds
1740833185,6,35.160578,5.457238,0.011997,12.659939,0.086398,0.125351,35.160578,35.160578,35.160578,35.160578,0.351273,0.693176,0.777079,0.792268,calls/second,milliseconds
