t,count,max,mean,min,stddev,p50,p75,p95,p98,p99,p999,mean_rate,m1_rate,m5_rate,m15_rate,rate_unit,duration_unit
1740830212,4,58.036402,28.680058,4.853860,20.243270,35.773634,58.036402,58.036402,58.036402,58.036402,58.036402,0.282490,0.736036,0.786777,0.795568,calls/second,milliseconds
1740830222,47,140.512619,7.173696,0.001148,22.531092,0.105113,0.925040,35.773634,140.512619,140.512619,140.512619,1.952856,0.655023,0.767595,0.788993,calls/second,milliseconds
1740830230,565,140.512619,1.261360,0.001148,8.244326,0.308002,0.422513,1.288779,7.291631,28.545263,140.512619,18.087946,4.803654,1.629426,1.078084,calls/second,milliseconds
1740830230,565,140.512619,1.261360,0.001148,8.244326,0.308002,0.422513,1.288779,7.291631,28.545263,140.512619,18.067321,4.803654,1.629426,1.078084,calls/second,milliseconds
