t,count,max,mean,min,stddev,p50,p75,p95,p98,p99,p999
1740833279,0,0,0.000000,0,0.000000,0.000000,0.000000,0.000000,0.000000,0.000000,0.000000
1740833289,7,13227,5390.080004,2218,3598.178307,4180.000000,7651.000000,13227.000000,13227.000000,13227.000000,13227.000000
1740833299,21,19380,3470.773822,985,4468.869366,1630.000000,3383.000000,13227.000000,19380.000000,19380.000000,19380.000000
1740833299,21,19380,3470.773822,985,4468.869366,1630.000000,3383.000000,13227.000000,19380.000000,19380.000000,19380.000000
