t,count,max,mean,min,stddev,p50,p75,p95,p98,p99,p999,mean_rate,m1_rate,m5_rate,m15_rate,rate_unit,duration_unit
1740833721,4,37.634042,9.422447,0.011476,16.287974,0.031598,37.634042,37.634042,37.634042,37.634042,37.634042,0.353523,0.736036,0.786777,0.795568,calls/second,milliseconds
1740833731,22,37.634042,2.599492,0.005414,8.299459,0.062130,0.097364,22.870595,37.634042,37.634042,37.634042,1.037671,0.750970,0.787429,0.795641,calls/second,milliseconds
1740833741,1140,22.870595,0.045937,0.001639,0.654977,0.020839,0.029768,0.056848,0.087385,0.111546,1.457361,36.525384,15.063541,3.754019,1.790437,calls/second,milliseconds
1740833744,1752,1.457361,0.026558,0.001678,0.045665,0.020846,0.030836,0.052880,0.080623,0.102091,0.255172,52.100893,15.063541,3.754019,1.790437,calls/second,milliseconds
1740833744,1752,1.457361,0.026558,0.001678,0.045665,0.020846,0.030836,0.052880,0.080623,0.102091,0.255172,52.028858,15.063541,3.754019,1.790437,calls/second,milliseconds
