t,count,max,mean,min,stddev,p50,p75,p95,p98,p99,p999,mean_rate,m1_rate,m5_rate,m15_rate,rate_unit,duration_unit
1740831559,4,34.339794,8.606040,0.012207,14.857402,0.058369,34.339794,34.339794,34.339794,34.339794,34.339794,0.353704,0.736036,0.786777,0.795568,calls/second,milliseconds
1740831569,13,34.339794,4.230233,0.012207,10.095047,0.091404,0.129705,34.339794,34.339794,34.339794,34.339794,0.613085,0.687005,0.774206,0.791209,calls/second,milliseconds
1740831579,434,34.339794,0.144906,0.002235,1.713266,0.027308,0.036420,0.086491,0.129408,0.268006,34.339794,13.906710,2.776822,1.209766,0.937382,calls/second,milliseconds
1740831587,2993,5.516836,0.026117,0.001194,0.164150,0.018124,0.026313,0.046508,0.076055,0.107126,0.222023,78.168430,26.125706,6.062386,2.565426,calls/second,milliseconds
1740831587,2993,5.516836,0.026117,0.001194,0.164150,0.018124,0.026313,0.046508,0.076055,0.107126,0.222023,78.045904,26.125706,6.062386,2.565426,calls/second,milliseconds
