t,count,max,mean,min,stddev,p50,p75,p95,p98,p99,p999,mean_rate,m1_rate,m5_rate,m15_rate,rate_unit,duration_unit
1740829165,0,0.000000,0.000000,0.000000,0.000000,0.000000,0.000000,0.000000,0.000000,0.000000,0.000000,0.000000,0.000000,0.000000,0.000000,calls/second,milliseconds
1740829175,72,360.528486,9.754335,0.100270,43.028661,0.606734,1.602318,26.036530,115.819193,360.528486,360.528486,3.429639,0.687618,0.142145,0.047645,calls/second,milliseconds
1740829186,315,360.528486,3.957777,0.076591,20.488598,0.327257,1.094141,15.519233,25.883964,37.604394,360.528486,10.247136,4.418734,0.957028,0.323353,calls/second,milliseconds
1740829186,315,360.528486,3.957777,0.076591,20.488598,0.327257,1.094141,15.519233,25.883964,37.604394,360.528486,10.234801,4.418734,0.957028,0.323353,calls/second,milliseconds
