t,count,max,mean,min,stddev,p50,p75,p95,p98,p99,p999
1740834279,0,0,0.000000,0,0.000000,0.000000,0.000000,0.000000,0.000000,0.000000,0.000000
1740834289,5,5028,4450.105486,3743,424.833901,4454.000000,4690.000000,5028.000000,5028.000000,5028.000000,5028.000000
1740834297,13,25691,5429.571859,1136,6632.951164,3743.000000,4690.000000,25691.000000,25691.000000,25691.000000,25691.000000
1740834297,13,25691,5429.571859,1136,6632.951164,3743.000000,4690.000000,25691.000000,25691.000000,25691.000000,25691.000000
