t,count,max,mean,min,stddev,p50,p75,p95,p98,p99,p999
1740830734,0,0,0.000000,0,0.000000,0.000000,0.000000,0.000000,0.000000,0.000000,0.000000
1740830744,9,914,801.221312,139,236.124295,880.000000,882.000000,914.000000,914.000000,914.000000,914.000000
1740830754,19,914,394.100208,17,397.836244,145.000000,880.000000,886.000000,914.000000,914.000000,914.000000
1740830764,23,914,322.860779,17,385.243213,60.000000,880.000000,886.000000,914.000000,914.000000,914.000000
1740830766,23,914,322.860779,17,385.243213,60.000000,880.000000,886.000000,914.000000,914.000000,914.000000
1740830766,23,914,322.860779,17,385.243213,60.000000,880.000000,886.000000,914.000000,914.000000,914.000000
