t,count,max,mean,min,stddev,p50,p75,p95,p98,p99,p999,mean_rate,m1_rate,m5_rate,m15_rate,rate_unit,duration_unit
1740833598,4,44.951237,11.253069,0.012417,19.455649,0.035835,44.951237,44.951237,44.951237,44.951237,44.951237,0.353929,0.736036,0.786777,0.795568,calls/second,milliseconds
1740833608,42,44.951237,1.407184,0.008799,6.798719,0.055023,0.078608,1.240374,21.562707,44.951237,44.951237,1.983108,0.813655,0.800597,0.800067,calls/second,milliseconds
1740833616,531,44.951237,0.126053,0.004413,1.825001,0.026271,0.033828,0.076088,0.138901,0.203951,44.951237,18.282426,2.011897,1.048516,0.883169,calls/second,milliseconds
1740833616,531,44.951237,0.126053,0.004413,1.825001,0.026271,0.033828,0.076088,0.138901,0.203951,44.951237,18.261498,2.011897,1.048516,0.883169,calls/second,milliseconds
