t,count,max,mean,min,stddev,p50,p75,p95,p98,p99,p999
1740831449,0,0,0.000000,0,0.000000,0.000000,0.000000,0.000000,0.000000,0.000000,0.000000
1740831459,7,12669,4739.414805,2218,3332.488464,3823.000000,4325.000000,12669.000000,12669.000000,12669.000000,12669.000000
1740831468,21,25771,3696.080628,1029,5461.594956,2166.000000,3519.000000,12669.000000,25771.000000,25771.000000,25771.000000
1740831468,21,25771,3696.080628,1029,5461.594956,2166.000000,3519.000000,12669.000000,25771.000000,25771.000000,25771.000000
