t,count,max,mean,min,stddev,p50,p75,p95,p98,p99,p999,mean_rate,m1_rate,m5_rate,m15_rate,rate_unit,duration_unit
1740835364,4,68.413411,29.599190,8.219454,23.215542,26.392545,26.392545,68.413411,68.413411,68.413411,68.413411,0.281812,0.736036,0.786777,0.795568,calls/second,milliseconds
1740835374,21,156.231519,16.887822,0.005571,35.479566,0.334864,20.611450,156.231519,156.231519,156.231519,156.231519,0.872126,0.655023,0.767595,0.788993,calls/second,milliseconds
1740835384,1453,156.231519,0.543300,0.005571,5.090509,0.210633,0.282681,0.561247,1.297471,3.850343,68.413411,42.632514,4.466544,1.554706,1.052746,calls/second,milliseconds
1740835386,1700,26.494001,0.346519,0.008190,1.498767,0.183150,0.268992,0.522024,1.069243,2.992173,26.392545,47.795680,27.248565,6.312370,2.650234,calls/second,milliseconds
1740835386,1700,26.494001,0.346519,0.008190,1.498767,0.183150,0.268992,0.522024,1.069243,2.992173,26.392545,47.735955,27.248565,6.312370,2.650234,calls/second,milliseconds
