t,count,max,mean,min,stddev,p50,p75,p95,p98,p99,p999
1740834463,0,0,0.000000,0,0.000000,0.000000,0.000000,0.000000,0.000000,0.000000,0.000000
1740834473,12,6937,2246.717268,580,2101.222345,1390.000000,3640.000000,6937.000000,6937.000000,6937.000000,6937.000000
1740834481,32,6937,1674.896536,562,1547.126211,687.000000,2411.000000,5523.000000,6937.000000,6937.000000,6937.000000
1740834481,32,6937,1674.896536,562,1547.126211,687.000000,2411.000000,5523.000000,6937.000000,6937.000000,6937.000000
