t,count,max,mean,min,stddev,p50,p75,p95,p98,p99,p999,mean_rate,m1_rate,m5_rate,m15_rate,rate_unit,duration_unit
1740834211,4,28.898654,7.232257,0.002250,12.509101,0.015959,28.898654,28.898654,28.898654,28.898654,28.898654,0.354139,0.736036,0.786777,0.795568,calls/second,milliseconds
1740834221,10,28.898654,4.449775,0.001068,9.392686,0.008805,0.016871,28.898654,28.898654,28.898654,28.898654,0.472506,0.655023,0.767595,0.788993,calls/second,milliseconds
1740834231,117,28.898654,0.323837,0.000449,2.763082,0.004457,0.007840,0.015959,0.028308,18.860106,28.898654,3.747479,2.283450,1.107397,0.903046,calls/second,milliseconds
1740834240,1822,28.898654,0.021289,0.000109,0.694654,0.003550,0.005167,0.007954,0.009965,0.016871,0.216874,45.827540,9.728638,2.665917,1.426573,calls/second,milliseconds
1740834240,1822,28.898654,0.021289,0.000109,0.694654,0.003550,0.005167,0.007954,0.009965,0.016871,0.216874,45.775635,9.728638,2.665917,1.426573,calls/second,milliseconds
