t,count,max,mean,min,stddev,p50,p75,p95,p98,p99,p999
1740834034,0,0,0.000000,0,0.000000,0.000000,0.000000,0.000000,0.000000,0.000000,0.000000
1740834044,7,146,27.714286,5,48.402226,7.000000,15.000000,146.000000,146.000000,146.000000,146.000000
1740834054,210,1262,155.648243,1,268.916540,48.000000,156.000000,753.000000,1211.000000,1211.000000,1262.000000
1740834064,242,1262,138.889067,1,252.768007,47.000000,156.000000,507.000000,1211.000000,1211.000000,1262.000000
1740834069,257,1262,132.448520,1,245.443051,38.000000,156.000000,430.000000,1211.000000,1211.000000,1262.000000
1740834069,257,1262,132.448520,1,245.443051,38.000000,156.000000,430.000000,1211.000000,1211.000000,1262.000000
