t,count,max,mean,min,stddev,p50,p75,p95,p98,p99,p999,mean_rate,m1_rate,m5_rate,m15_rate,rate_unit,duration_unit
1740833116,4,58.908795,30.001190,5.727654,20.383789,38.323796,58.908795,58.908795,58.908795,58.908795,58.908795,0.281407,0.736036,0.786777,0.795568,calls/second,milliseconds
1740833126,9,180.168934,37.049155,0.075976,56.380796,17.044514,38.323796,180.168934,180.168934,180.168934,180.168934,0.373800,0.639032,0.764289,0.787885,calls/second,milliseconds
1740833136,301,180.168934,2.547296,0.039919,13.198771,0.455961,1.070659,7.360230,19.298174,43.443447,180.168934,8.828737,1.635366,0.966944,0.855590,calls/second,milliseconds
1740833140,1792,180.168934,0.772588,0.039919,5.191494,0.468171,0.801222,1.528554,2.409786,4.671992,25.725131,46.985622,9.740034,2.653402,1.421486,calls/second,milliseconds
1740833140,1792,180.168934,0.772588,0.039919,5.191494,0.468171,0.801222,1.528554,2.409786,4.671992,25.725131,46.943326,9.740034,2.653402,1.421486,calls/second,milliseconds
