t,count,max,mean,min,stddev,p50,p75,p95,p98,p99,p999
1740831449,0,0,0.000000,0,0.000000,0.000000,0.000000,0.000000,0.000000,0.000000,0.000000
1740831459,7,804,189.108445,55,249.351611,102.000000,112.000000,804.000000,804.000000,804.000000,804.000000
1740831468,21,804,78.158285,11,158.488458,34.000000,98.000000,122.000000,804.000000,804.000000,804.000000
1740831468,21,804,78.158285,11,158.488458,34.000000,98.000000,122.000000,804.000000,804.000000,804.000000
