t,count,max,mean,min,stddev,p50,p75,p95,p98,p99,p999,mean_rate,m1_rate,m5_rate,m15_rate,rate_unit,duration_unit
1740832888,4,100.132465,41.733028,5.796975,35.590309,38.000813,100.132465,100.132465,100.132465,100.132465,100.132465,0.267835,0.736036,0.786777,0.795568,calls/second,milliseconds
1740832898,6,100.132465,32.498413,5.796975,30.935317,27.683429,38.000813,100.132465,100.132465,100.132465,100.132465,0.242868,0.639032,0.764289,0.787885,calls/second,milliseconds
1740832908,70,160.804087,6.862724,0.004959,22.606593,0.245615,1.109963,36.803402,100.132465,160.804087,160.804087,2.015772,0.907446,0.815210,0.804658,calls/second,milliseconds
1740832918,956,160.804087,1.059255,0.004959,6.243873,0.307492,0.418354,2.544211,6.733433,17.022590,100.132465,21.321922,7.878456,2.267147,1.291907,calls/second,milliseconds
1740832928,2477,40.767111,0.472042,0.012461,2.369317,0.186696,0.308107,0.702678,1.968529,6.201427,40.529941,45.267761,27.081031,6.518738,2.733795,calls/second,milliseconds
1740832929,2516,40.767111,0.471142,0.010725,2.366301,0.186696,0.308069,0.702678,1.968529,6.201427,40.529941,45.650516,36.461338,8.797715,3.518648,calls/second,milliseconds
1740832929,2516,40.767111,0.471142,0.010725,2.366301,0.186696,0.308069,0.702678,1.968529,6.201427,40.529941,45.610747,36.461338,8.797715,3.518648,calls/second,milliseconds
