t,count,max,mean,min,stddev,p50,p75,p95,p98,p99,p999,mean_rate,m1_rate,m5_rate,m15_rate,rate_unit,duration_unit
1740834463,0,0.000000,0.000000,0.000000,0.000000,0.000000,0.000000,0.000000,0.000000,0.000000,0.000000,0.000000,0.000000,0.000000,0.000000,calls/second,milliseconds
1740834473,8,321.836394,57.319175,0.015454,106.356563,9.842830,113.842243,321.836394,321.836394,321.836394,321.836394,0.381003,0.127929,0.026446,0.008864,calls/second,milliseconds
1740834481,884,321.836394,1.394884,0.004541,13.212702,0.329694,0.526652,1.125452,2.673946,10.980779,321.836394,30.315241,0.757345,0.158237,0.053136,calls/second,milliseconds
1740834481,884,321.836394,1.394884,0.004541,13.212702,0.329694,0.526652,1.125452,2.673946,10.980779,321.836394,30.278329,0.757345,0.158237,0.053136,calls/second,milliseconds
