t,count,max,mean,min,stddev,p50,p75,p95,p98,p99,p999,mean_rate,m1_rate,m5_rate,m15_rate,rate_unit,duration_unit
1740830156,4,106.351065,59.592246,10.825985,34.656432,71.498327,106.351065,106.351065,106.351065,106.351065,106.351065,0.277613,0.736036,0.786777,0.795568,calls/second,milliseconds
1740830167,30,142.165687,14.633505,0.002064,32.601961,0.379135,8.842658,106.351065,142.165687,142.165687,142.165687,1.234215,0.655023,0.767595,0.788993,calls/second,milliseconds
1740830174,496,142.165687,1.333429,0.002064,8.608621,0.282457,0.356785,1.178727,8.842658,33.375799,142.165687,15.760881,2.154873,1.078301,0.893147,calls/second,milliseconds
1740830174,496,142.165687,1.333429,0.002064,8.608621,0.282457,0.356785,1.178727,8.842658,33.375799,142.165687,15.741427,2.154873,1.078301,0.893147,calls/second,milliseconds
