t,count,max,mean,min,stddev,p50,p75,p95,p98,p99,p999
1740830330,0,0,0.000000,0,0.000000,0.000000,0.000000,0.000000,0.000000,0.000000,0.000000
1740830340,8,780,224.591380,120,210.475447,138.000000,153.000000,780.000000,780.000000,780.000000,780.000000
1740830350,14,780,149.357073,27,177.765308,124.000000,149.000000,780.000000,780.000000,780.000000,780.000000
1740830350,14,780,149.357073,27,177.765308,124.000000,149.000000,780.000000,780.000000,780.000000,780.000000
1740830350,14,780,149.357073,27,177.765308,124.000000,149.000000,780.000000,780.000000,780.000000,780.000000
