t,count,max,mean,min,stddev,p50,p75,p95,p98,p99,p999
1740832451,0,0,0.000000,0,0.000000,0.000000,0.000000,0.000000,0.000000,0.000000,0.000000
1740832461,1,947,947.000000,947,0.000000,947.000000,947.000000,947.000000,947.000000,947.000000,947.000000
1740832471,20,947,100.024700,12,190.349982,40.000000,112.000000,130.000000,947.000000,947.000000,947.000000
1740832481,21,947,97.230356,12,185.538497,48.000000,112.000000,130.000000,947.000000,947.000000,947.000000
1740832491,28,947,74.918347,11,159.325644,35.000000,61.000000,130.000000,947.000000,947.000000,947.000000
1740832499,37,947,59.043140,11,133.960659,24.000000,46.000000,122.000000,947.000000,947.000000,947.000000
1740832499,37,947,59.043140,11,133.960659,24.000000,46.000000,122.000000,947.000000,947.000000,947.000000
