t,count,max,mean,min,stddev,p50,p75,p95,p98,p99,p999,mean_rate,m1_rate,m5_rate,m15_rate,rate_unit,duration_unit
1740834165,4,93.370074,39.426644,8.214869,33.384448,40.623716,93.370074,93.370074,93.370074,93.370074,93.370074,0.282701,0.736036,0.786777,0.795568,calls/second,milliseconds
1740834173,6,93.370074,26.534915,0.116944,31.003330,12.369522,40.623716,93.370074,93.370074,93.370074,93.370074,0.279519,0.639032,0.764289,0.787885,calls/second,milliseconds
1740834173,6,93.370074,26.534915,0.116944,31.003330,12.369522,40.623716,93.370074,93.370074,93.370074,93.370074,0.279034,0.639032,0.764289,0.787885,calls/second,milliseconds
