t,count,max,mean,min,stddev,p50,p75,p95,p98,p99,p999
1740834748,0,0,0.000000,0,0.000000,0.000000,0.000000,0.000000,0.000000,0.000000,0.000000
1740834758,20,5649,2375.828050,580,2024.055422,582.000000,5422.000000,5427.000000,5649.000000,5649.000000,5649.000000
1740834768,44,7101,2295.344419,562,2177.000865,582.000000,3179.000000,7096.000000,7101.000000,7101.000000,7101.000000
1740834776,54,7101,2086.844744,562,2004.734887,1328.000000,2655.000000,7096.000000,7096.000000,7101.000000,7101.000000
1740834776,54,7101,2086.844744,562,2004.734887,1328.000000,2655.000000,7096.000000,7096.000000,7101.000000,7101.000000
