t,count,max,mean,min,stddev,p50,p75,p95,p98,p99,p999,mean_rate,m1_rate,m5_rate,m15_rate,rate_unit,duration_unit
1740835132,0,0.000000,0.000000,0.000000,0.000000,0.000000,0.000000,0.000000,0.000000,0.000000,0.000000,0.000000,0.000000,0.000000,0.000000,calls/second,milliseconds
1740835142,22,481.302086,32.641802,0.005523,101.255165,0.111833,21.075013,121.353016,481.302086,481.302086,481.302086,1.045075,0.000000,0.000000,0.000000,calls/second,milliseconds
1740835149,487,481.302086,2.637713,0.005523,22.671141,0.516351,0.718525,2.141452,21.075013,38.995904,481.302086,17.296760,0.863520,0.178508,0.059834,calls/second,milliseconds
1740835149,487,481.302086,2.637713,0.005523,22.671141,0.516351,0.718525,2.141452,21.075013,38.995904,481.302086,17.271641,0.863520,0.178508,0.059834,calls/second,milliseconds
