t,count,max,mean,min,stddev,p50,p75,p95,p98,p99,p999,mean_rate,m1_rate,m5_rate,m15_rate,rate_unit,duration_unit
1740830446,4,32.191422,8.052097,0.003080,13.936846,0.010362,32.191422,32.191422,32.191422,32.191422,32.191422,0.351719,0.736036,0.786777,0.795568,calls/second,milliseconds
1740830456,21,32.191422,2.153085,0.001101,7.277850,0.006351,0.010262,19.726408,32.191422,32.191422,32.191422,0.987134,0.717709,0.780763,0.793419,calls/second,milliseconds
1740830465,884,32.191422,0.053376,0.000128,1.080815,0.004734,0.006378,0.010178,0.016813,0.047883,19.726408,29.464309,14.523670,3.641789,1.752782,calls/second,milliseconds
1740830465,884,32.191422,0.053376,0.000128,1.080815,0.004734,0.006378,0.010178,0.016813,0.047883,19.726408,29.420823,14.523670,3.641789,1.752782,calls/second,milliseconds
