t,count,max,mean,min,stddev,p50,p75,p95,p98,p99,p999,mean_rate,m1_rate,m5_rate,m15_rate,rate_unit,duration_unit
1740829929,4,25.160479,6.296077,0.003394,10.891369,0.015930,25.160479,25.160479,25.160479,25.160479,25.160479,0.356932,0.736036,0.786777,0.795568,calls/second,milliseconds
1740829939,21,25.160479,2.038404,0.000660,6.651846,0.005325,0.008514,22.615038,25.160479,25.160479,25.160479,0.994298,0.894890,0.817181,0.805614,calls/second,milliseconds
1740829947,883,25.160479,0.047045,0.000522,0.989965,0.004724,0.006170,0.009447,0.022448,0.041185,22.615038,31.053751,1.958708,1.038379,0.879821,calls/second,milliseconds
1740829947,883,25.160479,0.047045,0.000522,0.989965,0.004724,0.006170,0.009447,0.022448,0.041185,22.615038,31.009390,1.958708,1.038379,0.879821,calls/second,milliseconds
