t,count,max,mean,min,stddev,p50,p75,p95,p98,p99,p999
1740830330,0,0,0.000000,0,0.000000,0.000000,0.000000,0.000000,0.000000,0.000000,0.000000
1740830340,53,2220,174.718934,5,377.554231,47.000000,156.000000,725.000000,1516.000000,2220.000000,2220.000000
1740830350,104,2899,175.301218,1,415.545336,41.000000,168.000000,725.000000,1516.000000,2899.000000,2899.000000
1740830350,104,2899,175.301218,1,415.545336,41.000000,168.000000,725.000000,1516.000000,2899.000000,2899.000000
1740830350,104,2899,175.301218,1,415.545336,41.000000,168.000000,725.000000,1516.000000,2899.000000,2899.000000
