t,count,max,mean,min,stddev,p50,p75,p95,p98,p99,p999
1740830922,0,0,0.000000,0,0.000000,0.000000,0.000000,0.000000,0.000000,0.000000,0.000000
1740830932,6,15587,5637.219133,1586,4566.034475,4004.000000,4883.000000,15587.000000,15587.000000,15587.000000,15587.000000
1740830940,12,38675,6820.064944,1214,10474.044643,2607.000000,4004.000000,38675.000000,38675.000000,38675.000000,38675.000000
1740830940,12,38675,6820.064944,1214,10474.044643,2607.000000,4004.000000,38675.000000,38675.000000,38675.000000,38675.000000
