t,count,max,mean,min,stddev,p50,p75,p95,p98,p99,p999
1740835304,0,0,0.000000,0,0.000000,0.000000,0.000000,0.000000,0.000000,0.000000,0.000000
1740835314,34,503,100.312758,5,122.510299,49.000000,154.000000,456.000000,503.000000,503.000000,503.000000
1740835324,109,503,75.324706,1,99.235681,23.000000,137.000000,268.000000,357.000000,456.000000,503.000000
1740835326,109,503,75.324706,1,99.235681,23.000000,137.000000,268.000000,357.000000,456.000000,503.000000
1740835326,109,503,75.324706,1,99.235681,23.000000,137.000000,268.000000,357.000000,456.000000,503.000000
