t,count,max,mean,min,stddev,p50,p75,p95,p98,p99,p999
1740830212,0,0,0.000000,0,0.000000,0.000000,0.000000,0.000000,0.000000,0.000000,0.000000
1740830222,17,8441,2157.129076,580,2007.748647,1191.000000,3091.000000,8441.000000,8441.000000,8441.000000,8441.000000
1740830230,32,9901,1978.687672,562,2161.527319,1443.000000,2868.000000,8441.000000,9901.000000,9901.000000,9901.000000
1740830230,32,9901,1978.687672,562,2161.527319,1443.000000,2868.000000,8441.000000,9901.000000,9901.000000,9901.000000
