t,count,max,mean,min,stddev,p50,p75,p95,p98,p99,p999
1740831325,0,0,0.000000,0,0.000000,0.000000,0.000000,0.000000,0.000000,0.000000,0.000000
1740831335,10,3668,1889.600000,580,1330.618368,2652.000000,3235.000000,3668.000000,3668.000000,3668.000000,3668.000000
1740831344,29,8002,1851.718323,562,1782.205334,1365.000000,2652.000000,6054.000000,8002.000000,8002.000000,8002.000000
1740831344,29,8002,1851.718323,562,1782.205334,1365.000000,2652.000000,6054.000000,8002.000000,8002.000000,8002.000000
