t,count,max,mean,min,stddev,p50,p75,p95,p98,p99,p999
1740831325,0,0,0.000000,0,0.000000,0.000000,0.000000,0.000000,0.000000,0.000000,0.000000
1740831335,5,6704,4913.800000,2218,1690.324987,5218.000000,6545.000000,6704.000000,6704.000000,6704.000000,6704.000000
1740831344,14,16929,4342.170507,931,4249.899462,2218.000000,6545.000000,16929.000000,16929.000000,16929.000000,16929.000000
1740831344,14,16929,4342.170507,931,4249.899462,2218.000000,6545.000000,16929.000000,16929.000000,16929.000000,16929.000000
