t,count,max,mean,min,stddev,p50,p75,p95,p98,p99,p999,mean_rate,m1_rate,m5_rate,m15_rate,rate_unit,duration_unit
1740833338,4,30.182931,7.549250,0.002410,13.067562,0.009201,30.182931,30.182931,30.182931,30.182931,30.182931,0.353376,0.736036,0.786777,0.795568,calls/second,milliseconds
1740833348,5,30.182931,5.667076,0.002410,11.781892,0.005389,0.009201,30.182931,30.182931,30.182931,30.182931,0.235784,0.639032,0.764289,0.787885,calls/second,milliseconds
1740833358,138,30.182931,0.328082,0.000638,2.859583,0.004725,0.007168,0.054148,0.666294,23.821064,30.182931,4.411791,1.866913,1.013552,0.871140,calls/second,milliseconds
1740833368,501,30.182931,0.084872,0.000143,1.427522,0.004313,0.005949,0.013017,0.044433,0.130069,30.182931,12.150679,5.549416,1.834372,1.149728,calls/second,milliseconds
1740833374,2764,23.821064,0.021475,0.000143,0.638745,0.002409,0.004424,0.007487,0.010198,0.030224,0.666294,57.916208,25.158570,5.949412,2.532828,calls/second,milliseconds
1740833375,2764,23.821064,0.021475,0.000143,0.638745,0.002409,0.004424,0.007487,0.010198,0.030224,0.666294,57.868983,25.158570,5.949412,2.532828,calls/second,milliseconds
