t,count,max,mean,min,stddev,p50,p75,p95,p98,p99,p999,mean_rate,m1_rate,m5_rate,m15_rate,rate_unit,duration_unit
1740829489,4,63.390344,31.123735,8.385205,20.190678,30.447600,30.447600,63.390344,63.390344,63.390344,63.390344,0.285219,0.736036,0.786777,0.795568,calls/second,milliseconds
1740829499,11,167.604988,28.052476,0.021072,49.042901,11.103694,22.282009,167.604988,167.604988,167.604988,167.604988,0.459710,0.623041,0.760984,0.786777,calls/second,milliseconds
1740829510,257,173.491231,3.144891,0.019449,15.301038,0.597206,1.226364,9.217026,29.985905,51.984458,173.491231,7.570773,1.823321,1.006448,0.868868,calls/second,milliseconds
1740829516,1869,173.491231,0.817886,0.018308,5.368984,0.496651,0.744730,1.355007,2.394930,4.333208,63.390344,46.965828,7.210463,2.133588,1.247433,calls/second,milliseconds
1740829516,1869,173.491231,0.817886,0.018308,5.368984,0.496651,0.744730,1.355007,2.394930,4.333208,63.390344,46.929684,7.210463,2.133588,1.247433,calls/second,milliseconds
