t,count,max,mean,min,stddev,p50,p75,p95,p98,p99,p999,mean_rate,m1_rate,m5_rate,m15_rate,rate_unit,duration_unit
1740832607,4,45.564966,11.396565,0.003608,19.727136,0.013108,45.564966,45.564966,45.564966,45.564966,45.564966,0.346014,0.736036,0.786777,0.795568,calls/second,milliseconds
1740832617,6,45.564966,13.202329,0.003608,18.361113,0.013108,31.142322,45.564966,45.564966,45.564966,45.564966,0.280578,0.655023,0.767595,0.788993,calls/second,milliseconds
1740832627,70,45.564966,0.872823,0.000527,5.724685,0.005642,0.009191,0.037910,31.142322,45.564966,45.564966,2.229918,1.551046,0.952848,0.851060,calls/second,milliseconds
1740832632,905,45.564966,0.064834,0.000517,1.513113,0.004653,0.006164,0.009245,0.012150,0.037910,31.142322,24.918322,9.262679,2.556897,1.389280,calls/second,milliseconds
1740832632,905,45.564966,0.064834,0.000517,1.513113,0.004653,0.006164,0.009245,0.012150,0.037910,31.142322,24.889106,9.262679,2.556897,1.389280,calls/second,milliseconds
