t,count,max,mean,min,stddev,p50,p75,p95,p98,p99,p999,mean_rate,m1_rate,m5_rate,m15_rate,rate_unit,duration_unit
1740832156,0,0.000000,0.000000,0.000000,0.000000,0.000000,0.000000,0.000000,0.000000,0.000000,0.000000,0.000000,0.000000,0.000000,0.000000,calls/second,milliseconds
1740832166,0,0.000000,0.000000,0.000000,0.000000,0.000000,0.000000,0.000000,0.000000,0.000000,0.000000,0.000000,0.000000,0.000000,0.000000,calls/second,milliseconds
1740832176,33,357.608431,21.775425,0.012378,64.178257,0.196484,7.536821,136.559060,357.608431,357.608431,357.608431,1.056540,0.255858,0.052891,0.017728,calls/second,milliseconds
1740832186,605,433.226084,2.904376,0.002461,24.923928,0.482717,0.789239,3.396460,9.710383,29.746786,433.226084,14.640283,8.027321,1.677758,0.563442,calls/second,milliseconds
1740832196,1731,433.226084,1.647440,0.003548,18.226286,0.386262,0.576925,1.329985,3.685904,9.776796,357.608431,33.804659,23.585991,5.193413,1.759837,calls/second,milliseconds
1740832201,2457,357.608431,1.131223,0.003548,11.896305,0.406967,0.620106,1.183418,2.614726,8.996353,231.227698,43.116145,31.342802,7.100916,2.418230,calls/second,milliseconds
1740832201,2457,357.608431,1.131223,0.003548,11.896305,0.406967,0.620106,1.183418,2.614726,8.996353,231.227698,43.085757,31.342802,7.100916,2.418230,calls/second,milliseconds
