t,count,max,mean,min,stddev,p50,p75,p95,p98,p99,p999,mean_rate,m1_rate,m5_rate,m15_rate,rate_unit,duration_unit
1740829226,5,21.533216,4.177206,0.002077,8.507610,0.008621,0.014062,21.533216,21.533216,21.533216,21.533216,0.442809,0.736036,0.786777,0.795568,calls/second,milliseconds
1740829236,29,21.533216,1.271182,0.001032,4.947961,0.005028,0.008621,19.834317,21.533216,21.533216,21.533216,1.370929,1.021540,0.843572,0.814472,calls/second,milliseconds
1740829247,1403,21.533216,0.035540,0.000199,0.779222,0.004813,0.006635,0.009739,0.016132,0.041180,19.834317,45.038323,17.307455,4.224840,1.948671,calls/second,milliseconds
1740829248,1712,21.533216,0.034875,0.000199,0.776359,0.004342,0.006124,0.009399,0.014692,0.035859,19.834317,53.247565,17.307455,4.224840,1.948671,calls/second,milliseconds
1740829248,1712,21.533216,0.034875,0.000199,0.776359,0.004342,0.006124,0.009399,0.014692,0.035859,19.834317,53.197610,17.307455,4.224840,1.948671,calls/second,milliseconds
