t,count,max,mean,min,stddev,p50,p75,p95,p98,p99,p999,mean_rate,m1_rate,m5_rate,m15_rate,rate_unit,duration_unit
1740834860,0,0.000000,0.000000,0.000000,0.000000,0.000000,0.000000,0.000000,0.000000,0.000000,0.000000,0.000000,0.000000,0.000000,0.000000,calls/second,milliseconds
1740834870,10,424.950363,57.958015,0.080390,125.724589,0.108257,27.293434,424.950363,424.950363,424.950363,424.950363,0.474886,0.000000,0.000000,0.000000,calls/second,milliseconds
1740834880,857,424.950363,1.453816,0.042448,14.982733,0.415911,0.610651,1.556265,2.917422,18.234956,424.950363,28.030101,11.551367,2.394836,0.803119,calls/second,milliseconds
1740834880,857,424.950363,1.453816,0.042448,14.982733,0.415911,0.610651,1.556265,2.917422,18.234956,424.950363,27.988737,11.551367,2.394836,0.803119,calls/second,milliseconds
