t,count,max,mean,min,stddev,p50,p75,p95,p98,p99,p999,mean_rate,m1_rate,m5_rate,m15_rate,rate_unit,duration_unit
1740834279,0,0.000000,0.000000,0.000000,0.000000,0.000000,0.000000,0.000000,0.000000,0.000000,0.000000,0.000000,0.000000,0.000000,0.000000,calls/second,milliseconds
1740834289,14,321.803309,50.658328,0.010098,108.026599,0.104844,27.452651,321.803309,321.803309,321.803309,321.803309,0.666958,0.015991,0.003306,0.001108,calls/second,milliseconds
1740834297,464,321.803309,2.506042,0.010098,20.785595,0.517514,0.740724,2.382526,8.436222,32.818418,321.803309,16.012720,0.638366,0.132174,0.044315,calls/second,milliseconds
1740834297,464,321.803309,2.506042,0.010098,20.785595,0.517514,0.740724,2.382526,8.436222,32.818418,321.803309,15.989406,0.638366,0.132174,0.044315,calls/second,milliseconds
