t,count,max,mean,min,stddev,p50,p75,p95,p98,p99,p999
1740833721,0,0,0.000000,0,0.000000,0.000000,0.000000,0.000000,0.000000,0.000000,0.000000
1740833731,22,6696,1976.989925,580,1751.558963,687.000000,2655.000000,6272.000000,6696.000000,6696.000000,6696.000000
1740833741,72,9379,1692.730932,562,1747.534853,1390.000000,1953.000000,6272.000000,8594.000000,9379.000000,9379.000000
1740833744,82,9379,1637.221315,562,1653.918917,1390.000000,2026.000000,4375.000000,8594.000000,9379.000000,9379.000000
1740833744,82,9379,1637.221315,562,1653.918917,1390.000000,2026.000000,4375.000000,8594.000000,9379.000000,9379.000000
