t,count,max,mean,min,stddev,p50,p75,p95,p98,p99,p999,mean_rate,m1_rate,m5_rate,m15_rate,rate_unit,duration_unit
1740830156,4,39.033061,9.764612,0.005058,16.898147,0.014821,39.033061,39.033061,39.033061,39.033061,39.033061,0.346881,0.736036,0.786777,0.795568,calls/second,milliseconds
1740830167,30,39.033061,1.728124,0.000679,7.198328,0.005276,0.010249,21.504948,39.033061,39.033061,39.033061,1.399895,0.701718,0.777457,0.792311,calls/second,milliseconds
1740830174,496,39.033061,0.097208,0.000679,1.700893,0.004446,0.006134,0.010452,0.033959,0.059545,39.033061,17.346751,1.365212,0.913364,0.837783,calls/second,milliseconds
1740830174,496,39.033061,0.097208,0.000679,1.700893,0.004446,0.006134,0.010452,0.033959,0.059545,39.033061,17.323172,1.365212,0.913364,0.837783,calls/second,milliseconds
