t,count,max,mean,min,stddev,p50,p75,p95,p98,p99,p999
1740832888,0,0,0.000000,0,0.000000,0.000000,0.000000,0.000000,0.000000,0.000000,0.000000
1740832898,0,0,0.000000,0,0.000000,0.000000,0.000000,0.000000,0.000000,0.000000,0.000000
1740832908,148,857,114.448481,1,191.375465,38.000000,128.000000,676.000000,786.000000,807.000000,857.000000
1740832918,229,857,88.065318,1,160.941724,15.000000,82.000000,379.000000,741.000000,807.000000,857.000000
1740832928,316,857,77.256057,1,142.963639,10.000000,65.000000,327.000000,676.000000,786.000000,857.000000
1740832929,316,857,77.256057,1,142.963639,10.000000,65.000000,327.000000,676.000000,786.000000,857.000000
1740832929,316,857,77.256057,1,142.963639,10.000000,65.000000,327.000000,676.000000,786.000000,857.000000
