t,count,max,mean,min,stddev,p50,p75,p95,p98,p99,p999,mean_rate,m1_rate,m5_rate,m15_rate,rate_unit,duration_unit
1740834402,4,25.190743,6.303070,0.004164,10.904804,0.012511,25.190743,25.190743,25.190743,25.190743,25.190743,0.356903,0.736036,0.786777,0.795568,calls/second,milliseconds
1740834412,37,27.463821,1.259986,0.000650,5.625919,0.004293,0.008993,0.030405,27.463821,27.463821,27.463821,1.753203,0.782952,0.794041,0.797857,calls/second,milliseconds
1740834422,966,27.463821,0.048043,0.000130,1.041072,0.003938,0.005515,0.009171,0.020175,0.036383,25.190743,31.057096,9.397145,2.586176,1.399198,calls/second,milliseconds
1740834424,1731,0.165799,0.004775,0.000150,0.007926,0.003739,0.005425,0.008724,0.012317,0.020548,0.119980,51.389733,9.397145,2.586176,1.399198,calls/second,milliseconds
1740834424,1731,0.165799,0.004775,0.000150,0.007926,0.003739,0.005425,0.008724,0.012317,0.020548,0.119980,51.329930,9.397145,2.586176,1.399198,calls/second,milliseconds
