t,count,max,mean,min,stddev,p50,p75,p95,p98,p99,p999,mean_rate,m1_rate,m5_rate,m15_rate,rate_unit,duration_unit
1740833050,5,77.758346,30.088370,6.436486,26.109852,21.110024,39.233996,77.758346,77.758346,77.758346,77.758346,0.332450,0.074841,0.016310,0.005516,calls/second,milliseconds
1740833060,7,77.758346,22.961615,0.188196,24.014572,18.090779,39.233996,77.758346,77.758346,77.758346,77.758346,0.281050,0.068857,0.016040,0.005485,calls/second,milliseconds
1740833070,101,375.941905,6.765086,0.001496,37.919107,0.283394,0.563131,37.276234,45.680092,77.758346,375.941905,2.892793,0.663392,0.141022,0.047517,calls/second,milliseconds
1740833077,1338,375.941905,0.782130,0.001905,11.080650,0.228318,0.307616,0.932700,2.156611,5.209084,45.680092,32.061895,14.719486,3.075311,1.032783,calls/second,milliseconds
1740833077,1338,375.941905,0.782130,0.001905,11.080650,0.228318,0.307616,0.932700,2.156611,5.209084,45.680092,32.035161,14.719486,3.075311,1.032783,calls/second,milliseconds
