t,count,max,mean,min,stddev,p50,p75,p95,p98,p99,p999
1740829226,0,0,0.000000,0,0.000000,0.000000,0.000000,0.000000,0.000000,0.000000,0.000000
1740829236,25,291,71.076245,5,89.591056,47.000000,118.000000,287.000000,291.000000,291.000000,291.000000
1740829247,182,711,81.295065,1,122.582559,24.000000,129.000000,315.000000,424.000000,663.000000,711.000000
1740829248,182,711,81.295065,1,122.582559,24.000000,129.000000,315.000000,424.000000,663.000000,711.000000
1740829248,182,711,81.295065,1,122.582559,24.000000,129.000000,315.000000,424.000000,663.000000,711.000000
