t,count,max,mean,min,stddev,p50,p75,p95,p98,p99,p999,mean_rate,m1_rate,m5_rate,m15_rate,rate_unit,duration_unit
1740834520,4,24.370278,6.096034,0.002028,10.550640,0.009021,24.370278,24.370278,24.370278,24.370278,24.370278,0.355136,0.736036,0.786777,0.795568,calls/second,milliseconds
1740834530,16,24.370278,2.656296,0.001416,7.376351,0.006908,0.009021,24.370278,24.370278,24.370278,24.370278,0.756117,0.685727,0.774152,0.791203,calls/second,milliseconds
1740834540,1190,24.370278,0.038977,0.000201,0.881008,0.004073,0.005248,0.008138,0.016180,0.044721,22.165977,38.191549,11.891325,3.096618,1.569988,calls/second,milliseconds
1740834542,1738,22.165977,0.022423,0.000261,0.623742,0.003669,0.004832,0.007356,0.011061,0.043069,0.231504,52.105067,11.891325,3.096618,1.569988,calls/second,milliseconds
1740834542,1738,22.165977,0.022423,0.000261,0.623742,0.003669,0.004832,0.007356,0.011061,0.043069,0.231504,52.045722,11.891325,3.096618,1.569988,calls/second,milliseconds
