t,count,max,mean,min,stddev,p50,p75,p95,p98,p99,p999,mean_rate,m1_rate,m5_rate,m15_rate,rate_unit,duration_unit
1740832311,4,31.464347,7.870717,0.002487,13.621789,0.013349,31.464347,31.464347,31.464347,31.464347,31.464347,0.350175,0.736036,0.786777,0.795568,calls/second,milliseconds
1740832321,5,31.464347,5.912878,0.002487,12.279592,0.013349,0.023588,31.464347,31.464347,31.464347,31.464347,0.234850,0.639032,0.764289,0.787885,calls/second,milliseconds
1740832331,85,33.485869,0.646053,0.000597,4.422727,0.007076,0.009731,0.054287,2.126699,33.485869,33.485869,2.714339,1.206163,0.877799,0.825686,calls/second,milliseconds
1740832341,1575,31.464347,0.034143,0.000142,0.800883,0.004436,0.006226,0.009463,0.013866,0.035999,9.361706,38.131561,21.822952,5.170622,2.266348,calls/second,milliseconds
1740832342,1832,31.464347,0.033333,0.000142,0.797357,0.003950,0.005771,0.009148,0.012775,0.032815,9.361706,43.435852,21.822952,5.170622,2.266348,calls/second,milliseconds
1740832342,1832,31.464347,0.033333,0.000142,0.797357,0.003950,0.005771,0.009148,0.012775,0.032815,9.361706,43.382475,21.822952,5.170622,2.266348,calls/second,milliseconds
