t,count,max,mean,min,stddev,p50,p75,p95,p98,p99,p999
1740831207,0,0,0.000000,0,0.000000,0.000000,0.000000,0.000000,0.000000,0.000000,0.000000
1740831217,3,4075,3781.333333,3447,257.987510,3822.000000,4075.000000,4075.000000,4075.000000,4075.000000,4075.000000
1740831225,20,16867,3307.323750,985,3734.994781,1451.000000,3822.000000,16867.000000,16867.000000,16867.000000,16867.000000
1740831225,20,16867,3307.323750,985,3734.994781,1451.000000,3822.000000,16867.000000,16867.000000,16867.000000,16867.000000
