t,count,max,mean,min,stddev,p50,p75,p95,p98,p99,p999,mean_rate,m1_rate,m5_rate,m15_rate,rate_unit,duration_unit
1740834860,4,92.532855,34.561947,5.293244,34.292731,26.325335,92.532855,92.532855,92.532855,92.532855,92.532855,0.281461,0.736036,0.786777,0.795568,calls/second,milliseconds
1740834870,27,272.481813,23.986931,0.027820,60.429601,0.414215,8.465110,166.076500,272.481813,272.481813,272.481813,1.119684,0.655023,0.767595,0.788993,calls/second,milliseconds
1740834880,904,272.481813,1.392991,0.027820,10.897232,0.411652,0.610130,2.186005,5.656167,16.155193,166.076500,26.879502,2.238664,1.094994,0.898705,calls/second,milliseconds
1740834880,904,272.481813,1.392991,0.027820,10.897232,0.411652,0.610130,2.186005,5.656167,16.155193,166.076500,26.843171,2.238664,1.094994,0.898705,calls/second,milliseconds
