t,count,max,mean,min,stddev,p50,p75,p95,p98,p99,p999
1740832674,0,0,0.000000,0,0.000000,0.000000,0.000000,0.000000,0.000000,0.000000,0.000000
1740832684,0,0,0.000000,0,0.000000,0.000000,0.000000,0.000000,0.000000,0.000000,0.000000
1740832694,14,8157,3485.284800,889,2372.239892,3839.000000,4382.000000,8157.000000,8157.000000,8157.000000,8157.000000
1740832704,27,32697,4852.913730,889,6127.453949,4230.000000,5091.000000,9596.000000,32697.000000,32697.000000,32697.000000
1740832709,35,32697,3874.879909,889,5528.203984,1630.000000,4325.000000,9596.000000,32697.000000,32697.000000,32697.000000
1740832709,35,32697,3874.879909,889,5528.203984,1630.000000,4325.000000,9596.000000,32697.000000,32697.000000,32697.000000
