t,count,max,mean,min,stddev,p50,p75,p95,p98,p99,p999,mean_rate,m1_rate,m5_rate,m15_rate,rate_unit,duration_unit
1740830734,4,84.022307,44.489649,6.712286,31.906304,66.855798,84.022307,84.022307,84.022307,84.022307,84.022307,0.277720,0.736036,0.786777,0.795568,calls/second,milliseconds
1740830744,29,178.770645,17.176632,0.016315,39.327351,0.143550,13.232036,91.372419,178.770645,178.770645,178.770645,1.193141,0.623041,0.760984,0.786777,calls/second,milliseconds
1740830754,656,188.313571,2.247511,0.003517,13.645189,0.408897,1.079284,2.561833,13.658631,54.601691,188.313571,19.116217,3.782593,1.423213,1.009245,calls/second,milliseconds
1740830764,3052,187.295055,0.859973,0.005394,7.606448,0.317353,0.705132,1.212383,1.917745,4.850664,178.770645,68.881359,31.587096,7.341257,3.003008,calls/second,milliseconds
1740830766,3869,187.295055,0.880445,0.012634,7.618581,0.316924,0.779508,1.165063,1.791889,2.879774,178.770645,83.936409,50.457646,11.642956,4.468915,calls/second,milliseconds
1740830766,3869,187.295055,0.880445,0.012634,7.618581,0.316924,0.779508,1.165063,1.791889,2.879774,178.770645,83.854729,50.457646,11.642956,4.468915,calls/second,milliseconds
