t,count,max,mean,min,stddev,p50,p75,p95,p98,p99,p999,mean_rate,m1_rate,m5_rate,m15_rate,rate_unit,duration_unit
1740834860,4,60.176611,15.067350,0.014957,26.043850,0.060952,60.176611,60.176611,60.176611,60.176611,60.176611,0.354327,0.736036,0.786777,0.795568,calls/second,milliseconds
1740834870,27,60.176611,2.560914,0.011884,10.601368,0.060952,0.093806,19.464087,60.176611,60.176611,60.176611,1.274104,0.750970,0.787429,0.795641,calls/second,milliseconds
1740834880,904,60.176611,0.092774,0.002798,1.734879,0.022401,0.029527,0.056341,0.084633,0.140137,19.464087,29.437516,11.980461,3.118776,1.577634,calls/second,milliseconds
1740834880,904,60.176611,0.092774,0.002798,1.734879,0.022401,0.029527,0.056341,0.084633,0.140137,19.464087,29.393829,11.980461,3.118776,1.577634,calls/second,milliseconds
