t,count,max,mean,min,stddev,p50,p75,p95,p98,p99,p999
1740832386,0,0,0.000000,0,0.000000,0.000000,0.000000,0.000000,0.000000,0.000000,0.000000
1740832396,12,252,112.416667,5,112.063567,89.000000,244.000000,252.000000,252.000000,252.000000,252.000000
1740832406,103,3329,171.216926,1,408.286911,38.000000,183.000000,874.000000,1019.000000,3329.000000,3329.000000
1740832408,103,3329,171.216926,1,408.286911,38.000000,183.000000,874.000000,1019.000000,3329.000000,3329.000000
1740832408,103,3329,171.216926,1,408.286911,38.000000,183.000000,874.000000,1019.000000,3329.000000,3329.000000
