t,count,max,mean,min,stddev,p50,p75,p95,p98,p99,p999,mean_rate,m1_rate,m5_rate,m15_rate,rate_unit,duration_unit
1740831079,5,70.606727,24.215455,5.243617,23.890765,12.765529,26.412084,70.606727,70.606727,70.606727,70.606727,0.356428,0.736036,0.786777,0.795568,calls/second,milliseconds
1740831089,38,290.302828,18.148324,0.017699,54.153784,0.234882,7.840358,170.703998,290.302828,290.302828,290.302828,1.582176,0.653744,0.767540,0.788987,calls/second,milliseconds
1740831099,1313,290.302828,1.203950,0.016256,10.370394,0.377848,0.588607,1.579903,3.931387,13.633970,170.703998,38.683796,2.383429,1.127397,0.909712,calls/second,milliseconds
1740831101,1719,170.703998,0.801875,0.016256,5.531732,0.344415,0.525002,1.346779,2.765900,7.840358,58.189792,48.286321,26.163545,6.064021,2.565610,calls/second,milliseconds
1740831101,1719,170.703998,0.801875,0.016256,5.531732,0.344415,0.525002,1.346779,2.765900,7.840358,58.189792,48.235168,26.163545,6.064021,2.565610,calls/second,milliseconds
