t,count,max,mean,min,stddev,p50,p75,p95,p98,p99,p999,mean_rate,m1_rate,m5_rate,m15_rate,rate_unit,duration_unit
1740833414,0,0.000000,0.000000,0.000000,0.000000,0.000000,0.000000,0.000000,0.000000,0.000000,0.000000,0.000000,0.000000,0.000000,0.000000,calls/second,milliseconds
1740833424,10,448.216588,61.948069,0.006882,133.561845,9.395102,24.920415,448.216588,448.216588,448.216588,448.216588,0.474608,0.015991,0.003306,0.001108,calls/second,milliseconds
1740833434,722,665.474406,2.488759,0.006882,29.670724,0.438213,0.634951,1.726586,4.759963,17.845666,665.474406,23.203852,6.351799,1.320372,0.442997,calls/second,milliseconds
1740833436,1298,665.474406,1.712340,0.007610,24.420322,0.334743,0.534473,1.078293,2.010871,11.811076,448.216588,39.138261,6.351799,1.320372,0.442997,calls/second,milliseconds
1740833436,1298,665.474406,1.712340,0.007610,24.420322,0.334743,0.534473,1.078293,2.010871,11.811076,448.216588,39.097314,6.351799,1.320372,0.442997,calls/second,milliseconds
