t,count,max,mean,min,stddev,p50,p75,p95,p98,p99,p999,mean_rate,m1_rate,m5_rate,m15_rate,rate_unit,duration_unit
1740829286,4,34.610829,8.656471,0.002588,14.984756,0.009797,34.610829,34.610829,34.610829,34.610829,34.610829,0.357746,0.736036,0.786777,0.795568,calls/second,milliseconds
1740829296,30,34.610829,1.543740,0.000666,6.412125,0.005391,0.010185,18.923509,34.610829,34.610829,34.610829,1.422845,0.845638,0.807209,0.802283,calls/second,milliseconds
1740829306,1200,34.610829,0.044630,0.000266,1.029145,0.005443,0.007148,0.011755,0.022998,0.062990,18.923509,38.615943,14.119614,3.564180,1.727120,calls/second,milliseconds
1740829310,1854,34.610829,0.042640,0.000266,1.018561,0.004530,0.006301,0.010544,0.014748,0.046474,18.923509,54.530863,14.119614,3.564180,1.727120,calls/second,milliseconds
1740829310,1854,34.610829,0.042640,0.000266,1.018561,0.004530,0.006301,0.010544,0.014748,0.046474,18.923509,54.450638,14.119614,3.564180,1.727120,calls/second,milliseconds
