t,count,max,mean,min,stddev,p50,p75,p95,p98,p99,p999,mean_rate,m1_rate,m5_rate,m15_rate,rate_unit,duration_unit
1740830585,0,0.000000,0.000000,0.000000,0.000000,0.000000,0.000000,0.000000,0.000000,0.000000,0.000000,0.000000,0.000000,0.000000,0.000000,calls/second,milliseconds
1740830595,8,314.165628,74.790841,0.135808,106.512700,15.126860,151.278719,314.165628,314.165628,314.165628,314.165628,0.380992,0.127929,0.026446,0.008864,calls/second,milliseconds
1740830602,444,314.165628,2.487529,0.070912,17.953783,0.543683,0.764165,2.292755,15.060556,92.372430,314.165628,16.069643,0.661398,0.138403,0.046488,calls/second,milliseconds
1740830602,444,314.165628,2.487529,0.070912,17.953783,0.543683,0.764165,2.292755,15.060556,92.372430,314.165628,16.047078,0.661398,0.138403,0.046488,calls/second,milliseconds
