t,count,max,mean,min,stddev,p50,p75,p95,p98,p99,p999,mean_rate,m1_rate,m5_rate,m15_rate,rate_unit,duration_unit
1740829792,4,66.038645,28.960801,6.778642,22.380046,25.098378,66.038645,66.038645,66.038645,66.038645,66.038645,0.283110,0.736036,0.786777,0.795568,calls/second,milliseconds
1740829803,12,66.038645,11.489029,0.001151,17.120799,6.778642,17.927540,66.038645,66.038645,66.038645,66.038645,0.499726,0.623041,0.760984,0.786777,calls/second,milliseconds
1740829813,159,265.918473,3.632856,0.001151,21.829885,0.099182,0.398244,10.776017,45.593521,66.038645,265.918473,4.676223,2.216706,1.088818,0.896538,calls/second,milliseconds
1740829820,1071,57.394868,0.509458,0.005304,2.663038,0.236528,0.336921,0.858821,2.073932,4.602945,45.593521,25.668748,9.218917,2.581043,1.399355,calls/second,milliseconds
1740829820,1071,57.394868,0.509458,0.005304,2.663038,0.236528,0.336921,0.858821,2.073932,4.602945,45.593521,25.646671,9.218917,2.581043,1.399355,calls/second,milliseconds
