t,count,max,mean,min,stddev,p50,p75,p95,p98,p99,p999,mean_rate,m1_rate,m5_rate,m15_rate,rate_unit,duration_unit
1740831207,4,64.905718,31.170302,7.188143,21.476958,32.784190,64.905718,64.905718,64.905718,64.905718,64.905718,0.283526,0.736036,0.786777,0.795568,calls/second,milliseconds
1740831217,21,134.945281,16.125883,0.003968,30.955381,0.287683,20.313644,64.905718,134.945281,134.945281,134.945281,0.874531,0.655023,0.767595,0.788993,calls/second,milliseconds
1740831225,925,134.945281,0.805619,0.003443,5.176457,0.236004,0.308445,1.404736,5.028385,18.701578,64.905718,29.442287,8.942778,2.480250,1.362989,calls/second,milliseconds
1740831225,925,134.945281,0.805619,0.003443,5.176457,0.236004,0.308445,1.404736,5.028385,18.701578,64.905718,29.410539,8.942778,2.480250,1.362989,calls/second,milliseconds
