t,count,max,mean,min,stddev,p50,p75,p95,p98,p99,p999
1740833338,0,0,0.000000,0,0.000000,0.000000,0.000000,0.000000,0.000000,0.000000,0.000000
1740833348,0,0,0.000000,0,0.000000,0.000000,0.000000,0.000000,0.000000,0.000000,0.000000
1740833358,17,22582,5664.398487,2221,4744.285418,3942.000000,5221.000000,22582.000000,22582.000000,22582.000000,22582.000000
1740833368,43,58052,7461.377838,985,12532.185524,3386.000000,5663.000000,22582.000000,58052.000000,58052.000000,58052.000000
1740833374,48,58052,6807.799221,985,11867.700415,2576.000000,5221.000000,22582.000000,58052.000000,58052.000000,58052.000000
1740833375,48,58052,6807.799221,985,11867.700415,2576.000000,5221.000000,22582.000000,58052.000000,58052.000000,58052.000000
