t,count,max,mean,min,stddev,p50,p75,p95,p98,p99,p999
1740832607,0,0,0.000000,0,0.000000,0.000000,0.000000,0.000000,0.000000,0.000000,0.000000
1740832617,1,1008,1008.000000,1008,0.000000,1008.000000,1008.000000,1008.000000,1008.000000,1008.000000,1008.000000
1740832627,13,1008,178.582244,15,249.156528,106.000000,180.000000,1008.000000,1008.000000,1008.000000,1008.000000
1740832632,21,1008,113.521551,14,205.927837,26.000000,142.000000,310.000000,1008.000000,1008.000000,1008.000000
1740832632,21,1008,113.521551,14,205.927837,26.000000,142.000000,310.000000,1008.000000,1008.000000,1008.000000
