t,count,max,mean,min,stddev,p50,p75,p95,p98,p99,p999,mean_rate,m1_rate,m5_rate,m15_rate,rate_unit,duration_unit
1740835252,4,33.339822,8.349061,0.012377,14.428425,0.030961,33.339822,33.339822,33.339822,33.339822,33.339822,0.354715,0.736036,0.786777,0.795568,calls/second,milliseconds
1740835262,25,33.339822,1.991026,0.009514,6.912840,0.061809,0.081697,20.249939,33.339822,33.339822,33.339822,1.180713,0.957576,0.830349,0.810040,calls/second,milliseconds
1740835266,96,33.339822,0.517829,0.007919,3.489993,0.033025,0.056654,0.139708,1.932000,20.249939,33.339822,3.881183,0.957576,0.830349,0.810040,calls/second,milliseconds
1740835266,96,33.339822,0.517829,0.007919,3.489993,0.033025,0.056654,0.139708,1.932000,20.249939,33.339822,3.874404,0.957576,0.830349,0.810040,calls/second,milliseconds
