t,count,max,mean,min,stddev,p50,p75,p95,p98,p99,p999,mean_rate,m1_rate,m5_rate,m15_rate,rate_unit,duration_unit
1740831766,0,0.000000,0.000000,0.000000,0.000000,0.000000,0.000000,0.000000,0.000000,0.000000,0.000000,0.000000,0.000000,0.000000,0.000000,calls/second,milliseconds
1740831776,0,0.000000,0.000000,0.000000,0.000000,0.000000,0.000000,0.000000,0.000000,0.000000,0.000000,0.000000,0.000000,0.000000,0.000000,calls/second,milliseconds
1740831786,811,512.479833,1.322475,0.028923,17.905928,0.336020,0.536144,0.959222,2.203716,7.112570,512.479833,25.739391,6.535253,1.351817,0.453160,calls/second,milliseconds
1740831786,811,512.479833,1.322475,0.028923,17.905928,0.336020,0.536144,0.959222,2.203716,7.112570,512.479833,25.724721,6.535253,1.351817,0.453160,calls/second,milliseconds
1740831786,811,512.479833,1.322475,0.028923,17.905928,0.336020,0.536144,0.959222,2.203716,7.112570,512.479833,25.700009,6.535253,1.351817,0.453160,calls/second,milliseconds
