t,count,max,mean,min,stddev,p50,p75,p95,p98,p99,p999,mean_rate,m1_rate,m5_rate,m15_rate,rate_unit,duration_unit
1740829858,4,30.261969,7.579584,0.011199,13.095683,0.032463,30.261969,30.261969,30.261969,30.261969,30.261969,0.357932,0.736036,0.786777,0.795568,calls/second,milliseconds
1740829869,31,30.261969,1.797922,0.005951,6.907965,0.058218,0.115846,29.923257,30.261969,30.261969,30.261969,1.471019,0.750970,0.787429,0.795641,calls/second,milliseconds
1740829879,186,30.261969,0.309110,0.001052,2.729996,0.030384,0.045709,0.129137,0.182059,2.707793,30.261969,5.981725,2.610945,1.181685,0.928334,calls/second,milliseconds
1740829889,2102,1.215677,0.030593,0.001052,0.045153,0.023768,0.034944,0.066184,0.109359,0.144469,0.339782,51.164985,29.726914,6.997111,2.889947,calls/second,milliseconds
1740829890,2255,1.215677,0.031084,0.001052,0.045143,0.024122,0.035682,0.067638,0.110201,0.144469,0.339782,53.620858,29.726914,6.997111,2.889947,calls/second,milliseconds
1740829890,2255,1.215677,0.031084,0.001052,0.045143,0.024122,0.035682,0.067638,0.110201,0.144469,0.339782,53.571859,29.726914,6.997111,2.889947,calls/second,milliseconds
