t,count,max,mean,min,stddev,p50,p75,p95,p98,p99,p999,mean_rate,m1_rate,m5_rate,m15_rate,rate_unit,duration_unit
1740831891,4,74.084027,32.539908,7.068230,26.033077,34.677242,74.084027,74.084027,74.084027,74.084027,74.084027,0.270850,0.736036,0.786777,0.795568,calls/second,milliseconds
1740831901,6,196.994460,61.174104,7.068230,70.740320,34.677242,74.084027,196.994460,196.994460,196.994460,196.994460,0.243512,0.623041,0.760984,0.786777,calls/second,milliseconds
1740831911,327,246.437598,2.857131,0.034201,17.164270,0.605395,0.961551,5.493426,20.494425,51.638430,246.437598,9.431965,0.810118,0.795320,0.798004,calls/second,milliseconds
1740831912,485,246.437598,2.243774,0.034201,14.574722,0.521125,0.774275,4.530493,13.564254,39.115018,246.437598,13.651510,6.805978,2.035038,1.213526,calls/second,milliseconds
1740831912,485,246.437598,2.243774,0.034201,14.574722,0.521125,0.774275,4.530493,13.564254,39.115018,246.437598,13.634148,6.805978,2.035038,1.213526,calls/second,milliseconds
