t,count,max,mean,min,stddev,p50,p75,p95,p98,p99,p999,mean_rate,m1_rate,m5_rate,m15_rate,rate_unit,duration_unit
1740835132,5,66.663279,30.411168,6.952374,22.504302,33.074836,41.428969,66.663279,66.663279,66.663279,66.663279,0.351601,0.736036,0.786777,0.795568,calls/second,milliseconds
1740835142,48,299.726777,11.610709,0.000936,44.390522,0.119047,1.578733,41.428969,299.726777,299.726777,299.726777,1.988101,0.653744,0.767540,0.788987,calls/second,milliseconds
1740835149,553,299.726777,1.411319,0.000936,12.844126,0.271792,0.363545,1.828693,7.279725,26.779438,299.726777,17.696758,4.161648,1.497090,1.033750,calls/second,milliseconds
1740835149,553,299.726777,1.411319,0.000936,12.844126,0.271792,0.363545,1.828693,7.279725,26.779438,299.726777,17.674027,4.161648,1.497090,1.033750,calls/second,milliseconds
