t,count,max,mean,min,stddev,p50,p75,p95,p98,p99,p999
1740829985,0,0,0.000000,0,0.000000,0.000000,0.000000,0.000000,0.000000,0.000000,0.000000
1740829995,12,4253,1891.833333,580,1359.052049,580.000000,2891.000000,4253.000000,4253.000000,4253.000000,4253.000000
1740830003,16,9462,2213.914413,562,2326.912377,580.000000,3179.000000,9462.000000,9462.000000,9462.000000,9462.000000
1740830003,16,9462,2213.914413,562,2326.912377,580.000000,3179.000000,9462.000000,9462.000000,9462.000000,9462.000000
