t,count,max,mean,min,stddev,p50,p75,p95,p98,p99,p999,mean_rate,m1_rate,m5_rate,m15_rate,rate_unit,duration_unit
1740829733,4,70.853471,29.191821,5.851170,25.103022,26.045402,70.853471,70.853471,70.853471,70.853471,70.853471,0.284585,0.736036,0.786777,0.795568,calls/second,milliseconds
1740829743,97,150.355952,5.047271,0.018657,19.160972,0.202467,1.861954,26.045402,92.657292,150.355952,150.355952,4.048263,0.653744,0.767540,0.788987,calls/second,milliseconds
1740829753,826,150.355952,1.206455,0.018657,7.365515,0.399978,0.567101,1.910960,3.967270,17.020793,150.355952,24.327890,6.912156,2.076163,1.228457,calls/second,milliseconds
1740829754,834,150.355952,1.270023,0.018657,7.609203,0.398927,0.566414,1.941945,3.967270,26.045402,150.355952,24.456996,6.912156,2.076163,1.228457,calls/second,milliseconds
1740829754,835,150.355952,1.268458,0.018657,7.604411,0.398927,0.566414,1.941945,3.967270,26.045402,150.355952,24.457995,6.912156,2.076163,1.228457,calls/second,milliseconds
