t,count,max,mean,min,stddev,p50,p75,p95,p98,p99,p999,mean_rate,m1_rate,m5_rate,m15_rate,rate_unit,duration_unit
1740830518,4,31.572861,7.896514,0.002285,13.669546,0.008232,31.572861,31.572861,31.572861,31.572861,31.572861,0.352418,0.736036,0.786777,0.795568,calls/second,milliseconds
1740830529,27,43.430320,2.507547,0.000602,9.571848,0.004506,0.008246,31.572861,43.430320,43.430320,43.430320,1.270924,0.750970,0.787429,0.795641,calls/second,milliseconds
1740830535,491,43.430320,0.130987,0.000602,2.164230,0.004536,0.006379,0.011241,0.040881,0.140558,43.430320,17.469748,1.570437,0.956228,0.852175,calls/second,milliseconds
1740830535,491,43.430320,0.130987,0.000602,2.164230,0.004536,0.006379,0.011241,0.040881,0.140558,43.430320,17.448238,1.570437,0.956228,0.852175,calls/second,milliseconds
