t,count,max,mean,min,stddev,p50,p75,p95,p98,p99,p999
1740834860,0,0,0.000000,0,0.000000,0.000000,0.000000,0.000000,0.000000,0.000000,0.000000
1740834870,14,6495,2049.226058,580,1736.567624,687.000000,3131.000000,6495.000000,6495.000000,6495.000000,6495.000000
1740834880,43,9949,1773.915618,562,1805.879480,1433.000000,2248.000000,5061.000000,9949.000000,9949.000000,9949.000000
1740834880,43,9949,1773.915618,562,1805.879480,1433.000000,2248.000000,5061.000000,9949.000000,9949.000000,9949.000000
