t,count,max,mean,min,stddev,p50,p75,p95,p98,p99,p999,mean_rate,m1_rate,m5_rate,m15_rate,rate_unit,duration_unit
1740833179,4,27.454690,6.867357,0.002230,11.886103,0.010275,27.454690,27.454690,27.454690,27.454690,27.454690,0.352730,0.736036,0.786777,0.795568,calls/second,milliseconds
1740833185,6,27.454690,4.231511,0.002230,9.897968,0.022073,0.022825,27.454690,27.454690,27.454690,27.454690,0.352040,0.693176,0.777079,0.792268,calls/second,milliseconds
1740833185,6,27.454690,4.231511,0.002230,9.897968,0.022073,0.022825,27.454690,27.454690,27.454690,27.454690,0.351320,0.693176,0.777079,0.792268,calls/second,milliseconds
