t,count,max,mean,min,stddev,p50,p75,p95,p98,p99,p999
1740832973,0,0,0.000000,0,0.000000,0.000000,0.000000,0.000000,0.000000,0.000000,0.000000
1740832983,0,0,0.000000,0,0.000000,0.000000,0.000000,0.000000,0.000000,0.000000,0.000000
1740832993,7,4001,3231.642316,1214,1157.699113,3906.000000,3998.000000,4001.000000,4001.000000,4001.000000,4001.000000
1740833003,25,17445,5747.048723,1035,5202.392998,3998.000000,7206.000000,17445.000000,17445.000000,17445.000000,17445.000000
1740833006,27,17445,5351.116995,993,5137.347381,3998.000000,7206.000000,17445.000000,17445.000000,17445.000000,17445.000000
1740833006,27,17445,5351.116995,993,5137.347381,3998.000000,7206.000000,17445.000000,17445.000000,17445.000000,17445.000000
