t,count,max,mean,min,stddev,p50,p75,p95,p98,p99,p999
1740835252,0,0,0.000000,0,0.000000,0.000000,0.000000,0.000000,0.000000,0.000000,0.000000
1740835262,5,787,242.578925,72,270.968760,115.000000,136.000000,787.000000,787.000000,787.000000,787.000000
1740835266,7,787,186.101460,30,242.549663,111.000000,136.000000,787.000000,787.000000,787.000000,787.000000
1740835266,7,787,186.101460,30,242.549663,111.000000,136.000000,787.000000,787.000000,787.000000,787.000000
