t,count,max,mean,min,stddev,p50,p75,p95,p98,p99,p999
1740833909,0,0,0.000000,0,0.000000,0.000000,0.000000,0.000000,0.000000,0.000000,0.000000
1740833919,5,849,816.000000,805,17.041127,805.000000,816.000000,849.000000,849.000000,849.000000,849.000000
1740833926,14,849,302.746891,14,366.396803,51.000000,805.000000,849.000000,849.000000,849.000000,849.000000
1740833926,14,849,302.746891,14,366.396803,51.000000,805.000000,849.000000,849.000000,849.000000,849.000000
