t,count,max,mean,min,stddev,p50,p75,p95,p98,p99,p999,mean_rate,m1_rate,m5_rate,m15_rate,rate_unit,duration_unit
1740831694,4,78.281620,35.406781,8.638031,26.233545,33.196455,78.281620,78.281620,78.281620,78.281620,78.281620,0.267502,0.736036,0.786777,0.795568,calls/second,milliseconds
1740831704,5,78.281620,31.359069,8.638031,23.842178,21.511017,33.196455,78.281620,78.281620,78.281620,78.281620,0.201933,0.623041,0.760984,0.786777,calls/second,milliseconds
1740831714,39,270.831044,17.261614,0.017159,50.856776,0.233366,8.638031,175.938331,270.831044,270.831044,270.831044,1.121829,0.558096,0.742592,0.780294,calls/second,milliseconds
1740831722,517,270.831044,2.322397,0.017159,14.539270,0.541162,0.813892,3.558281,18.999310,37.402640,270.831044,12.078908,1.805461,1.000735,0.866760,calls/second,milliseconds
1740831722,517,270.831044,2.322397,0.017159,14.539270,0.541162,0.813892,3.558281,18.999310,37.402640,270.831044,12.068419,1.805461,1.000735,0.866760,calls/second,milliseconds
