t,count,max,mean,min,stddev,p50,p75,p95,p98,p99,p999
1740835017,0,0,0.000000,0,0.000000,0.000000,0.000000,0.000000,0.000000,0.000000,0.000000
1740835027,8,3169,1586.151890,580,1103.751058,1329.000000,2888.000000,3169.000000,3169.000000,3169.000000,3169.000000
1740835036,43,8097,1641.492591,562,1572.599244,1254.000000,1711.000000,5152.000000,8097.000000,8097.000000,8097.000000
1740835036,43,8097,1641.492591,562,1572.599244,1254.000000,1711.000000,5152.000000,8097.000000,8097.000000,8097.000000
