t,count,max,mean,min,stddev,p50,p75,p95,p98,p99,p999,mean_rate,m1_rate,m5_rate,m15_rate,rate_unit,duration_unit
1740831891,0,0.000000,0.000000,0.000000,0.000000,0.000000,0.000000,0.000000,0.000000,0.000000,0.000000,0.000000,0.000000,0.000000,0.000000,calls/second,milliseconds
1740831901,0,0.000000,0.000000,0.000000,0.000000,0.000000,0.000000,0.000000,0.000000,0.000000,0.000000,0.000000,0.000000,0.000000,0.000000,calls/second,milliseconds
1740831911,297,502.642614,4.237851,0.078007,34.226785,0.566322,0.819701,3.195762,17.394060,85.258585,502.642614,9.513564,1.078446,0.224406,0.075303,calls/second,milliseconds
1740831912,452,502.642614,2.966552,0.029365,27.700692,0.519857,0.752646,2.320824,12.186716,33.430013,502.642614,14.091090,1.078446,0.224406,0.075303,calls/second,milliseconds
1740831912,452,502.642614,2.966552,0.029365,27.700692,0.519857,0.752646,2.320824,12.186716,33.430013,502.642614,14.070453,1.078446,0.224406,0.075303,calls/second,milliseconds
