t,count,max,mean,min,stddev,p50,p75,p95,p98,p99,p999
1740830518,0,0,0.000000,0,0.000000,0.000000,0.000000,0.000000,0.000000,0.000000,0.000000
1740830529,5,772,265.692412,126,251.550285,147.000000,160.000000,772.000000,772.000000,772.000000,772.000000
1740830535,11,772,140.439476,20,200.501077,126.000000,147.000000,772.000000,772.000000,772.000000,772.000000
1740830535,11,772,140.439476,20,200.501077,126.000000,147.000000,772.000000,772.000000,772.000000,772.000000
