t,count,max,mean,min,stddev,p50,p75,p95,p98,p99,p999
1740833116,0,0,0.000000,0,0.000000,0.000000,0.000000,0.000000,0.000000,0.000000,0.000000
1740833126,5,7024,4151.582736,1605,1720.815842,3923.000000,4259.000000,7024.000000,7024.000000,7024.000000,7024.000000
1740833136,18,18745,6819.790396,1035,6178.667458,5204.000000,7024.000000,18745.000000,18745.000000,18745.000000,18745.000000
1740833140,18,18745,6819.790396,1035,6178.667458,5204.000000,7024.000000,18745.000000,18745.000000,18745.000000,18745.000000
1740833140,18,18745,6819.790396,1035,6178.667458,5204.000000,7024.000000,18745.000000,18745.000000,18745.000000,18745.000000
