t,count,max,mean,min,stddev,p50,p75,p95,p98,p99,p999
1740832543,0,0,0.000000,0,0.000000,0.000000,0.000000,0.000000,0.000000,0.000000,0.000000
1740832553,29,470,103.234875,5,132.179273,47.000000,137.000000,423.000000,470.000000,470.000000,470.000000
1740832563,77,730,87.100523,1,134.713437,38.000000,136.000000,423.000000,518.000000,730.000000,730.000000
1740832563,77,730,87.100523,1,134.713437,38.000000,136.000000,423.000000,518.000000,730.000000,730.000000
1740832563,77,730,87.100523,1,134.713437,38.000000,136.000000,423.000000,518.000000,730.000000,730.000000
