t,count,max,mean,min,stddev,p50,p75,p95,p98,p99,p999,mean_rate,m1_rate,m5_rate,m15_rate,rate_unit,duration_unit
1740830978,4,83.475769,33.940230,7.248458,29.492072,27.616883,83.475769,83.475769,83.475769,83.475769,83.475769,0.285917,0.736036,0.786777,0.795568,calls/second,milliseconds
1740830982,5,83.475769,25.980837,0.173801,29.498582,17.419810,27.616883,83.475769,83.475769,83.475769,83.475769,0.294348,0.677185,0.773773,0.791160,calls/second,milliseconds
1740830982,5,83.475769,25.980837,0.173801,29.498582,17.419810,27.616883,83.475769,83.475769,83.475769,83.475769,0.293708,0.677185,0.773773,0.791160,calls/second,milliseconds
