t,count,max,mean,min,stddev,p50,p75,p95,p98,p99,p999
1740832026,0,0,0.000000,0,0.000000,0.000000,0.000000,0.000000,0.000000,0.000000,0.000000
1740832036,7,236,40.571429,5,79.851393,7.000000,15.000000,236.000000,236.000000,236.000000,236.000000
1740832046,99,1199,90.559197,1,162.510831,38.000000,128.000000,353.000000,694.000000,1199.000000,1199.000000
1740832047,99,1199,90.559197,1,162.510831,38.000000,128.000000,353.000000,694.000000,1199.000000,1199.000000
1740832047,99,1199,90.559197,1,162.510831,38.000000,128.000000,353.000000,694.000000,1199.000000,1199.000000
