t,count,max,mean,min,stddev,p50,p75,p95,p98,p99,p999,mean_rate,m1_rate,m5_rate,m15_rate,rate_unit,duration_unit
1740831829,4,80.003405,35.889596,5.978477,28.174203,39.595225,80.003405,80.003405,80.003405,80.003405,80.003405,0.271380,0.736036,0.786777,0.795568,calls/second,milliseconds
1740831839,8,80.003405,20.300327,0.008050,24.447870,7.485688,26.512641,80.003405,80.003405,80.003405,80.003405,0.324937,0.623041,0.760984,0.786777,calls/second,milliseconds
1740831849,487,176.475612,1.420755,0.006318,9.749987,0.279359,0.385327,1.800548,7.485688,28.570136,176.475612,14.149589,0.935490,0.821656,0.806856,calls/second,milliseconds
1740831849,487,176.475612,1.420755,0.006318,9.749987,0.279359,0.385327,1.800548,7.485688,28.570136,176.475612,14.134129,0.935490,0.821656,0.806856,calls/second,milliseconds
