t,count,max,mean,min,stddev,p50,p75,p95,p98,p99,p999,mean_rate,m1_rate,m5_rate,m15_rate,rate_unit,duration_unit
1740834279,4,63.937356,31.318027,6.816280,21.072084,33.537259,63.937356,63.937356,63.937356,63.937356,63.937356,0.283692,0.736036,0.786777,0.795568,calls/second,milliseconds
1740834289,35,144.217345,9.832248,0.000898,26.516664,0.218817,6.816280,63.937356,144.217345,144.217345,144.217345,1.459610,0.655023,0.767595,0.788993,calls/second,milliseconds
1740834297,517,144.217345,1.080265,0.000898,7.094112,0.285135,0.360527,1.324748,6.816280,20.981214,144.217345,16.173571,2.116498,1.071417,0.890900,calls/second,milliseconds
1740834297,517,144.217345,1.080265,0.000898,7.094112,0.285135,0.360527,1.324748,6.816280,20.981214,144.217345,16.153069,2.116498,1.071417,0.890900,calls/second,milliseconds
