t,count,max,mean,min,stddev,p50,p75,p95,p98,p99,p999,mean_rate,m1_rate,m5_rate,m15_rate,rate_unit,duration_unit
1740832674,0,0.000000,0.000000,0.000000,0.000000,0.000000,0.000000,0.000000,0.000000,0.000000,0.000000,0.000000,0.000000,0.000000,0.000000,calls/second,milliseconds
1740832684,0,0.000000,0.000000,0.000000,0.000000,0.000000,0.000000,0.000000,0.000000,0.000000,0.000000,0.000000,0.000000,0.000000,0.000000,calls/second,milliseconds
1740832694,56,465.433328,24.712906,0.047744,69.590680,0.775602,12.331690,156.060633,184.813942,465.433328,465.433328,1.797179,0.703609,0.145451,0.048753,calls/second,milliseconds
1740832704,2039,465.433328,1.454321,0.000612,16.173799,0.264856,0.445861,0.736277,1.651689,30.822919,184.813942,49.473643,26.048194,5.738808,1.944174,calls/second,milliseconds
1740832709,2968,184.813942,0.913372,0.000612,8.214655,0.292284,0.490900,0.736932,1.294109,2.643573,156.060633,65.223357,40.692204,9.101725,3.092403,calls/second,milliseconds
1740832709,2968,184.813942,0.913372,0.000612,8.214655,0.292284,0.490900,0.736932,1.294109,2.643573,156.060633,65.153138,40.692204,9.101725,3.092403,calls/second,milliseconds
