t,count,max,mean,min,stddev,p50,p75,p95,p98,p99,p999,mean_rate,m1_rate,m5_rate,m15_rate,rate_unit,duration_unit
1740831891,4,31.149523,7.790568,0.002158,13.486299,0.008384,31.149523,31.149523,31.149523,31.149523,31.149523,0.348840,0.736036,0.786777,0.795568,calls/second,milliseconds
1740831901,6,31.149523,10.572382,0.002158,14.406742,0.008384,29.447243,31.149523,31.149523,31.149523,31.149523,0.281173,0.655023,0.767595,0.788993,calls/second,milliseconds
1740831911,327,31.149523,0.147461,0.000885,2.049345,0.004814,0.006637,0.014302,0.035407,0.109930,31.149523,10.392691,1.703916,0.982982,0.861075,calls/second,milliseconds
1740831912,485,31.149523,0.100150,0.000816,1.672747,0.004447,0.006227,0.014302,0.037516,0.098553,31.149523,15.049774,1.703916,0.982982,0.861075,calls/second,milliseconds
1740831912,485,31.149523,0.100150,0.000816,1.672747,0.004447,0.006227,0.014302,0.037516,0.098553,31.149523,15.028178,1.703916,0.982982,0.861075,calls/second,milliseconds
