t,count,max,mean,min,stddev,p50,p75,p95,p98,p99,p999
1740830156,0,0,0.000000,0,0.000000,0.000000,0.000000,0.000000,0.000000,0.000000,0.000000
1740830167,5,833,260.094108,112,284.407819,116.000000,133.000000,833.000000,833.000000,833.000000,833.000000
1740830174,11,833,139.332244,18,217.306002,112.000000,133.000000,833.000000,833.000000,833.000000,833.000000
1740830174,11,833,139.332244,18,217.306002,112.000000,133.000000,833.000000,833.000000,833.000000,833.000000
