t,count,max,mean,min,stddev,p50,p75,p95,p98,p99,p999
1740830805,0,0,0.000000,0,0.000000,0.000000,0.000000,0.000000,0.000000,0.000000,0.000000
1740830816,7,869,239.007263,123,253.201422,141.000000,151.000000,869.000000,869.000000,869.000000,869.000000
1740830826,24,869,87.311044,8,161.482129,29.000000,127.000000,174.000000,869.000000,869.000000,869.000000
1740830829,24,869,87.311044,8,161.482129,29.000000,127.000000,174.000000,869.000000,869.000000,869.000000
1740830829,24,869,87.311044,8,161.482129,29.000000,127.000000,174.000000,869.000000,869.000000,869.000000
