t,count,max,mean,min,stddev,p50,p75,p95,p98,p99,p999
1740833224,0,0,0.000000,0,0.000000,0.000000,0.000000,0.000000,0.000000,0.000000,0.000000
1740833234,6,817,238.898866,108,257.601120,114.000000,174.000000,817.000000,817.000000,817.000000,817.000000
1740833241,12,817,139.264242,16,204.904528,108.000000,119.000000,817.000000,817.000000,817.000000,817.000000
1740833241,12,817,139.264242,16,204.904528,108.000000,119.000000,817.000000,817.000000,817.000000,817.000000
