t,count,max,mean,min,stddev,p50,p75,p95,p98,p99,p999,mean_rate,m1_rate,m5_rate,m15_rate,rate_unit,duration_unit
1740834034,4,34.605912,8.668236,0.012560,14.975129,0.041260,34.605912,34.605912,34.605912,34.605912,34.605912,0.354517,0.736036,0.786777,0.795568,calls/second,milliseconds
1740834044,6,34.605912,9.842172,0.012560,13.821355,0.070494,23.346167,34.605912,34.605912,34.605912,34.605912,0.283814,0.655023,0.767595,0.788993,calls/second,milliseconds
1740834054,187,34.605912,0.284228,0.001497,2.629867,0.026023,0.041365,0.080381,0.166189,1.967787,34.605912,5.932765,2.846344,1.225856,0.942873,calls/second,milliseconds
1740834064,1285,23.346167,0.055337,0.001839,0.644738,0.027341,0.038047,0.069775,0.110315,0.255315,2.292016,31.220504,18.088469,4.462309,2.032800,calls/second,milliseconds
1740834069,2363,2.292016,0.029270,0.001839,0.076116,0.023179,0.032052,0.054618,0.076734,0.109146,0.684259,51.717475,32.969125,7.763682,3.152837,calls/second,milliseconds
1740834069,2363,2.292016,0.029270,0.001839,0.076116,0.023179,0.032052,0.054618,0.076734,0.109146,0.684259,51.659242,32.969125,7.763682,3.152837,calls/second,milliseconds
