t,count,max,mean,min,stddev,p50,p75,p95,p98,p99,p999
1740831559,0,0,0.000000,0,0.000000,0.000000,0.000000,0.000000,0.000000,0.000000,0.000000
1740831569,20,5649,2375.078091,580,2023.351622,582.000000,5422.000000,5649.000000,5649.000000,5649.000000,5649.000000
1740831579,44,7101,2293.160952,562,2174.497128,1328.000000,3179.000000,7096.000000,7101.000000,7101.000000,7101.000000
1740831587,54,7101,2086.216332,562,2003.408097,690.000000,2655.000000,7096.000000,7096.000000,7101.000000,7101.000000
1740831587,54,7101,2086.216332,562,2003.408097,690.000000,2655.000000,7096.000000,7096.000000,7101.000000,7101.000000
