t,count,max,mean,min,stddev,p50,p75,p95,p98,p99,p999,mean_rate,m1_rate,m5_rate,m15_rate,rate_unit,duration_unit
1740831956,4,53.812760,13.473151,0.015077,23.290086,0.040210,53.812760,53.812760,53.812760,53.812760,53.812760,0.339121,0.736036,0.786777,0.795568,calls/second,milliseconds
1740831966,6,53.812760,12.853355,0.015077,19.572865,0.073088,22.817608,53.812760,53.812760,53.812760,53.812760,0.278640,0.653744,0.767540,0.788987,calls/second,milliseconds
1740831976,485,53.812760,0.152590,0.004587,2.193012,0.029607,0.037209,0.089484,0.116696,0.238879,53.812760,15.369603,1.807749,1.008391,0.869823,calls/second,milliseconds
1740831983,1788,22.817608,0.068431,0.003065,0.877588,0.023189,0.034547,0.063571,0.096752,0.154457,18.787168,46.324910,15.767374,3.907360,1.842287,calls/second,milliseconds
1740831983,1788,22.817608,0.068431,0.003065,0.877588,0.023189,0.034547,0.063571,0.096752,0.154457,18.787168,46.270824,15.767374,3.907360,1.842287,calls/second,milliseconds
