t,count,max,mean,min,stddev,p50,p75,p95,p98,p99,p999,mean_rate,m1_rate,m5_rate,m15_rate,rate_unit,duration_unit
1740830640,0,0.000000,0.000000,0.000000,0.000000,0.000000,0.000000,0.000000,0.000000,0.000000,0.000000,0.000000,0.000000,0.000000,0.000000,calls/second,milliseconds
1740830650,0,0.000000,0.000000,0.000000,0.000000,0.000000,0.000000,0.000000,0.000000,0.000000,0.000000,0.000000,0.000000,0.000000,0.000000,calls/second,milliseconds
1740830661,248,354.466971,5.673905,0.028936,30.505227,0.555011,0.931625,17.715147,64.387813,116.799003,354.466971,7.964320,1.732821,0.365131,0.122789,calls/second,milliseconds
1740830671,1494,286.346430,1.358039,0.000503,10.994281,0.326899,0.526072,1.369347,5.460617,25.359908,116.799003,36.323537,20.786583,4.522262,1.529039,calls/second,milliseconds
1740830681,3601,116.799003,0.704981,0.000444,5.076502,0.289240,0.473780,0.811392,1.897985,4.190577,107.191710,70.448650,51.046580,11.554307,3.934289,calls/second,milliseconds
1740830691,5953,116.799003,0.654045,0.000603,5.062290,0.271239,0.437509,0.659658,0.974348,2.776878,107.191710,97.401358,72.507606,17.409971,5.990863,calls/second,milliseconds
1740830694,7331,107.191710,0.439149,0.000603,3.174153,0.265330,0.444435,0.630644,0.767771,1.379852,28.729398,114.390997,72.507606,17.409971,5.990863,calls/second,milliseconds
1740830694,7331,107.191710,0.439149,0.000603,3.174153,0.265330,0.444435,0.630644,0.767771,1.379852,28.729398,114.289537,72.507606,17.409971,5.990863,calls/second,milliseconds
