t,count,max,mean,min,stddev,p50,p75,p95,p98,p99,p999,mean_rate,m1_rate,m5_rate,m15_rate,rate_unit,duration_unit
1740832089,4,45.792435,11.463583,0.012078,19.819774,0.035957,45.792435,45.792435,45.792435,45.792435,45.792435,0.347731,0.736036,0.786777,0.795568,calls/second,milliseconds
1740832099,6,45.792435,12.328998,0.012078,17.534662,0.093278,25.987679,45.792435,45.792435,45.792435,45.792435,0.281120,0.653744,0.767540,0.788987,calls/second,milliseconds
1740832109,118,45.792435,0.557075,0.005124,4.148691,0.035957,0.069099,0.400503,1.881845,25.987679,45.792435,3.762451,2.009240,1.051092,0.884197,calls/second,milliseconds
1740832112,532,45.792435,0.145032,0.005124,1.884765,0.029353,0.037057,0.097427,0.290800,0.661510,45.792435,15.436957,2.009240,1.051092,0.884197,calls/second,milliseconds
1740832112,532,45.792435,0.145032,0.005124,1.884765,0.029353,0.037057,0.097427,0.290800,0.661510,45.792435,15.414241,2.009240,1.051092,0.884197,calls/second,milliseconds
