t,count,max,mean,min,stddev,p50,p75,p95,p98,p99,p999,mean_rate,m1_rate,m5_rate,m15_rate,rate_unit,duration_unit
1740833414,4,69.246757,30.178275,6.381673,23.834710,28.160787,69.246757,69.246757,69.246757,69.246757,69.246757,0.275173,0.736036,0.786777,0.795568,calls/second,milliseconds
1740833424,27,301.475147,18.887744,0.001166,58.637853,0.215806,7.686459,69.246757,301.475147,301.475147,301.475147,1.105231,0.655023,0.767595,0.788993,calls/second,milliseconds
1740833434,775,301.475147,1.051264,0.001166,10.682657,0.256941,0.343059,1.260437,3.021099,16.923885,301.475147,22.497094,1.662984,0.975988,0.858816,calls/second,milliseconds
1740833436,1356,69.246757,0.452752,0.001166,2.551594,0.201691,0.276765,0.803305,2.013172,3.877050,45.322021,37.126171,15.762113,3.901938,1.840205,calls/second,milliseconds
1740833436,1356,69.246757,0.452752,0.001166,2.551594,0.201691,0.276765,0.803305,2.013172,3.877050,45.322021,37.091227,15.762113,3.901938,1.840205,calls/second,milliseconds
