t,count,max,mean,min,stddev,p50,p75,p95,p98,p99,p999
1740833476,0,0,0.000000,0,0.000000,0.000000,0.000000,0.000000,0.000000,0.000000,0.000000
1740833486,6,798,268.185348,112,247.189008,119.000000,329.000000,798.000000,798.000000,798.000000,798.000000
1740833496,20,798,146.471541,13,187.321519,112.000000,143.000000,532.000000,798.000000,798.000000,798.000000
1740833499,20,798,146.471541,13,187.321519,112.000000,143.000000,532.000000,798.000000,798.000000,798.000000
1740833499,20,798,146.471541,13,187.321519,112.000000,143.000000,532.000000,798.000000,798.000000,798.000000
