t,count,max,mean,min,stddev,p50,p75,p95,p98,p99,p999,mean_rate,m1_rate,m5_rate,m15_rate,rate_unit,duration_unit
1740832973,0,0.000000,0.000000,0.000000,0.000000,0.000000,0.000000,0.000000,0.000000,0.000000,0.000000,0.000000,0.000000,0.000000,0.000000,calls/second,milliseconds
1740832983,0,0.000000,0.000000,0.000000,0.000000,0.000000,0.000000,0.000000,0.000000,0.000000,0.000000,0.000000,0.000000,0.000000,0.000000,calls/second,milliseconds
1740832993,48,537.115330,20.369209,0.011164,77.901144,0.855802,4.513573,55.024236,537.115330,537.115330,537.115330,1.538253,0.639645,0.132228,0.044321,calls/second,milliseconds
1740833003,868,537.115330,2.691020,0.003673,23.897062,0.430207,0.643866,2.404921,27.776739,55.024236,402.227649,21.074201,7.619803,1.605190,0.539818,calls/second,milliseconds
1740833006,1793,402.227649,1.389495,0.003683,14.647009,0.352331,0.556501,0.944696,2.409333,18.331083,220.277806,40.168612,7.619803,1.605190,0.539818,calls/second,milliseconds
1740833006,1793,402.227649,1.389495,0.003683,14.647009,0.352331,0.556501,0.944696,2.409333,18.331083,220.277806,40.124970,7.619803,1.605190,0.539818,calls/second,milliseconds
