t,count,max,mean,min,stddev,p50,p75,p95,p98,p99,p999,mean_rate,m1_rate,m5_rate,m15_rate,rate_unit,duration_unit
1740834402,0,0.000000,0.000000,0.000000,0.000000,0.000000,0.000000,0.000000,0.000000,0.000000,0.000000,0.000000,0.000000,0.000000,0.000000,calls/second,milliseconds
1740834412,16,553.448234,47.991077,0.008816,134.026810,0.020135,25.270759,553.448234,553.448234,553.448234,553.448234,0.762588,0.000000,0.000000,0.000000,calls/second,milliseconds
1740834422,898,553.448234,1.681424,0.005757,18.871457,0.323414,0.547709,1.379135,2.857176,25.270759,125.834503,28.988472,8.628828,1.790055,0.600368,calls/second,milliseconds
1740834424,1655,553.448234,1.159581,0.005757,16.717146,0.333573,0.490852,0.884728,2.145322,4.953165,125.834503,49.314273,8.628828,1.790055,0.600368,calls/second,milliseconds
1740834424,1655,553.448234,1.159581,0.005757,16.717146,0.333573,0.490852,0.884728,2.145322,4.953165,125.834503,49.257272,8.628828,1.790055,0.600368,calls/second,milliseconds
