t,count,max,mean,min,stddev,p50,p75,p95,p98,p99,p999,mean_rate,m1_rate,m5_rate,m15_rate,rate_unit,duration_unit
1740834961,4,72.918707,32.505650,5.049765,25.304109,32.742965,72.918707,72.918707,72.918707,72.918707,72.918707,0.278845,0.736036,0.786777,0.795568,calls/second,milliseconds
1740834971,52,331.848313,10.556034,0.000698,46.960438,0.222984,1.090013,29.232335,72.918707,331.848313,331.848313,2.144181,0.639032,0.764289,0.787885,calls/second,milliseconds
1740834978,945,331.848313,0.949997,0.000698,10.980549,0.215457,0.284820,1.166219,2.490083,14.660647,72.918707,30.278147,8.924145,2.482079,1.363931,calls/second,milliseconds
1740834978,945,331.848313,0.949997,0.000698,10.980549,0.215457,0.284820,1.166219,2.490083,14.660647,72.918707,30.243452,8.924145,2.482079,1.363931,calls/second,milliseconds
