t,count,max,mean,min,stddev,p50,p75,p95,p98,p99,p999,mean_rate,m1_rate,m5_rate,m15_rate,rate_unit,duration_unit
1740834520,4,68.716969,37.606371,7.163815,23.584415,50.118688,68.716969,68.716969,68.716969,68.716969,68.716969,0.283909,0.736036,0.786777,0.795568,calls/second,milliseconds
1740834530,16,166.918181,31.873551,0.043958,50.718270,9.085087,30.110320,166.918181,166.918181,166.918181,166.918181,0.667043,0.653744,0.767540,0.788987,calls/second,milliseconds
1740834540,1190,166.918181,0.844115,0.034439,6.593601,0.334061,0.503928,1.412012,2.490893,4.050920,140.483418,35.015057,2.004108,1.045628,0.882110,calls/second,milliseconds
1740834542,1736,53.817625,0.510469,0.026254,2.007985,0.296726,0.458862,1.091298,2.033788,2.735112,30.110320,47.979827,23.048090,5.411716,2.346471,calls/second,milliseconds
1740834542,1738,53.817625,0.510191,0.026254,2.007993,0.295630,0.458862,1.091298,2.033788,2.735112,30.110320,47.982199,23.048090,5.411716,2.346471,calls/second,milliseconds
