t,count,max,mean,min,stddev,p50,p75,p95,p98,p99,p999,mean_rate,m1_rate,m5_rate,m15_rate,rate_unit,duration_unit
1740834520,4,68.595974,37.444747,6.896760,23.642798,50.030469,68.595974,68.595974,68.595974,68.595974,68.595974,0.284054,0.736036,0.786777,0.795568,calls/second,milliseconds
1740834530,16,130.532978,20.727577,0.006755,34.723019,6.896760,24.255786,130.532978,130.532978,130.532978,130.532978,0.667251,0.653744,0.767540,0.788987,calls/second,milliseconds
1740834540,1190,68.595974,0.434766,0.006197,2.403150,0.198444,0.274893,0.660529,1.772016,4.003303,34.086492,35.022867,2.004108,1.045628,0.882110,calls/second,milliseconds
1740834542,1737,68.595974,0.304518,0.006197,1.950745,0.159119,0.232829,0.436528,1.041408,1.743703,24.178569,48.017501,23.080072,5.418328,2.348687,calls/second,milliseconds
1740834542,1738,68.595974,0.304349,0.006197,1.950713,0.158487,0.232638,0.436528,1.041408,1.743703,24.178569,47.993944,23.080072,5.418328,2.348687,calls/second,milliseconds
