t,count,max,mean,min,stddev,p50,p75,p95,p98,p99,p999
1740834211,0,0,0.000000,0,0.000000,0.000000,0.000000,0.000000,0.000000,0.000000,0.000000
1740834221,42,1538,127.790776,5,242.933712,47.000000,182.000000,279.000000,1538.000000,1538.000000,1538.000000
1740834231,177,1586,145.941539,1,278.164710,49.000000,177.000000,798.000000,1538.000000,1586.000000,1586.000000
1740834240,218,1586,130.313230,1,252.623201,38.000000,154.000000,383.000000,873.000000,1586.000000,1586.000000
1740834240,218,1586,130.313230,1,252.623201,38.000000,154.000000,383.000000,873.000000,1586.000000,1586.000000
