t,count,max,mean,min,stddev,p50,p75,p95,p98,p99,p999,mean_rate,m1_rate,m5_rate,m15_rate,rate_unit,duration_unit
1740829349,4,100.167346,36.762845,7.347427,36.954894,23.363732,23.363732,100.167346,100.167346,100.167346,100.167346,0.282039,0.736036,0.786777,0.795568,calls/second,milliseconds
1740829359,21,188.388876,27.275095,0.040099,53.771448,1.565066,21.128066,188.388876,188.388876,188.388876,188.388876,0.871476,0.655023,0.767595,0.788993,calls/second,milliseconds
1740829366,487,188.388876,1.952522,0.040099,12.239475,0.513541,0.740562,3.142580,10.412522,28.393267,188.388876,15.688768,4.692977,1.601095,1.068271,calls/second,milliseconds
1740829366,487,188.388876,1.952522,0.040099,12.239475,0.513541,0.740562,3.142580,10.412522,28.393267,188.388876,15.666785,4.692977,1.601095,1.068271,calls/second,milliseconds
