t,count,max,mean,min,stddev,p50,p75,p95,p98,p99,p999,mean_rate,m1_rate,m5_rate,m15_rate,rate_unit,duration_unit
1740829165,8,59.310827,24.384353,0.528178,20.527852,28.423277,49.934592,59.310827,59.310827,59.310827,59.310827,0.572136,0.736036,0.786777,0.795568,calls/second,milliseconds
1740829175,142,133.396897,3.668786,0.036814,13.385798,0.517331,1.221459,20.476726,41.941217,59.310827,133.396897,5.951073,0.792550,0.797073,0.798935,calls/second,milliseconds
1740829186,642,133.396897,0.996880,0.024411,6.160298,0.229527,0.452674,2.185734,5.806710,20.476726,133.396897,19.102690,7.224156,2.160242,1.257791,calls/second,milliseconds
1740829186,642,133.396897,0.996880,0.024411,6.160298,0.229527,0.452674,2.185734,5.806710,20.476726,133.396897,19.081206,7.224156,2.160242,1.257791,calls/second,milliseconds
