t,count,max,mean,min,stddev,p50,p75,p95,p98,p99,p999
1740832386,0,0,0.000000,0,0.000000,0.000000,0.000000,0.000000,0.000000,0.000000,0.000000
1740832396,1,1257,1257.000000,1257,0.000000,1257.000000,1257.000000,1257.000000,1257.000000,1257.000000,1257.000000
1740832406,13,1257,177.864233,21,304.830085,129.000000,165.000000,1257.000000,1257.000000,1257.000000,1257.000000
1740832408,13,1257,177.864233,21,304.830085,129.000000,165.000000,1257.000000,1257.000000,1257.000000,1257.000000
1740832408,13,1257,177.864233,21,304.830085,129.000000,165.000000,1257.000000,1257.000000,1257.000000,1257.000000
