t,count,max,mean,min,stddev,p50,p75,p95,p98,p99,p999,mean_rate,m1_rate,m5_rate,m15_rate,rate_unit,duration_unit
1740833414,4,36.745765,9.202309,0.013556,15.902224,0.035459,36.745765,36.745765,36.745765,36.745765,36.745765,0.353517,0.736036,0.786777,0.795568,calls/second,milliseconds
1740833424,27,36.745765,2.157825,0.006375,7.668559,0.064505,0.074684,25.486131,36.745765,36.745765,36.745765,1.273164,0.797664,0.797292,0.798959,calls/second,milliseconds
1740833434,777,36.745765,0.093358,0.001526,1.353917,0.024727,0.030787,0.068031,0.127704,0.326187,25.486131,24.878358,6.909853,2.068166,1.225348,calls/second,milliseconds
1740833436,1356,36.745765,0.074344,0.001526,1.162248,0.025862,0.032328,0.059871,0.101389,0.171087,25.486131,40.718586,6.909853,2.068166,1.225348,calls/second,milliseconds
1740833436,1356,36.745765,0.074344,0.001526,1.162248,0.025862,0.032328,0.059871,0.101389,0.171087,25.486131,40.675317,6.909853,2.068166,1.225348,calls/second,milliseconds
