t,count,max,mean,min,stddev,p50,p75,p95,p98,p99,p999,mean_rate,m1_rate,m5_rate,m15_rate,rate_unit,duration_unit
1740829929,4,58.193126,33.282667,8.650465,20.552111,48.346203,58.193126,58.193126,58.193126,58.193126,58.193126,0.285904,0.736036,0.786777,0.795568,calls/second,milliseconds
1740829939,21,198.453907,33.001188,0.089269,59.355562,1.456669,28.011708,198.453907,198.453907,198.453907,198.453907,0.878481,0.639032,0.764289,0.787885,calls/second,milliseconds
1740829947,883,198.453907,1.482860,0.019594,10.197817,0.470405,0.681821,1.878017,5.890211,20.385295,198.453907,28.283165,8.769331,2.443995,1.350813,calls/second,milliseconds
1740829947,883,198.453907,1.482860,0.019594,10.197817,0.470405,0.681821,1.878017,5.890211,20.385295,198.453907,28.246560,8.769331,2.443995,1.350813,calls/second,milliseconds
