t,count,max,mean,min,stddev,p50,p75,p95,p98,p99,p999,mean_rate,m1_rate,m5_rate,m15_rate,rate_unit,duration_unit
1740829673,4,37.710951,9.447968,0.014040,16.317647,0.051180,37.710951,37.710951,37.710951,37.710951,37.710951,0.356368,0.736036,0.786777,0.795568,calls/second,milliseconds
1740829683,29,51.943065,2.828819,0.008094,11.035252,0.065115,0.087154,37.710951,51.943065,51.943065,51.943065,1.374500,0.782952,0.794041,0.797857,calls/second,milliseconds
1740829693,1307,51.943065,0.097168,0.004672,1.765981,0.023426,0.032685,0.058123,0.092072,0.140287,37.710951,41.950169,18.810781,4.527775,2.049741,calls/second,milliseconds
1740829695,1739,1.238843,0.026594,0.003591,0.055241,0.019924,0.029300,0.050405,0.075555,0.115567,1.197238,53.565578,18.810781,4.527775,2.049741,calls/second,milliseconds
1740829695,1739,1.238843,0.026594,0.003591,0.055241,0.019924,0.029300,0.050405,0.075555,0.115567,1.197238,53.499521,18.810781,4.527775,2.049741,calls/second,milliseconds
