t,count,max,mean,min,stddev,p50,p75,p95,p98,p99,p999,mean_rate,m1_rate,m5_rate,m15_rate,rate_unit,duration_unit
1740835252,4,58.962568,29.085271,6.646465,19.069336,29.286481,58.962568,58.962568,58.962568,58.962568,58.962568,0.277364,0.736036,0.786777,0.795568,calls/second,milliseconds
1740835262,25,152.114013,13.917799,0.001565,31.777303,0.252267,19.947249,58.962568,152.114013,152.114013,152.114013,1.027981,0.655023,0.767595,0.788993,calls/second,milliseconds
1740835266,96,152.114013,4.657577,0.001565,17.434041,0.292455,0.680097,28.335445,48.294017,58.962568,152.114013,3.443216,0.906481,0.817716,0.805675,calls/second,milliseconds
1740835266,96,152.114013,4.657577,0.001565,17.434041,0.292455,0.680097,28.335445,48.294017,58.962568,152.114013,3.437945,0.906481,0.817716,0.805675,calls/second,milliseconds
