t,count,max,mean,min,stddev,p50,p75,p95,p98,p99,p999
1740830805,0,0,0.000000,0,0.000000,0.000000,0.000000,0.000000,0.000000,0.000000,0.000000
1740830816,47,967,123.181243,5,180.657792,47.000000,137.000000,422.000000,967.000000,967.000000,967.000000
1740830826,164,1658,97.505232,1,197.817602,15.000000,128.000000,403.000000,819.000000,967.000000,1658.000000
1740830829,164,1658,97.505232,1,197.817602,15.000000,128.000000,403.000000,819.000000,967.000000,1658.000000
1740830829,164,1658,97.505232,1,197.817602,15.000000,128.000000,403.000000,819.000000,967.000000,1658.000000
