t,count,max,mean,min,stddev,p50,p75,p95,p98,p99,p999
1740831449,0,0,0.000000,0,0.000000,0.000000,0.000000,0.000000,0.000000,0.000000,0.000000
1740831459,14,6705,1951.025219,580,1693.336351,2251.000000,2857.000000,6705.000000,6705.000000,6705.000000,6705.000000
1740831468,43,10417,1702.429729,562,1806.653859,1443.000000,2128.000000,4369.000000,10417.000000,10417.000000,10417.000000
1740831468,43,10417,1702.429729,562,1806.653859,1443.000000,2128.000000,4369.000000,10417.000000,10417.000000,10417.000000
