t,count,max,mean,min,stddev,p50,p75,p95,p98,p99,p999
1740835075,0,0,0.000000,0,0.000000,0.000000,0.000000,0.000000,0.000000,0.000000,0.000000
1740835085,4,6901,4298.806163,1597,1898.226782,4773.000000,6901.000000,6901.000000,6901.000000,6901.000000,6901.000000
1740835093,11,19658,4051.391724,1035,5316.977645,1597.000000,4773.000000,19658.000000,19658.000000,19658.000000,19658.000000
1740835093,11,19658,4051.391724,1035,5316.977645,1597.000000,4773.000000,19658.000000,19658.000000,19658.000000,19658.000000
