t,count,max,mean,min,stddev,p50,p75,p95,p98,p99,p999
1740835252,0,0,0.000000,0,0.000000,0.000000,0.000000,0.000000,0.000000,0.000000,0.000000
1740835262,10,3091,1568.474330,580,1083.204851,1191.000000,2856.000000,3091.000000,3091.000000,3091.000000,3091.000000
1740835266,14,4542,1645.690733,562,1277.034417,1191.000000,2856.000000,4542.000000,4542.000000,4542.000000,4542.000000
1740835266,14,4542,1645.690733,562,1277.034417,1191.000000,2856.000000,4542.000000,4542.000000,4542.000000,4542.000000
