t,count,max,mean,min,stddev,p50,p75,p95,p98,p99,p999,mean_rate,m1_rate,m5_rate,m15_rate,rate_unit,duration_unit
1740829673,4,30.152946,7.541773,0.002283,13.054567,0.008313,30.152946,30.152946,30.152946,30.152946,30.152946,0.356452,0.736036,0.786777,0.795568,calls/second,milliseconds
1740829683,29,51.854847,2.574673,0.000885,10.445847,0.005164,0.006619,30.152946,51.854847,51.854847,51.854847,1.374595,0.782952,0.794041,0.797857,calls/second,milliseconds
1740829693,1307,51.854847,0.067656,0.000669,1.668298,0.004712,0.006455,0.009456,0.012230,0.033030,30.152946,42.011733,18.810781,4.527775,2.049741,calls/second,milliseconds
1740829695,1739,51.854847,0.065924,0.000729,1.655567,0.003926,0.005824,0.008954,0.011271,0.032646,30.152946,53.572369,18.810781,4.527775,2.049741,calls/second,milliseconds
1740829695,1739,51.854847,0.065924,0.000729,1.655567,0.003926,0.005824,0.008954,0.011271,0.032646,30.152946,53.508951,18.810781,4.527775,2.049741,calls/second,milliseconds
