t,count,max,mean,min,stddev,p50,p75,p95,p98,p99,p999,mean_rate,m1_rate,m5_rate,m15_rate,rate_unit,duration_unit
1740831829,4,34.716256,8.587128,0.003141,14.972940,0.005276,0.012850,34.716256,34.716256,34.716256,34.716256,0.350167,0.736036,0.786777,0.795568,calls/second,milliseconds
1740831839,8,34.716256,7.061306,0.002490,12.637896,0.005276,0.012850,34.716256,34.716256,34.716256,34.716256,0.375513,0.655023,0.767595,0.788993,calls/second,milliseconds
1740831849,487,34.716256,0.094092,0.000229,1.614077,0.004814,0.006395,0.010835,0.029771,0.060503,34.716256,15.658413,4.149279,1.488701,1.030598,calls/second,milliseconds
1740831849,487,34.716256,0.094092,0.000229,1.614077,0.004814,0.006395,0.010835,0.029771,0.060503,34.716256,15.639638,4.149279,1.488701,1.030598,calls/second,milliseconds
