t,count,max,mean,min,stddev,p50,p75,p95,p98,p99,p999
1740831505,0,0,0.000000,0,0.000000,0.000000,0.000000,0.000000,0.000000,0.000000,0.000000
1740831515,10,5523,1955.218626,580,1652.277374,1390.000000,3169.000000,5523.000000,5523.000000,5523.000000,5523.000000
1740831521,20,7633,1853.808328,562,1872.246170,687.000000,2411.000000,7633.000000,7633.000000,7633.000000,7633.000000
1740831521,20,7633,1853.808328,562,1872.246170,687.000000,2411.000000,7633.000000,7633.000000,7633.000000,7633.000000
