t,count,max,mean,min,stddev,p50,p75,p95,p98,p99,p999
1740831079,0,0,0.000000,0,0.000000,0.000000,0.000000,0.000000,0.000000,0.000000,0.000000
1740831089,5,851,245.998540,86,300.428145,93.000000,117.000000,851.000000,851.000000,851.000000,851.000000
1740831099,23,851,82.134238,10,158.773929,52.000000,86.000000,117.000000,851.000000,851.000000,851.000000
1740831101,25,851,76.559926,10,152.667624,32.000000,86.000000,117.000000,851.000000,851.000000,851.000000
1740831101,25,851,76.559926,10,152.667624,32.000000,86.000000,117.000000,851.000000,851.000000,851.000000
