t,count,max,mean,min,stddev,p50,p75,p95,p98,p99,p999,mean_rate,m1_rate,m5_rate,m15_rate,rate_unit,duration_unit
1740832543,4,44.961887,11.265576,0.013191,19.454579,0.052514,44.961887,44.961887,44.961887,44.961887,44.961887,0.346990,0.736036,0.786777,0.795568,calls/second,milliseconds
1740832553,8,44.961887,10.343682,0.013191,17.963210,0.098123,0.098601,44.961887,44.961887,44.961887,44.961887,0.374063,0.655023,0.767595,0.788993,calls/second,milliseconds
1740832563,370,44.961887,0.204300,0.004693,2.647112,0.030316,0.038202,0.078784,0.102852,0.180243,44.961887,11.782146,2.022460,1.049042,0.883230,calls/second,milliseconds
1740832563,490,44.961887,0.163128,0.004693,2.293157,0.030069,0.037354,0.077084,0.117742,0.312551,44.961887,15.277142,2.022460,1.049042,0.883230,calls/second,milliseconds
1740832563,490,44.961887,0.163128,0.004693,2.293157,0.030069,0.037354,0.077084,0.117742,0.312551,44.961887,15.254862,2.022460,1.049042,0.883230,calls/second,milliseconds
