t,count,max,mean,min,stddev,p50,p75,p95,p98,p99,p999,mean_rate,m1_rate,m5_rate,m15_rate,rate_unit,duration_unit
1740833598,4,74.156002,29.904728,5.253918,26.627905,26.359670,74.156002,74.156002,74.156002,74.156002,74.156002,0.279862,0.736036,0.786777,0.795568,calls/second,milliseconds
1740833608,42,278.462400,14.688669,0.022639,48.712483,0.229072,1.830737,74.156002,278.462400,278.462400,278.462400,1.737607,0.655023,0.767595,0.788993,calls/second,milliseconds
1740833616,531,278.462400,1.930613,0.022639,13.915226,0.430570,0.761557,2.944023,8.698737,31.495181,278.462400,16.575100,2.043583,1.057811,0.886425,calls/second,milliseconds
1740833616,531,278.462400,1.930613,0.022639,13.915226,0.430570,0.761557,2.944023,8.698737,31.495181,278.462400,16.557735,2.043583,1.057811,0.886425,calls/second,milliseconds
