t,count,max,mean,min,stddev,p50,p75,p95,p98,p99,p999,mean_rate,m1_rate,m5_rate,m15_rate,rate_unit,duration_unit
1740834108,0,0.000000,0.000000,0.000000,0.000000,0.000000,0.000000,0.000000,0.000000,0.000000,0.000000,0.000000,0.000000,0.000000,0.000000,calls/second,milliseconds
1740834118,1,479.527937,479.527937,479.527937,0.000000,479.527937,479.527937,479.527937,479.527937,479.527937,479.527937,0.047524,0.000000,0.000000,0.000000,calls/second,milliseconds
1740834127,516,479.527937,2.193525,0.032358,21.322025,0.472996,0.685355,2.518527,9.105172,21.080868,479.527937,16.922618,6.299870,1.305045,0.437592,calls/second,milliseconds
1740834127,516,479.527937,2.193525,0.032358,21.322025,0.472996,0.685355,2.518527,9.105172,21.080868,479.527937,16.902183,6.299870,1.305045,0.437592,calls/second,milliseconds
