t,count,max,mean,min,stddev,p50,p75,p95,p98,p99,p999,mean_rate,m1_rate,m5_rate,m15_rate,rate_unit,duration_unit
1740830446,4,94.429036,36.448450,5.433213,34.741838,31.353950,94.429036,94.429036,94.429036,94.429036,94.429036,0.282082,0.736036,0.786777,0.795568,calls/second,milliseconds
1740830456,21,170.242571,32.139085,0.032008,56.184480,1.967510,30.901394,170.242571,170.242571,170.242571,170.242571,0.872075,0.653744,0.767540,0.788987,calls/second,milliseconds
1740830465,884,170.242571,1.459289,0.032008,9.900707,0.491673,0.680233,1.950066,4.996300,14.577601,170.242571,26.942720,4.882509,1.640656,1.081555,calls/second,milliseconds
1740830465,884,170.242571,1.459289,0.032008,9.900707,0.491673,0.680233,1.950066,4.996300,14.577601,170.242571,26.907154,4.882509,1.640656,1.081555,calls/second,milliseconds
