t,count,max,mean,min,stddev,p50,p75,p95,p98,p99,p999,mean_rate,m1_rate,m5_rate,m15_rate,rate_unit,duration_unit
1740831449,4,36.520368,9.144270,0.011848,15.805600,0.032744,36.520368,36.520368,36.520368,36.520368,36.520368,0.354298,0.736036,0.786777,0.795568,calls/second,milliseconds
1740831459,27,36.520368,1.912144,0.006462,6.969974,0.060342,0.105160,18.866454,36.520368,36.520368,36.520368,1.274417,0.765682,0.790680,0.796743,calls/second,milliseconds
1740831468,905,36.520368,0.076723,0.003449,1.151318,0.021261,0.028552,0.060342,0.101484,0.368328,18.866454,29.985773,14.807351,3.703726,1.773737,calls/second,milliseconds
1740831468,905,36.520368,0.076723,0.003449,1.151318,0.021261,0.028552,0.060342,0.101484,0.368328,18.866454,29.951375,14.807351,3.703726,1.773737,calls/second,milliseconds
