t,count,max,mean,min,stddev,p50,p75,p95,p98,p99,p999
1740835425,0,0,0.000000,0,0.000000,0.000000,0.000000,0.000000,0.000000,0.000000,0.000000
1740835435,6,914,266.979610,115,287.394124,124.000000,221.000000,914.000000,914.000000,914.000000,914.000000
1740835444,12,914,155.852156,24,228.368494,115.000000,128.000000,914.000000,914.000000,914.000000,914.000000
1740835444,12,914,155.852156,24,228.368494,115.000000,128.000000,914.000000,914.000000,914.000000,914.000000
