t,count,max,mean,min,stddev,p50,p75,p95,p98,p99,p999,mean_rate,m1_rate,m5_rate,m15_rate,rate_unit,duration_unit
1740835364,4,27.387362,6.851566,0.002133,11.856349,0.014535,27.387362,27.387362,27.387362,27.387362,27.387362,0.356018,0.736036,0.786777,0.795568,calls/second,milliseconds
1740835374,21,27.387362,2.137409,0.000966,6.992736,0.006660,0.010482,22.868440,27.387362,27.387362,27.387362,0.994341,0.893611,0.817126,0.805608,calls/second,milliseconds
1740835384,1452,27.387362,0.042050,0.000150,0.946286,0.004613,0.005957,0.008714,0.023754,0.058223,22.868440,46.654710,16.637549,4.080857,1.900083,calls/second,milliseconds
1740835386,1700,27.387362,0.041545,0.000150,0.944131,0.004240,0.005712,0.008661,0.025685,0.058223,22.868440,52.132436,16.637549,4.080857,1.900083,calls/second,milliseconds
1740835386,1700,27.387362,0.041545,0.000150,0.944131,0.004240,0.005712,0.008661,0.025685,0.058223,22.868440,52.061512,16.637549,4.080857,1.900083,calls/second,milliseconds
