t,count,max,mean,min,stddev,p50,p75,p95,p98,p99,p999,mean_rate,m1_rate,m5_rate,m15_rate,rate_unit,duration_unit
1740834279,4,64.060734,31.405633,6.890451,21.089260,33.602594,64.060734,64.060734,64.060734,64.060734,64.060734,0.283467,0.736036,0.786777,0.795568,calls/second,milliseconds
1740834289,35,168.357416,14.977773,0.019136,38.862423,0.333954,7.876541,159.711826,168.357416,168.357416,168.357416,1.458920,0.655023,0.767595,0.788993,calls/second,milliseconds
1740834297,517,168.357416,1.891539,0.019136,11.149677,0.536269,0.744663,2.516653,9.699074,31.184119,168.357416,16.167972,2.116498,1.071417,0.890900,calls/second,milliseconds
1740834297,517,168.357416,1.891539,0.019136,11.149677,0.536269,0.744663,2.516653,9.699074,31.184119,168.357416,16.147151,2.116498,1.071417,0.890900,calls/second,milliseconds
