t,count,max,mean,min,stddev,p50,p75,p95,p98,p99,p999,mean_rate,m1_rate,m5_rate,m15_rate,rate_unit,duration_unit
1740834632,5,74.445238,26.487606,6.753220,24.404072,19.716524,24.795899,74.445238,74.445238,74.445238,74.445238,0.353009,0.736036,0.786777,0.795568,calls/second,milliseconds
1740834642,20,177.709064,15.946355,0.023167,40.530894,0.135211,11.840874,177.709064,177.709064,177.709064,177.709064,0.831583,0.637753,0.764235,0.787879,calls/second,milliseconds
1740834652,295,210.884488,3.082938,0.010921,18.700619,0.261731,0.818364,4.842899,25.466866,74.445238,210.884488,8.665522,3.830216,1.430483,1.011534,calls/second,milliseconds
1740834653,683,210.884488,1.782715,0.010921,12.435544,0.352215,0.694407,2.554918,7.293606,28.467821,210.884488,19.339153,10.256229,2.798543,1.472411,calls/second,milliseconds
1740834653,683,210.884488,1.782715,0.010921,12.435544,0.352215,0.694407,2.554918,7.293606,28.467821,210.884488,19.317722,10.256229,2.798543,1.472411,calls/second,milliseconds
