t,count,max,mean,min,stddev,p50,p75,p95,p98,p99,p999,mean_rate,m1_rate,m5_rate,m15_rate,rate_unit,duration_unit
1740830640,4,55.317542,13.860709,0.012579,23.935137,0.096534,55.317542,55.317542,55.317542,55.317542,55.317542,0.351362,0.736036,0.786777,0.795568,calls/second,milliseconds
1740830650,14,55.317542,5.120945,0.012579,13.874195,0.017420,0.096534,55.317542,55.317542,55.317542,55.317542,0.657135,0.653744,0.767540,0.788987,calls/second,milliseconds
1740830661,346,55.317542,0.211592,0.003930,2.693076,0.032050,0.041045,0.099507,0.232789,1.143034,55.317542,11.059381,3.593657,1.383658,0.995961,calls/second,milliseconds
1740830671,1631,22.915491,0.050783,0.001926,0.634784,0.027528,0.035510,0.060694,0.093573,0.146022,1.143034,39.511317,22.105907,5.459752,2.376897,calls/second,milliseconds
1740830681,3829,1.143034,0.019857,0.000286,0.035222,0.017131,0.025188,0.041052,0.055855,0.066871,0.146022,74.699706,54.404695,12.929216,4.929977,calls/second,milliseconds
1740830691,6221,0.146022,0.015308,0.000286,0.012000,0.010143,0.021144,0.036478,0.047542,0.055965,0.128250,101.544476,75.187738,18.711885,6.966519,calls/second,milliseconds
1740830694,7607,0.146022,0.014233,0.000286,0.011532,0.009262,0.019175,0.033640,0.045339,0.055382,0.128250,118.432011,75.187738,18.711885,6.966519,calls/second,milliseconds
1740830694,7607,0.146022,0.014233,0.000286,0.011532,0.009262,0.019175,0.033640,0.045339,0.055382,0.128250,118.329094,75.187738,18.711885,6.966519,calls/second,milliseconds
