t,count,max,mean,min,stddev,p50,p75,p95,p98,p99,p999
1740832607,0,0,0.000000,0,0.000000,0.000000,0.000000,0.000000,0.000000,0.000000,0.000000
1740832617,1,2614,2614.000000,2614,0.000000,2614.000000,2614.000000,2614.000000,2614.000000,2614.000000,2614.000000
1740832627,13,19380,4840.220025,1035,5378.004247,2614.000000,4430.000000,19380.000000,19380.000000,19380.000000,19380.000000
1740832632,21,19380,3443.987022,985,4450.396055,1570.000000,3383.000000,13227.000000,19380.000000,19380.000000,19380.000000
1740832632,21,19380,3443.987022,985,4450.396055,1570.000000,3383.000000,13227.000000,19380.000000,19380.000000,19380.000000
