t,count,max,mean,min,stddev,p50,p75,p95,p98,p99,p999
1740833537,0,0,0.000000,0,0.000000,0.000000,0.000000,0.000000,0.000000,0.000000,0.000000
1740833547,7,13017,5916.142665,2218,3240.774173,5218.000000,7221.000000,13017.000000,13017.000000,13017.000000,13017.000000
1740833557,21,36366,4620.743644,1029,7511.862215,2170.000000,4532.000000,13017.000000,36366.000000,36366.000000,36366.000000
1740833559,22,36366,4532.928587,1029,7326.257788,2218.000000,3880.000000,13017.000000,36366.000000,36366.000000,36366.000000
1740833559,22,36366,4532.928587,1029,7326.257788,2218.000000,3880.000000,13017.000000,36366.000000,36366.000000,36366.000000
