t,count,max,mean,min,stddev,p50,p75,p95,p98,p99,p999,mean_rate,m1_rate,m5_rate,m15_rate,rate_unit,duration_unit
1740834816,4,65.059011,34.676945,6.562512,23.769815,50.034853,65.059011,65.059011,65.059011,65.059011,65.059011,0.283198,0.736036,0.786777,0.795568,calls/second,milliseconds
1740834822,5,65.059011,26.338559,0.101733,25.446351,17.051403,50.034853,65.059011,65.059011,65.059011,65.059011,0.250922,0.677185,0.773773,0.791160,calls/second,milliseconds
1740834822,5,65.059011,26.338559,0.101733,25.446351,17.051403,50.034853,65.059011,65.059011,65.059011,65.059011,0.250474,0.677185,0.773773,0.791160,calls/second,milliseconds
