t,count,max,mean,min,stddev,p50,p75,p95,p98,p99,p999,mean_rate,m1_rate,m5_rate,m15_rate,rate_unit,duration_unit
1740830388,0,0.000000,0.000000,0.000000,0.000000,0.000000,0.000000,0.000000,0.000000,0.000000,0.000000,0.000000,0.000000,0.000000,0.000000,calls/second,milliseconds
1740830398,18,527.454279,44.324051,0.030930,120.837065,0.501499,31.016442,527.454279,527.454279,527.454279,527.454279,0.856530,0.000000,0.000000,0.000000,calls/second,milliseconds
1740830406,471,527.454279,3.119903,0.030930,26.107158,0.491192,0.765332,2.915583,19.747664,81.045362,527.454279,16.203489,0.751583,0.155368,0.052077,calls/second,milliseconds
1740830407,471,527.454279,3.119903,0.030930,26.107158,0.491192,0.765332,2.915583,19.747664,81.045362,527.454279,16.180594,0.751583,0.155368,0.052077,calls/second,milliseconds
