t,count,max,mean,min,stddev,p50,p75,p95,p98,p99,p999
1740830268,0,0,0.000000,0,0.000000,0.000000,0.000000,0.000000,0.000000,0.000000,0.000000
1740830278,14,9415,2235.290906,580,2318.874630,687.000000,3113.000000,9415.000000,9415.000000,9415.000000,9415.000000
1740830288,49,18082,1976.286523,562,2777.487467,1386.000000,2652.000000,4516.000000,18082.000000,18082.000000,18082.000000
1740830291,49,18082,1976.286523,562,2777.487467,1386.000000,2652.000000,4516.000000,18082.000000,18082.000000,18082.000000
1740830291,49,18082,1976.286523,562,2777.487467,1386.000000,2652.000000,4516.000000,18082.000000,18082.000000,18082.000000
