t,count,max,mean,min,stddev,p50,p75,p95,p98,p99,p999,mean_rate,m1_rate,m5_rate,m15_rate,rate_unit,duration_unit
1740834692,4,86.594214,35.355792,8.385372,30.239448,25.507557,86.594214,86.594214,86.594214,86.594214,86.594214,0.285060,0.736036,0.786777,0.795568,calls/second,milliseconds
1740834702,21,281.912623,24.452770,0.005283,62.224346,0.276106,23.233540,281.912623,281.912623,281.912623,281.912623,0.877600,0.653744,0.767540,0.788987,calls/second,milliseconds
1740834710,882,281.912623,0.873473,0.005283,9.572501,0.229608,0.306445,0.894171,2.291509,10.045085,281.912623,27.778153,8.334033,2.354580,1.320877,calls/second,milliseconds
1740834710,882,281.912623,0.873473,0.005283,9.572501,0.229608,0.306445,0.894171,2.291509,10.045085,281.912623,27.742383,8.334033,2.354580,1.320877,calls/second,milliseconds
