t,count,max,mean,min,stddev,p50,p75,p95,p98,p99,p999
1740832543,0,0,0.000000,0,0.000000,0.000000,0.000000,0.000000,0.000000,0.000000,0.000000
1740832553,4,8534,5084.075164,2588,2169.669109,4746.000000,8534.000000,8534.000000,8534.000000,8534.000000,8534.000000
1740832563,10,19456,4637.049851,1035,5479.267284,2040.000000,4746.000000,19456.000000,19456.000000,19456.000000,19456.000000
1740832563,10,19456,4637.049851,1035,5479.267284,2040.000000,4746.000000,19456.000000,19456.000000,19456.000000,19456.000000
1740832563,10,19456,4637.049851,1035,5479.267284,2040.000000,4746.000000,19456.000000,19456.000000,19456.000000,19456.000000
