t,count,max,mean,min,stddev,p50,p75,p95,p98,p99,p999,mean_rate,m1_rate,m5_rate,m15_rate,rate_unit,duration_unit
1740833476,4,66.807173,32.058521,7.532685,21.971305,32.851119,66.807173,66.807173,66.807173,66.807173,66.807173,0.276442,0.736036,0.786777,0.795568,calls/second,milliseconds
1740833486,10,157.270924,29.878565,0.027931,48.122265,9.033126,32.851119,157.270924,157.270924,157.270924,157.270924,0.410785,0.623041,0.760984,0.786777,calls/second,milliseconds
1740833496,477,274.521491,2.213957,0.017687,14.490777,0.527515,0.958720,3.536698,18.755527,32.851119,274.521491,13.883223,1.442092,0.927220,0.842288,calls/second,milliseconds
1740833499,1345,274.521491,1.049102,0.017457,9.120432,0.370910,0.600390,1.372985,3.399891,9.033126,119.171298,36.204954,11.225290,2.958129,1.523492,calls/second,milliseconds
1740833499,1345,274.521491,1.049102,0.017457,9.120432,0.370910,0.600390,1.372985,3.399891,9.033126,119.171298,36.152317,11.225290,2.958129,1.523492,calls/second,milliseconds
