t,count,max,mean,min,stddev,p50,p75,p95,p98,p99,p999,mean_rate,m1_rate,m5_rate,m15_rate,rate_unit,duration_unit
1740833050,0,0.000000,0.000000,0.000000,0.000000,0.000000,0.000000,0.000000,0.000000,0.000000,0.000000,0.000000,0.000000,0.000000,0.000000,calls/second,milliseconds
1740833060,0,0.000000,0.000000,0.000000,0.000000,0.000000,0.000000,0.000000,0.000000,0.000000,0.000000,0.000000,0.000000,0.000000,0.000000,calls/second,milliseconds
1740833070,45,644.439273,24.744191,0.093643,95.597935,0.339919,3.423708,85.507916,644.439273,644.439273,644.439273,1.431738,0.447751,0.092560,0.031025,calls/second,milliseconds
1740833077,1269,644.439273,1.317364,0.027126,18.948953,0.376537,0.563584,1.178007,3.423708,8.268806,85.507916,33.178921,5.673029,1.178608,0.395395,calls/second,milliseconds
1740833077,1269,644.439273,1.317364,0.027126,18.948953,0.376537,0.563584,1.178007,3.423708,8.268806,85.507916,33.148472,5.673029,1.178608,0.395395,calls/second,milliseconds
