t,count,max,mean,min,stddev,p50,p75,p95,p98,p99,p999
1740835425,0,0,0.000000,0,0.000000,0.000000,0.000000,0.000000,0.000000,0.000000,0.000000
1740835435,6,15936,5701.857770,2584,4615.119080,3880.000000,3959.000000,15936.000000,15936.000000,15936.000000,15936.000000
1740835444,12,39566,6856.642767,1214,10718.841896,2584.000000,3880.000000,39566.000000,39566.000000,39566.000000,39566.000000
1740835444,12,39566,6856.642767,1214,10718.841896,2584.000000,3880.000000,39566.000000,39566.000000,39566.000000,39566.000000
