t,count,max,mean,min,stddev,p50,p75,p95,p98,p99,p999
1740830212,0,0,0.000000,0,0.000000,0.000000,0.000000,0.000000,0.000000,0.000000,0.000000
1740830222,60,1023,102.932588,5,156.796174,47.000000,148.000000,340.000000,363.000000,1023.000000,1023.000000
1740830230,114,1027,93.506999,1,173.635890,29.000000,118.000000,329.000000,955.000000,1023.000000,1027.000000
1740830230,114,1027,93.506999,1,173.635890,29.000000,118.000000,329.000000,955.000000,1023.000000,1027.000000
