t,count,max,mean,min,stddev,p50,p75,p95,p98,p99,p999,mean_rate,m1_rate,m5_rate,m15_rate,rate_unit,duration_unit
1740834520,4,31.155058,7.801279,0.011018,13.483312,0.027592,31.155058,31.155058,31.155058,31.155058,31.155058,0.355087,0.736036,0.786777,0.795568,calls/second,milliseconds
1740834530,16,31.155058,3.051546,0.011018,8.456854,0.062401,0.094100,31.155058,31.155058,31.155058,31.155058,0.756059,0.685727,0.774152,0.791203,calls/second,milliseconds
1740834540,1191,22.240398,0.046271,0.001796,0.635273,0.020252,0.027692,0.053066,0.078174,0.131928,1.978403,38.218007,11.891325,3.096618,1.569988,calls/second,milliseconds
1740834542,1738,22.240398,0.044285,0.001965,0.629991,0.019976,0.028034,0.048029,0.070197,0.094100,1.978403,52.101074,11.891325,3.096618,1.569988,calls/second,milliseconds
1740834542,1738,22.240398,0.044285,0.001965,0.629991,0.019976,0.028034,0.048029,0.070197,0.094100,1.978403,52.038158,11.891325,3.096618,1.569988,calls/second,milliseconds
