t,count,max,mean,min,stddev,p50,p75,p95,p98,p99,p999
1740830268,0,0,0.000000,0,0.000000,0.000000,0.000000,0.000000,0.000000,0.000000,0.000000
1740830278,7,800,258.217510,151,220.804419,159.000000,231.000000,800.000000,800.000000,800.000000,800.000000
1740830288,24,800,98.073956,11,157.437808,30.000000,154.000000,277.000000,800.000000,800.000000,800.000000
1740830291,24,800,98.073956,11,157.437808,30.000000,154.000000,277.000000,800.000000,800.000000,800.000000
1740830291,24,800,98.073956,11,157.437808,30.000000,154.000000,277.000000,800.000000,800.000000,800.000000
