t,count,max,mean,min,stddev,p50,p75,p95,p98,p99,p999,mean_rate,m1_rate,m5_rate,m15_rate,rate_unit,duration_unit
1740831891,4,73.945789,32.454624,7.001239,26.000807,34.588837,73.945789,73.945789,73.945789,73.945789,73.945789,0.271056,0.736036,0.786777,0.795568,calls/second,milliseconds
1740831901,6,73.945789,27.560469,7.001239,22.593025,32.046537,34.588837,73.945789,73.945789,73.945789,73.945789,0.243602,0.623041,0.760984,0.786777,calls/second,milliseconds
1740831911,327,215.890306,1.931582,0.002995,12.401592,0.321439,0.526204,4.827316,19.562223,32.046537,215.890306,9.434548,0.810118,0.795320,0.798004,calls/second,milliseconds
1740831912,485,215.890306,1.390884,0.002995,10.159953,0.303633,0.428321,1.584741,10.605585,31.282326,215.890306,13.655079,6.837960,2.041649,1.215742,calls/second,milliseconds
1740831912,485,215.890306,1.390884,0.002995,10.159953,0.303633,0.428321,1.584741,10.605585,31.282326,215.890306,13.637650,6.837960,2.041649,1.215742,calls/second,milliseconds
