t,count,max,mean,min,stddev,p50,p75,p95,p98,p99,p999,mean_rate,m1_rate,m5_rate,m15_rate,rate_unit,duration_unit
1740834279,4,33.696906,8.442002,0.012950,14.580927,0.031835,33.696906,33.696906,33.696906,33.696906,33.696906,0.355865,0.736036,0.786777,0.795568,calls/second,milliseconds
1740834289,35,33.696906,1.389482,0.007643,5.839616,0.062069,0.076315,19.474192,33.696906,33.696906,33.696906,1.657204,0.829647,0.803903,0.801175,calls/second,milliseconds
1740834297,517,33.696906,0.117271,0.002951,1.458090,0.026014,0.031512,0.073705,0.120244,0.398657,33.696906,17.762614,1.802734,1.005487,0.868759,calls/second,milliseconds
1740834297,517,33.696906,0.117271,0.002951,1.458090,0.026014,0.031512,0.073705,0.120244,0.398657,33.696906,17.737389,1.802734,1.005487,0.868759,calls/second,milliseconds
