t,count,max,mean,min,stddev,p50,p75,p95,p98,p99,p999,mean_rate,m1_rate,m5_rate,m15_rate,rate_unit,duration_unit
1740831382,5,36.000895,7.034577,0.014912,14.228414,0.037519,0.104342,36.000895,36.000895,36.000895,36.000895,0.442173,0.736036,0.786777,0.795568,calls/second,milliseconds
1740831392,10,36.000895,5.523726,0.013005,11.516864,0.099815,0.119939,36.000895,36.000895,36.000895,36.000895,0.471396,0.653744,0.767540,0.788987,calls/second,milliseconds
1740831402,155,36.000895,0.328253,0.001587,2.906478,0.029595,0.048968,0.109451,0.281637,21.946499,36.000895,4.963085,2.442279,1.140401,0.914120,calls/second,milliseconds
1740831410,1066,2.039862,0.029961,0.001582,0.068602,0.022957,0.030867,0.057771,0.089922,0.132978,0.669800,27.063223,4.773602,1.643854,1.084124,calls/second,milliseconds
1740831410,1066,2.039862,0.029961,0.001582,0.068602,0.022957,0.030867,0.057771,0.089922,0.132978,0.669800,27.036640,4.773602,1.643854,1.084124,calls/second,milliseconds
