t,count,max,mean,min,stddev,p50,p75,p95,p98,p99,p999
1740832026,0,0,0.000000,0,0.000000,0.000000,0.000000,0.000000,0.000000,0.000000,0.000000
1740832036,2,1506,1096.500000,687,409.500000,1506.000000,1506.000000,1506.000000,1506.000000,1506.000000,1506.000000
1740832046,29,10414,1908.172689,562,2089.720457,1433.000000,2843.000000,5702.000000,10414.000000,10414.000000,10414.000000
1740832047,29,10414,1908.172689,562,2089.720457,1433.000000,2843.000000,5702.000000,10414.000000,10414.000000,10414.000000
1740832047,29,10414,1908.172689,562,2089.720457,1433.000000,2843.000000,5702.000000,10414.000000,10414.000000,10414.000000
