t,count,max,mean,min,stddev,p50,p75,p95,p98,p99,p999,mean_rate,m1_rate,m5_rate,m15_rate,rate_unit,duration_unit
1740833655,4,28.143424,7.094123,0.030498,12.152922,0.158889,28.143424,28.143424,28.143424,28.143424,28.143424,0.354797,0.736036,0.786777,0.795568,calls/second,milliseconds
1740833665,12,28.143424,3.717608,0.026547,8.436905,0.087204,0.158889,28.143424,28.143424,28.143424,28.143424,0.567227,0.655023,0.767595,0.788993,calls/second,milliseconds
1740833675,159,28.143424,0.267375,0.002005,2.314039,0.026547,0.041753,0.105265,0.350167,1.067024,28.143424,5.103157,2.556578,1.163649,0.921888,calls/second,milliseconds
1740833682,1072,28.143424,0.047844,0.002005,0.686712,0.022809,0.029394,0.059763,0.107422,0.144319,2.231900,27.951582,5.886202,1.874977,1.161656,calls/second,milliseconds
1740833682,1072,28.143424,0.047844,0.002005,0.686712,0.022809,0.029394,0.059763,0.107422,0.144319,2.231900,27.924062,5.886202,1.874977,1.161656,calls/second,milliseconds
