t,count,max,mean,min,stddev,p50,p75,p95,p98,p99,p999,mean_rate,m1_rate,m5_rate,m15_rate,rate_unit,duration_unit
1740830866,5,92.515569,32.584997,5.949349,31.744241,18.120105,40.840146,92.515569,92.515569,92.515569,92.515569,0.355756,0.736036,0.786777,0.795568,calls/second,milliseconds
1740830876,43,160.236965,13.406653,0.016998,35.588155,0.257856,5.949349,92.515569,160.236965,160.236965,160.236965,1.793461,0.653744,0.767540,0.788987,calls/second,milliseconds
1740830883,532,160.236965,1.735739,0.016998,10.597380,0.496277,0.691893,2.348778,8.126353,27.378700,160.236965,17.421020,6.869261,2.055973,1.221032,calls/second,milliseconds
1740830883,532,160.236965,1.735739,0.016998,10.597380,0.496277,0.691893,2.348778,8.126353,27.378700,160.236965,17.399850,6.869261,2.055973,1.221032,calls/second,milliseconds
