t,count,max,mean,min,stddev,p50,p75,p95,p98,p99,p999
1740834748,0,0,0.000000,0,0.000000,0.000000,0.000000,0.000000,0.000000,0.000000,0.000000
1740834758,10,7108,5052.738335,2218,2062.202809,6932.000000,6935.000000,7108.000000,7108.000000,7108.000000,7108.000000
1740834768,22,11364,5060.834058,889,3350.759501,4325.000000,6935.000000,11361.000000,11364.000000,11364.000000,11364.000000
1740834776,27,11364,4511.990655,889,3203.532858,2907.000000,6935.000000,11361.000000,11364.000000,11364.000000,11364.000000
1740834776,27,11364,4511.990655,889,3203.532858,2907.000000,6935.000000,11361.000000,11364.000000,11364.000000,11364.000000
