t,count,max,mean,min,stddev,p50,p75,p95,p98,p99,p999,mean_rate,m1_rate,m5_rate,m15_rate,rate_unit,duration_unit
1740833338,4,67.586235,28.286555,6.254709,23.400175,22.031351,67.586235,67.586235,67.586235,67.586235,67.586235,0.282030,0.736036,0.786777,0.795568,calls/second,milliseconds
1740833348,5,67.586235,24.433389,6.254709,21.345060,17.273924,22.031351,67.586235,67.586235,67.586235,67.586235,0.207736,0.623041,0.760984,0.786777,calls/second,milliseconds
1740833358,126,176.079843,6.167831,0.013900,22.034634,0.374412,1.128219,36.403244,83.109455,96.101505,176.079843,3.690113,0.973865,0.828541,0.809102,calls/second,milliseconds
1740833368,501,176.079843,2.247546,0.013900,11.022043,0.408406,1.080419,4.247258,22.031351,67.286865,176.079843,11.361544,4.421188,1.576581,1.061838,calls/second,milliseconds
1740833374,2762,176.079843,0.748019,0.013900,5.702434,0.408612,0.639793,1.118760,2.348867,3.564966,96.101505,54.597013,39.913368,9.086281,3.589466,calls/second,milliseconds
1740833375,2762,176.079843,0.748019,0.013900,5.702434,0.408612,0.639793,1.118760,2.348867,3.564966,96.101505,54.554673,39.913368,9.086281,3.589466,calls/second,milliseconds
