t,count,max,mean,min,stddev,p50,p75,p95,p98,p99,p999
1740830640,0,0,0.000000,0,0.000000,0.000000,0.000000,0.000000,0.000000,0.000000,0.000000
1740830650,16,3263,1761.062500,580,1185.458849,582.000000,2888.000000,3263.000000,3263.000000,3263.000000,3263.000000
1740830661,50,8505,2017.760774,562,1912.742367,1433.000000,2888.000000,5859.000000,8505.000000,8505.000000,8505.000000
1740830671,83,8505,1948.133967,562,1892.629481,1365.000000,2772.000000,6549.000000,8379.000000,8505.000000,8505.000000
1740830681,115,8505,1811.669005,562,1740.147471,1254.000000,2655.000000,5707.000000,8023.000000,8379.000000,8505.000000
1740830691,145,8505,1913.095954,562,1850.988549,1254.000000,2655.000000,5859.000000,8232.000000,8379.000000,8505.000000
1740830694,145,8505,1913.095954,562,1850.988549,1254.000000,2655.000000,5859.000000,8232.000000,8379.000000,8505.000000
1740830694,145,8505,1913.095954,562,1850.988549,1254.000000,2655.000000,5859.000000,8232.000000,8379.000000,8505.000000
