t,count,max,mean,min,stddev,p50,p75,p95,p98,p99,p999
1740834692,0,0,0.000000,0,0.000000,0.000000,0.000000,0.000000,0.000000,0.000000,0.000000
1740834702,6,10471,4533.307734,2218,2771.635310,3959.000000,4325.000000,10471.000000,10471.000000,10471.000000,10471.000000
1740834710,20,20973,3348.868986,1029,4505.167230,2054.000000,2638.000000,10471.000000,20973.000000,20973.000000,20973.000000
1740834710,20,20973,3348.868986,1029,4505.167230,2054.000000,2638.000000,10471.000000,20973.000000,20973.000000,20973.000000
