t,count,max,mean,min,stddev,p50,p75,p95,p98,p99,p999,mean_rate,m1_rate,m5_rate,m15_rate,rate_unit,duration_unit
1740831505,4,59.925274,27.747397,5.747272,20.905688,32.065346,59.925274,59.925274,59.925274,59.925274,59.925274,0.283660,0.736036,0.786777,0.795568,calls/second,milliseconds
1740831515,37,160.902179,17.250750,0.034109,41.341676,0.416615,9.507733,155.621143,160.902179,160.902179,160.902179,1.541567,0.639032,0.764289,0.787885,calls/second,milliseconds
1740831521,523,160.902179,2.069637,0.034109,12.064645,0.409669,0.661605,2.345137,23.335151,59.925274,160.902179,17.684084,1.163618,0.870662,0.823409,calls/second,milliseconds
1740831521,523,160.902179,2.069637,0.034109,12.064645,0.409669,0.661605,2.345137,23.335151,59.925274,160.902179,17.662118,1.163618,0.870662,0.823409,calls/second,milliseconds
