t,count,max,mean,min,stddev,p50,p75,p95,p98,p99,p999,mean_rate,m1_rate,m5_rate,m15_rate,rate_unit,duration_unit
1740833965,4,67.071315,31.015861,6.944565,22.665236,32.221649,67.071315,67.071315,67.071315,67.071315,67.071315,0.281923,0.736036,0.786777,0.795568,calls/second,milliseconds
1740833975,12,156.520952,24.957242,0.023541,44.248732,8.961092,17.825914,156.520952,156.520952,156.520952,156.520952,0.497078,0.623041,0.760984,0.786777,calls/second,milliseconds
1740833985,351,156.520952,2.722309,0.023541,13.207313,0.533806,1.132193,6.944565,22.565155,46.692550,156.520952,10.295730,1.852116,1.015546,0.872100,calls/second,milliseconds
1740833995,2137,143.711613,0.736767,0.018266,4.494155,0.348751,0.554962,1.344490,2.571719,7.886728,42.635375,48.460353,22.355311,5.384528,2.344149,calls/second,milliseconds
1740833995,2245,143.711613,0.805824,0.018266,5.822432,0.358345,0.563126,1.238646,2.349224,7.170462,119.045387,50.105162,22.355311,5.384528,2.344149,calls/second,milliseconds
1740833995,2245,143.711613,0.805824,0.018266,5.822432,0.358345,0.563126,1.238646,2.349224,7.170462,119.045387,50.072469,22.355311,5.384528,2.344149,calls/second,milliseconds
