t,count,max,mean,min,stddev,p50,p75,p95,p98,p99,p999,mean_rate,m1_rate,m5_rate,m15_rate,rate_unit,duration_unit
1740829226,5,28.299540,5.524454,0.011171,11.164026,0.049327,0.124796,28.299540,28.299540,28.299540,28.299540,0.442720,0.736036,0.786777,0.795568,calls/second,milliseconds
1740829236,29,28.299540,1.567978,0.011171,5.745140,0.074404,0.115231,19.909863,28.299540,28.299540,28.299540,1.370838,1.021540,0.843572,0.814472,calls/second,milliseconds
1740829247,1405,28.299540,0.078375,0.002524,0.952469,0.027932,0.038438,0.068974,0.115231,0.160412,19.909863,45.091536,17.307455,4.224840,1.948671,calls/second,milliseconds
1740829248,1712,28.299540,0.075357,0.002524,0.949455,0.025293,0.035809,0.064687,0.104494,0.155851,19.909863,53.244114,17.307455,4.224840,1.948671,calls/second,milliseconds
1740829248,1712,28.299540,0.075357,0.002524,0.949455,0.025293,0.035809,0.064687,0.104494,0.155851,19.909863,53.191137,17.307455,4.224840,1.948671,calls/second,milliseconds
