t,count,max,mean,min,stddev,p50,p75,p95,p98,p99,p999,mean_rate,m1_rate,m5_rate,m15_rate,rate_unit,duration_unit
1740832089,4,102.932908,40.557806,7.463316,36.939046,30.575657,102.932908,102.932908,102.932908,102.932908,102.932908,0.268428,0.736036,0.786777,0.795568,calls/second,milliseconds
1740832099,6,102.932908,32.464508,7.463316,31.382813,28.973704,30.575657,102.932908,102.932908,102.932908,102.932908,0.242544,0.639032,0.764289,0.787885,calls/second,milliseconds
1740832109,115,320.830321,5.780768,0.000737,30.971331,0.299895,0.774335,30.575657,42.492676,102.932908,320.830321,3.308739,1.172902,0.871133,0.823464,calls/second,milliseconds
1740832112,532,320.830321,1.682176,0.000737,14.020716,0.301154,0.452035,2.693996,8.892755,31.410517,320.830321,14.051595,2.278456,1.104663,0.902004,calls/second,milliseconds
1740832112,532,320.830321,1.682176,0.000737,14.020716,0.301154,0.452035,2.693996,8.892755,31.410517,320.830321,14.032773,2.278456,1.104663,0.902004,calls/second,milliseconds
