t,count,max,mean,min,stddev,p50,p75,p95,p98,p99,p999,mean_rate,m1_rate,m5_rate,m15_rate,rate_unit,duration_unit
1740832888,4,69.690188,17.440702,0.012392,30.166257,0.039365,69.690188,69.690188,69.690188,69.690188,69.690188,0.345104,0.736036,0.786777,0.795568,calls/second,milliseconds
1740832898,6,69.690188,15.751802,0.012392,24.919677,0.121516,24.534314,69.690188,69.690188,69.690188,69.690188,0.280929,0.637753,0.764235,0.787879,calls/second,milliseconds
1740832908,70,69.690188,1.041434,0.005174,7.344680,0.042662,0.057097,0.108121,24.534314,24.534314,69.690188,2.230682,1.217236,0.880888,0.826769,calls/second,milliseconds
1740832918,961,69.690188,0.108358,0.001504,1.887697,0.024887,0.033657,0.067015,0.133123,0.300211,24.534314,23.149733,12.475684,3.263292,1.628494,calls/second,milliseconds
1740832928,2478,1.020678,0.027692,0.000463,0.051376,0.020364,0.031350,0.054449,0.087425,0.144175,1.013142,48.234479,33.482004,8.053623,3.261244,calls/second,milliseconds
1740832929,2516,1.020678,0.026799,0.000463,0.049068,0.020071,0.030825,0.053873,0.079893,0.115418,1.013142,48.600358,33.482004,8.053623,3.261244,calls/second,milliseconds
1740832929,2516,1.020678,0.026799,0.000463,0.049068,0.020071,0.030825,0.053873,0.079893,0.115418,1.013142,48.554192,33.482004,8.053623,3.261244,calls/second,milliseconds
