t,count,max,mean,min,stddev,p50,p75,p95,p98,p99,p999,mean_rate,m1_rate,m5_rate,m15_rate,rate_unit,duration_unit
1740832451,4,48.162364,12.055007,0.012652,20.846594,0.032020,48.162364,48.162364,48.162364,48.162364,48.162364,0.351246,0.736036,0.786777,0.795568,calls/second,milliseconds
1740832461,6,48.162364,12.423054,0.012652,18.020015,0.086476,24.637083,48.162364,48.162364,48.162364,48.162364,0.282150,0.653744,0.767540,0.788987,calls/second,milliseconds
1740832471,47,48.162364,1.394893,0.003564,6.725858,0.030242,0.068530,7.447245,24.637083,48.162364,48.162364,1.496837,0.861698,0.808000,0.802374,calls/second,milliseconds
1740832481,736,48.162364,0.121138,0.001501,1.607018,0.030312,0.039421,0.073334,0.122102,0.449541,24.637083,17.825995,9.621822,2.640521,1.417830,calls/second,milliseconds
1740832491,1713,3.608115,0.036714,0.001501,0.127754,0.026898,0.036203,0.057493,0.090120,0.183512,3.608115,33.408511,23.262384,5.775137,2.487438,calls/second,milliseconds
1740832499,2528,3.608115,0.031361,0.000675,0.123011,0.022698,0.031151,0.050427,0.074409,0.136038,3.608115,43.076129,28.118696,7.068080,2.939030,calls/second,milliseconds
1740832499,2528,3.608115,0.031361,0.000675,0.123011,0.022698,0.031151,0.050427,0.074409,0.136038,3.608115,43.051373,28.118696,7.068080,2.939030,calls/second,milliseconds
