t,count,max,mean,min,stddev,p50,p75,p95,p98,p99,p999,mean_rate,m1_rate,m5_rate,m15_rate,rate_unit,duration_unit
1740832311,4,82.471164,39.126656,7.234645,29.256980,48.606606,82.471164,82.471164,82.471164,82.471164,82.471164,0.271217,0.736036,0.786777,0.795568,calls/second,milliseconds
1740832321,5,82.471164,31.668412,7.234645,28.455803,18.194207,48.606606,82.471164,82.471164,82.471164,82.471164,0.203126,0.623041,0.760984,0.786777,calls/second,milliseconds
1740832331,85,177.260228,6.384796,0.000776,22.321710,0.297303,0.870148,36.384605,60.443648,177.260228,177.260228,2.453732,0.718007,0.775649,0.791374,calls/second,milliseconds
1740832341,1576,82.471164,0.402794,0.000776,2.429428,0.198511,0.266649,0.542719,1.621273,3.663675,36.384605,35.311133,3.365977,1.334867,0.979435,calls/second,milliseconds
1740832342,1832,82.471164,0.379898,0.000776,2.412380,0.184063,0.258591,0.520558,1.533622,3.220656,36.384605,40.260882,27.163480,6.287896,2.641595,calls/second,milliseconds
1740832342,1832,82.471164,0.379898,0.000776,2.412380,0.184063,0.258591,0.520558,1.533622,3.220656,36.384605,40.215422,27.163480,6.287896,2.641595,calls/second,milliseconds
