t,count,max,mean,min,stddev,p50,p75,p95,p98,p99,p999,mean_rate,m1_rate,m5_rate,m15_rate,rate_unit,duration_unit
1740833414,4,69.418427,30.273126,6.453831,23.877623,28.240707,69.418427,69.418427,69.418427,69.418427,69.418427,0.274985,0.736036,0.786777,0.795568,calls/second,milliseconds
1740833424,27,310.992341,26.091481,0.029299,69.057094,0.413652,10.180966,199.122504,310.992341,310.992341,310.992341,1.104821,0.655023,0.767595,0.788993,calls/second,milliseconds
1740833434,776,310.992341,1.525709,0.029299,12.790497,0.477114,0.706938,2.344252,5.415774,18.407573,310.992341,22.517438,1.662984,0.975988,0.858816,calls/second,milliseconds
1740833436,1356,310.992341,1.081662,0.036369,11.009573,0.387171,0.582257,1.368163,2.597810,5.415774,199.122504,37.116516,15.634184,3.875492,1.831341,calls/second,milliseconds
1740833436,1356,310.992341,1.081662,0.036369,11.009573,0.387171,0.582257,1.368163,2.597810,5.415774,199.122504,37.081313,15.634184,3.875492,1.831341,calls/second,milliseconds
