t,count,max,mean,min,stddev,p50,p75,p95,p98,p99,p999
1740833116,0,0,0.000000,0,0.000000,0.000000,0.000000,0.000000,0.000000,0.000000,0.000000
1740833126,10,5523,1925.594532,580,1597.407198,1623.000000,2971.000000,5523.000000,5523.000000,5523.000000,5523.000000
1740833136,40,8821,2631.462481,562,2553.067780,1600.000000,4047.000000,8821.000000,8821.000000,8821.000000,8821.000000
1740833140,40,8821,2631.462481,562,2553.067780,1600.000000,4047.000000,8821.000000,8821.000000,8821.000000,8821.000000
1740833140,40,8821,2631.462481,562,2553.067780,1600.000000,4047.000000,8821.000000,8821.000000,8821.000000,8821.000000
