t,count,max,mean,min,stddev,p50,p75,p95,p98,p99,p999
1740830866,0,0,0.000000,0,0.000000,0.000000,0.000000,0.000000,0.000000,0.000000,0.000000
1740830876,39,796,120.899963,5,184.498442,47.000000,128.000000,676.000000,796.000000,796.000000,796.000000
1740830883,89,2392,125.658648,1,294.864669,38.000000,128.000000,568.000000,796.000000,2392.000000,2392.000000
1740830883,89,2392,125.658648,1,294.864669,38.000000,128.000000,568.000000,796.000000,2392.000000,2392.000000
