t,count,max,mean,min,stddev,p50,p75,p95,p98,p99,p999
1740831766,0,0,0.000000,0,0.000000,0.000000,0.000000,0.000000,0.000000,0.000000,0.000000
1740831776,4,40657,13301.311722,993,15951.474966,6161.000000,40657.000000,40657.000000,40657.000000,40657.000000,40657.000000
1740831786,10,40657,6673.911242,889,11414.626268,1137.000000,6161.000000,40657.000000,40657.000000,40657.000000,40657.000000
1740831786,10,40657,6673.911242,889,11414.626268,1137.000000,6161.000000,40657.000000,40657.000000,40657.000000,40657.000000
1740831786,10,40657,6673.911242,889,11414.626268,1137.000000,6161.000000,40657.000000,40657.000000,40657.000000,40657.000000
