t,count,max,mean,min,stddev,p50,p75,p95,p98,p99,p999
1740834034,0,0,0.000000,0,0.000000,0.000000,0.000000,0.000000,0.000000,0.000000,0.000000
1740834044,2,1274,980.500000,687,293.500000,1274.000000,1274.000000,1274.000000,1274.000000,1274.000000,1274.000000
1740834054,56,9369,2439.570464,562,2317.231791,1328.000000,3899.000000,6204.000000,9369.000000,9369.000000,9369.000000
1740834064,66,9369,2226.807421,562,2178.276280,1328.000000,3110.000000,6204.000000,9369.000000,9369.000000,9369.000000
1740834069,70,9369,2152.386364,562,2120.441817,1328.000000,3107.000000,6204.000000,9369.000000,9369.000000,9369.000000
1740834069,70,9369,2152.386364,562,2120.441817,1328.000000,3107.000000,6204.000000,9369.000000,9369.000000,9369.000000
