t,count,max,mean,min,stddev,p50,p75,p95,p98,p99,p999
1740832973,0,0,0.000000,0,0.000000,0.000000,0.000000,0.000000,0.000000,0.000000,0.000000
1740832983,0,0,0.000000,0,0.000000,0.000000,0.000000,0.000000,0.000000,0.000000,0.000000
1740832993,43,316,74.916209,1,96.561037,47.000000,118.000000,316.000000,316.000000,316.000000,316.000000
1740833003,190,1742,105.002943,1,174.147955,48.000000,148.000000,380.000000,628.000000,628.000000,1742.000000
1740833006,203,1742,99.073668,1,169.145935,39.000000,138.000000,380.000000,460.000000,628.000000,1742.000000
1740833006,203,1742,99.073668,1,169.145935,39.000000,138.000000,380.000000,460.000000,628.000000,1742.000000
