t,count,max,mean,min,stddev,p50,p75,p95,p98,p99,p999,mean_rate,m1_rate,m5_rate,m15_rate,rate_unit,duration_unit
1740834692,4,26.832949,6.711134,0.001883,11.617336,0.007610,26.832949,26.832949,26.832949,26.832949,26.832949,0.358894,0.736036,0.786777,0.795568,calls/second,milliseconds
1740834702,21,26.832949,2.229719,0.001491,7.108684,0.006425,0.017235,24.183396,26.832949,26.832949,26.832949,0.998005,0.893611,0.817126,0.805608,calls/second,milliseconds
1740834710,882,26.832949,0.049767,0.000130,1.057564,0.004200,0.005414,0.007793,0.017235,0.032199,24.183396,30.555846,1.381851,0.919320,0.839925,calls/second,milliseconds
1740834710,882,26.832949,0.049767,0.000130,1.057564,0.004200,0.005414,0.007793,0.017235,0.032199,24.183396,30.512658,1.381851,0.919320,0.839925,calls/second,milliseconds
