t,count,max,mean,min,stddev,p50,p75,p95,p98,p99,p999,mean_rate,m1_rate,m5_rate,m15_rate,rate_unit,duration_unit
1740835425,4,30.952928,7.758625,0.012095,13.391246,0.052133,30.952928,30.952928,30.952928,30.952928,30.952928,0.353757,0.736036,0.786777,0.795568,calls/second,milliseconds
1740835435,10,30.952928,5.540982,0.012095,10.663540,0.089063,2.617703,30.952928,30.952928,30.952928,30.952928,0.471936,0.653744,0.767540,0.788987,calls/second,milliseconds
1740835444,502,30.952928,0.123901,0.001351,1.508598,0.028913,0.034424,0.075745,0.144767,0.416745,30.952928,16.845654,1.049225,0.847414,0.815641,calls/second,milliseconds
1740835444,502,30.952928,0.123901,0.001351,1.508598,0.028913,0.034424,0.075745,0.144767,0.416745,30.952928,16.825511,1.049225,0.847414,0.815641,calls/second,milliseconds
