t,count,max,mean,min,stddev,p50,p75,p95,p98,p99,p999
1740832451,0,0,0.000000,0,0.000000,0.000000,0.000000,0.000000,0.000000,0.000000,0.000000
1740832461,1,1578,1578.000000,1578,0.000000,1578.000000,1578.000000,1578.000000,1578.000000,1578.000000,1578.000000
1740832471,20,17232,4293.753628,1035,4778.441759,2218.000000,3988.000000,17232.000000,17232.000000,17232.000000,17232.000000
1740832481,21,17232,4141.064038,1035,4692.315027,2218.000000,3988.000000,17232.000000,17232.000000,17232.000000,17232.000000
1740832491,28,17232,3348.234723,1035,4122.588906,2198.000000,2237.000000,17232.000000,17232.000000,17232.000000,17232.000000
1740832499,37,17232,2827.163799,1035,3504.872634,1863.000000,2240.000000,7896.000000,17232.000000,17232.000000,17232.000000
1740832499,37,17232,2827.163799,1035,3504.872634,1863.000000,2240.000000,7896.000000,17232.000000,17232.000000,17232.000000
