t,count,max,mean,min,stddev,p50,p75,p95,p98,p99,p999,mean_rate,m1_rate,m5_rate,m15_rate,rate_unit,duration_unit
1740832607,0,0.000000,0.000000,0.000000,0.000000,0.000000,0.000000,0.000000,0.000000,0.000000,0.000000,0.000000,0.000000,0.000000,0.000000,calls/second,milliseconds
1740832617,0,0.000000,0.000000,0.000000,0.000000,0.000000,0.000000,0.000000,0.000000,0.000000,0.000000,0.000000,0.000000,0.000000,0.000000,calls/second,milliseconds
1740832627,33,539.282513,26.217170,0.007164,92.977293,0.210308,1.808626,150.028349,539.282513,539.282513,539.282513,1.055978,0.514921,0.108542,0.036504,calls/second,milliseconds
1740832632,857,539.282513,1.728295,0.007164,19.006189,0.438017,0.624185,1.880550,4.460158,11.361409,539.282513,23.688225,8.917060,1.852162,0.621341,calls/second,milliseconds
1740832632,857,539.282513,1.728295,0.007164,19.006189,0.438017,0.624185,1.880550,4.460158,11.361409,539.282513,23.660413,8.917060,1.852162,0.621341,calls/second,milliseconds
