t,count,max,mean,min,stddev,p50,p75,p95,p98,p99,p999,mean_rate,m1_rate,m5_rate,m15_rate,rate_unit,duration_unit
1740831449,4,29.759954,7.443094,0.002043,12.884646,0.008284,29.759954,29.759954,29.759954,29.759954,29.759954,0.354367,0.736036,0.786777,0.795568,calls/second,milliseconds
1740831459,27,29.759954,1.567729,0.000706,6.039130,0.005269,0.009668,18.832194,29.759954,29.759954,29.759954,1.274551,0.765682,0.790680,0.796743,calls/second,milliseconds
1740831468,905,29.759954,0.046033,0.000378,0.993485,0.004107,0.005339,0.008309,0.025090,0.075088,18.832194,29.989417,14.807351,3.703726,1.773737,calls/second,milliseconds
1740831468,905,29.759954,0.046033,0.000378,0.993485,0.004107,0.005339,0.008309,0.025090,0.075088,18.832194,29.953935,14.807351,3.703726,1.773737,calls/second,milliseconds
