t,count,max,mean,min,stddev,p50,p75,p95,p98,p99,p999
1740829554,0,0,0.000000,0,0.000000,0.000000,0.000000,0.000000,0.000000,0.000000,0.000000
1740829564,13,15970,3801.023447,881,4255.694551,1451.000000,5091.000000,15970.000000,15970.000000,15970.000000,15970.000000
1740829575,32,15970,3427.069516,881,3422.641237,1536.000000,4965.000000,12641.000000,15970.000000,15970.000000,15970.000000
1740829578,36,15970,3133.144706,881,3296.668197,1451.000000,4295.000000,12641.000000,15970.000000,15970.000000,15970.000000
1740829578,36,15970,3133.144706,881,3296.668197,1451.000000,4295.000000,12641.000000,15970.000000,15970.000000,15970.000000
