t,count,max,mean,min,stddev,p50,p75,p95,p98,p99,p999,mean_rate,m1_rate,m5_rate,m15_rate,rate_unit,duration_unit
1740831625,0,0.000000,0.000000,0.000000,0.000000,0.000000,0.000000,0.000000,0.000000,0.000000,0.000000,0.000000,0.000000,0.000000,0.000000,calls/second,milliseconds
1740831635,14,296.838551,34.758368,0.078288,78.099821,0.773768,19.579870,296.838551,296.838551,296.838551,296.838551,0.666305,0.015991,0.003306,0.001108,calls/second,milliseconds
1740831645,1227,296.838551,1.067978,0.002963,10.040628,0.329352,0.544268,1.046670,3.317678,12.780125,113.787117,39.553410,14.339686,2.972899,0.996976,calls/second,milliseconds
1740831654,3803,296.838551,0.963322,0.000925,9.821438,0.212376,0.400430,0.685044,1.597968,14.842436,113.787117,96.184467,32.766275,6.969949,2.347682,calls/second,milliseconds
1740831654,3803,296.838551,0.963322,0.000925,9.821438,0.212376,0.400430,0.685044,1.597968,14.842436,113.787117,96.051893,32.766275,6.969949,2.347682,calls/second,milliseconds
