t,count,max,mean,min,stddev,p50,p75,p95,p98,p99,p999,mean_rate,m1_rate,m5_rate,m15_rate,rate_unit,duration_unit
1740831207,0,0.000000,0.000000,0.000000,0.000000,0.000000,0.000000,0.000000,0.000000,0.000000,0.000000,0.000000,0.000000,0.000000,0.000000,calls/second,milliseconds
1740831217,8,304.480807,78.341536,0.053402,128.897400,11.106844,298.373724,304.480807,304.480807,304.480807,304.480807,0.380870,0.127929,0.026446,0.008864,calls/second,milliseconds
1740831225,880,423.623891,1.830613,0.009394,20.129357,0.364511,0.557942,1.214237,3.047909,11.106844,423.623891,30.977993,0.965230,0.201211,0.067541,calls/second,milliseconds
1740831225,880,423.623891,1.830613,0.009394,20.129357,0.364511,0.557942,1.214237,3.047909,11.106844,423.623891,30.940550,0.965230,0.201211,0.067541,calls/second,milliseconds
