t,count,max,mean,min,stddev,p50,p75,p95,p98,p99,p999,mean_rate,m1_rate,m5_rate,m15_rate,rate_unit,duration_unit
1740830585,4,64.648085,29.688574,6.981229,21.545626,28.253290,64.648085,64.648085,64.648085,64.648085,64.648085,0.283802,0.736036,0.786777,0.795568,calls/second,milliseconds
1740830595,21,164.114008,24.588665,0.034041,47.515692,1.280665,25.572120,164.114008,164.114008,164.114008,164.114008,0.874759,0.653744,0.767540,0.788987,calls/second,milliseconds
1740830602,479,164.114008,2.022898,0.034041,11.113171,0.493197,0.779634,3.434020,18.597734,43.087928,164.114008,15.633332,5.617470,1.795314,1.133553,calls/second,milliseconds
1740830602,479,164.114008,2.022898,0.034041,11.113171,0.493197,0.779634,3.434020,18.597734,43.087928,164.114008,15.613413,5.617470,1.795314,1.133553,calls/second,milliseconds
