t,count,max,mean,min,stddev,p50,p75,p95,p98,p99,p999,mean_rate,m1_rate,m5_rate,m15_rate,rate_unit,duration_unit
1740829929,4,31.411363,7.873872,0.012860,13.589387,0.054923,31.411363,31.411363,31.411363,31.411363,31.411363,0.356854,0.736036,0.786777,0.795568,calls/second,milliseconds
1740829939,21,31.411363,2.388731,0.007383,7.503563,0.066186,0.107537,22.670623,31.411363,31.411363,31.411363,0.994192,0.894890,0.817181,0.805614,calls/second,milliseconds
1740829947,883,31.411363,0.081745,0.003680,1.123158,0.025075,0.035910,0.069931,0.107268,0.204042,22.670623,31.048947,1.958708,1.038379,0.879821,calls/second,milliseconds
1740829947,883,31.411363,0.081745,0.003680,1.123158,0.025075,0.035910,0.069931,0.107268,0.204042,22.670623,31.006051,1.958708,1.038379,0.879821,calls/second,milliseconds
