t,count,max,mean,min,stddev,p50,p75,p95,p98,p99,p999,mean_rate,m1_rate,m5_rate,m15_rate,rate_unit,duration_unit
1740829406,0,0.000000,0.000000,0.000000,0.000000,0.000000,0.000000,0.000000,0.000000,0.000000,0.000000,0.000000,0.000000,0.000000,0.000000,calls/second,milliseconds
1740829416,0,0.000000,0.000000,0.000000,0.000000,0.000000,0.000000,0.000000,0.000000,0.000000,0.000000,0.000000,0.000000,0.000000,0.000000,calls/second,milliseconds
1740829427,44,283.508089,17.373848,0.003355,54.731773,0.106113,1.290555,110.946831,283.508089,283.508089,283.508089,1.406486,0.680595,0.144468,0.048643,calls/second,milliseconds
1740829436,981,542.491294,2.196134,0.003355,22.012192,0.456019,0.720395,2.095584,8.646484,22.723952,283.508089,23.884761,14.488454,3.036680,1.020342,calls/second,milliseconds
1740829447,2680,274.548068,0.896334,0.003679,8.839570,0.378661,0.538668,1.051502,1.934776,5.651691,76.057331,52.376602,38.664906,8.583634,2.912673,calls/second,milliseconds
1740829450,3056,274.548068,0.830086,0.003679,8.433404,0.389404,0.572724,1.055639,1.724280,5.269874,76.057331,56.012408,38.664906,8.583634,2.912673,calls/second,milliseconds
1740829451,3056,274.548068,0.830086,0.003679,8.433404,0.389404,0.572724,1.055639,1.724280,5.269874,76.057331,55.970442,38.664906,8.583634,2.912673,calls/second,milliseconds
