t,count,max,mean,min,stddev,p50,p75,p95,p98,p99,p999
1740829673,0,0,0.000000,0,0.000000,0.000000,0.000000,0.000000,0.000000,0.000000,0.000000
1740829683,11,780,169.093910,27,201.623664,121.000000,205.000000,780.000000,780.000000,780.000000,780.000000
1740829693,27,780,80.494486,8,143.439140,27.000000,72.000000,234.000000,780.000000,780.000000,780.000000
1740829695,27,780,80.494486,8,143.439140,27.000000,72.000000,234.000000,780.000000,780.000000,780.000000
1740829695,27,780,80.494486,8,143.439140,27.000000,72.000000,234.000000,780.000000,780.000000,780.000000
