t,count,max,mean,min,stddev,p50,p75,p95,p98,p99,p999
1740834279,0,0,0.000000,0,0.000000,0.000000,0.000000,0.000000,0.000000,0.000000,0.000000
1740834289,34,419,96.202020,5,122.616767,47.000000,137.000000,400.000000,419.000000,419.000000,419.000000
1740834297,98,1198,107.096330,1,183.293173,38.000000,137.000000,419.000000,729.000000,1198.000000,1198.000000
1740834297,98,1198,107.096330,1,183.293173,38.000000,137.000000,419.000000,729.000000,1198.000000,1198.000000
