t,count,max,mean,min,stddev,p50,p75,p95,p98,p99,p999,mean_rate,m1_rate,m5_rate,m15_rate,rate_unit,duration_unit
1740833338,4,67.425089,28.203983,6.188257,23.357498,21.977307,67.425089,67.425089,67.425089,67.425089,67.425089,0.282187,0.736036,0.786777,0.795568,calls/second,milliseconds
1740833348,5,67.425089,23.315057,6.188257,21.939714,17.225277,21.977307,67.425089,67.425089,67.425089,67.425089,0.207802,0.623041,0.760984,0.786777,calls/second,milliseconds
1740833358,126,164.503007,4.902282,0.000888,19.069947,0.272796,0.764474,26.980475,75.813729,83.066244,164.503007,3.690979,0.973865,0.828541,0.809102,calls/second,milliseconds
1740833368,501,164.503007,1.627188,0.000888,9.457841,0.290398,0.441305,3.475416,19.430714,37.611799,164.503007,11.363606,4.419910,1.576526,1.061832,calls/second,milliseconds
1740833374,2763,83.066244,0.364624,0.000978,2.790301,0.123665,0.189042,0.413346,1.296566,4.115264,31.355518,54.626006,39.958980,9.096091,3.592777,calls/second,milliseconds
1740833375,2763,83.066244,0.364624,0.000978,2.790301,0.123665,0.189042,0.413346,1.296566,4.115264,31.355518,54.583848,39.958980,9.096091,3.592777,calls/second,milliseconds
