t,count,max,mean,min,stddev,p50,p75,p95,p98,p99,p999,mean_rate,m1_rate,m5_rate,m15_rate,rate_unit,duration_unit
1740829616,4,74.544361,31.500209,4.982591,26.350229,29.748163,74.544361,74.544361,74.544361,74.544361,74.544361,0.282281,0.736036,0.786777,0.795568,calls/second,milliseconds
1740829626,42,130.630048,7.936036,0.001485,23.097378,0.128566,0.986436,33.091075,130.630048,130.630048,130.630048,1.746624,0.653744,0.767540,0.788987,calls/second,milliseconds
1740829635,539,130.630048,1.222435,0.001485,7.004492,0.304959,0.410784,2.018744,7.865576,29.748163,130.630048,16.798852,2.456991,1.143652,0.915222,calls/second,milliseconds
1740829635,539,130.630048,1.222435,0.001485,7.004492,0.304959,0.410784,2.018744,7.865576,29.748163,130.630048,16.782419,2.456991,1.143652,0.915222,calls/second,milliseconds
