t,count,max,mean,min,stddev,p50,p75,p95,p98,p99,p999
1740832888,0,0,0.000000,0,0.000000,0.000000,0.000000,0.000000,0.000000,0.000000,0.000000
1740832898,0,0,0.000000,0,0.000000,0.000000,0.000000,0.000000,0.000000,0.000000,0.000000
1740832908,45,9610,2061.348956,562,1954.632530,1433.000000,2655.000000,6223.000000,9610.000000,9610.000000,9610.000000
1740832918,67,9610,1787.538503,562,1671.156030,1433.000000,2450.000000,4943.000000,6250.000000,9610.000000,9610.000000
1740832928,89,9610,1661.016184,562,1479.408760,1433.000000,2366.000000,4652.000000,6250.000000,9610.000000,9610.000000
1740832929,89,9610,1661.016184,562,1479.408760,1433.000000,2366.000000,4652.000000,6250.000000,9610.000000,9610.000000
1740832929,89,9610,1661.016184,562,1479.408760,1433.000000,2366.000000,4652.000000,6250.000000,9610.000000,9610.000000
