t,count,max,mean,min,stddev,p50,p75,p95,p98,p99,p999
1740829226,0,0,0.000000,0,0.000000,0.000000,0.000000,0.000000,0.000000,0.000000,0.000000
1740829236,4,3887,3154.545304,993,1238.904374,3883.000000,3887.000000,3887.000000,3887.000000,3887.000000,3887.000000
1740829247,24,19274,4431.708733,985,5441.869692,1451.000000,3887.000000,17069.000000,19274.000000,19274.000000,19274.000000
1740829248,24,19274,4431.708733,985,5441.869692,1451.000000,3887.000000,17069.000000,19274.000000,19274.000000,19274.000000
1740829248,24,19274,4431.708733,985,5441.869692,1451.000000,3887.000000,17069.000000,19274.000000,19274.000000,19274.000000
