t,count,max,mean,min,stddev,p50,p75,p95,p98,p99,p999,mean_rate,m1_rate,m5_rate,m15_rate,rate_unit,duration_unit
1740830805,4,76.486205,33.713696,6.637350,26.222758,31.554696,76.486205,76.486205,76.486205,76.486205,76.486205,0.282561,0.736036,0.786777,0.795568,calls/second,milliseconds
1740830816,16,76.486205,9.607285,0.000850,18.183162,0.013861,9.970226,76.486205,76.486205,76.486205,76.486205,0.665024,0.655023,0.767595,0.788993,calls/second,milliseconds
1740830826,220,336.134411,3.260456,0.000850,22.894034,0.293666,0.575632,6.923721,28.842838,46.727464,336.134411,6.460058,2.293048,1.110429,0.904123,calls/second,milliseconds
1740830829,986,336.134411,0.902447,0.000850,10.456931,0.226134,0.308996,1.039244,3.753263,6.923721,76.486205,26.615596,6.107486,1.918503,1.176121,calls/second,milliseconds
1740830829,986,336.134411,0.902447,0.000850,10.456931,0.226134,0.308996,1.039244,3.753263,6.923721,76.486205,26.580669,6.107486,1.918503,1.176121,calls/second,milliseconds
