t,count,max,mean,min,stddev,p50,p75,p95,p98,p99,p999
1740833843,0,0,0.000000,0,0.000000,0.000000,0.000000,0.000000,0.000000,0.000000,0.000000
1740833853,22,6342,1913.477172,580,1508.889383,687.000000,3091.000000,3257.000000,6342.000000,6342.000000,6342.000000
1740833863,43,12974,2003.148222,562,2192.961451,1613.000000,3047.000000,4375.000000,12974.000000,12974.000000,12974.000000
1740833870,59,12974,1737.824392,562,1907.905649,1254.000000,2652.000000,4375.000000,6342.000000,12974.000000,12974.000000
1740833870,59,12974,1737.824392,562,1907.905649,1254.000000,2652.000000,4375.000000,6342.000000,12974.000000,12974.000000
