t,count,max,mean,min,stddev,p50,p75,p95,p98,p99,p999,mean_rate,m1_rate,m5_rate,m15_rate,rate_unit,duration_unit
1740835132,5,34.733109,6.789787,0.012375,13.725910,0.066174,0.091324,34.733109,34.733109,34.733109,34.733109,0.444101,0.736036,0.786777,0.795568,calls/second,milliseconds
1740835142,48,34.733109,1.122428,0.003688,5.296778,0.058581,0.074854,1.938050,21.941708,34.733109,34.733109,2.265967,0.813655,0.800597,0.800067,calls/second,milliseconds
1740835149,553,34.733109,0.116952,0.002565,1.503825,0.026583,0.033364,0.082064,0.154153,0.273862,34.733109,19.550053,2.203791,1.088184,0.896466,calls/second,milliseconds
1740835149,553,34.733109,0.116952,0.002565,1.503825,0.026583,0.033364,0.082064,0.154153,0.273862,34.733109,19.522524,2.203791,1.088184,0.896466,calls/second,milliseconds
