t,count,max,mean,min,stddev,p50,p75,p95,p98,p99,p999,mean_rate,m1_rate,m5_rate,m15_rate,rate_unit,duration_unit
1740829985,4,37.086700,9.298774,0.013985,16.043372,0.047978,37.086700,37.086700,37.086700,37.086700,37.086700,0.354043,0.736036,0.786777,0.795568,calls/second,milliseconds
1740829995,47,37.086700,1.206852,0.009929,5.818210,0.054178,0.078567,1.759153,24.543761,37.086700,37.086700,2.219258,1.309380,0.903074,0.834416,calls/second,milliseconds
1740830003,195,37.086700,0.300798,0.002956,2.773466,0.031073,0.053971,0.143984,0.464089,1.759153,37.086700,6.823958,2.515959,1.159216,0.920652,calls/second,milliseconds
1740830003,195,37.086700,0.300798,0.002956,2.773466,0.031073,0.053971,0.143984,0.464089,1.759153,37.086700,6.812680,2.515959,1.159216,0.920652,calls/second,milliseconds
