t,count,max,mean,min,stddev,p50,p75,p95,p98,p99,p999,mean_rate,m1_rate,m5_rate,m15_rate,rate_unit,duration_unit
1740830518,4,73.443377,33.314231,8.096059,24.419718,29.588181,73.443377,73.443377,73.443377,73.443377,73.443377,0.277124,0.736036,0.786777,0.795568,calls/second,milliseconds
1740830529,27,184.275454,20.931895,0.028605,46.889974,0.426531,10.352169,168.162144,184.275454,184.275454,184.275454,1.109774,0.655023,0.767595,0.788993,calls/second,milliseconds
1740830535,491,184.275454,2.043748,0.028605,12.236287,0.436885,0.708677,2.962537,11.076185,46.753660,184.275454,15.741428,2.830336,1.217305,0.939703,calls/second,milliseconds
1740830535,491,184.275454,2.043748,0.028605,12.236287,0.436885,0.708677,2.962537,11.076185,46.753660,184.275454,15.724875,2.830336,1.217305,0.939703,calls/second,milliseconds
