t,count,max,mean,min,stddev,p50,p75,p95,p98,p99,p999
1740831263,0,0,0.000000,0,0.000000,0.000000,0.000000,0.000000,0.000000,0.000000,0.000000
1740831273,5,833,261.899484,116,283.466448,121.000000,131.000000,833.000000,833.000000,833.000000,833.000000
1740831283,18,833,108.592707,15,174.076856,64.000000,117.000000,833.000000,833.000000,833.000000,833.000000
1740831286,18,833,108.592707,15,174.076856,64.000000,117.000000,833.000000,833.000000,833.000000,833.000000
1740831287,18,833,108.592707,15,174.076856,64.000000,117.000000,833.000000,833.000000,833.000000,833.000000
