t,count,max,mean,min,stddev,p50,p75,p95,p98,p99,p999,mean_rate,m1_rate,m5_rate,m15_rate,rate_unit,duration_unit
1740831449,0,0.000000,0.000000,0.000000,0.000000,0.000000,0.000000,0.000000,0.000000,0.000000,0.000000,0.000000,0.000000,0.000000,0.000000,calls/second,milliseconds
1740831459,10,468.151427,61.782673,0.043880,138.851432,9.464298,21.112103,468.151427,468.151427,468.151427,468.151427,0.475150,0.000000,0.000000,0.000000,calls/second,milliseconds
1740831468,857,468.151427,1.416993,0.043880,16.216671,0.372657,0.581514,1.230066,2.895227,9.464298,468.151427,28.529596,13.662194,2.831190,0.949379,calls/second,milliseconds
1740831468,857,468.151427,1.416993,0.043880,16.216671,0.372657,0.581514,1.230066,2.895227,9.464298,468.151427,28.495537,13.662194,2.831190,0.949379,calls/second,milliseconds
