t,count,max,mean,min,stddev,p50,p75,p95,p98,p99,p999
1740833655,0,0,0.000000,0,0.000000,0.000000,0.000000,0.000000,0.000000,0.000000,0.000000
1740833665,5,814,250.066650,101,278.010822,109.000000,135.000000,814.000000,814.000000,814.000000,814.000000
1740833675,16,814,99.737713,18,178.164557,39.000000,102.000000,814.000000,814.000000,814.000000,814.000000
1740833682,24,814,71.047618,11,147.772408,24.000000,75.000000,135.000000,814.000000,814.000000,814.000000
1740833682,24,814,71.047618,11,147.772408,24.000000,75.000000,135.000000,814.000000,814.000000,814.000000
