t,count,max,mean,min,stddev,p50,p75,p95,p98,p99,p999
1740835132,0,0,0.000000,0,0.000000,0.000000,0.000000,0.000000,0.000000,0.000000,0.000000
1740835142,8,837,218.185248,81,233.843415,131.000000,198.000000,837.000000,837.000000,837.000000,837.000000
1740835149,15,837,130.879775,13,190.076228,100.000000,131.000000,837.000000,837.000000,837.000000,837.000000
1740835149,15,837,130.879775,13,190.076228,100.000000,131.000000,837.000000,837.000000,837.000000,837.000000
