t,count,max,mean,min,stddev,p50,p75,p95,p98,p99,p999,mean_rate,m1_rate,m5_rate,m15_rate,rate_unit,duration_unit
1740830585,4,64.513689,29.603046,6.901461,21.520692,28.184418,64.513689,64.513689,64.513689,64.513689,64.513689,0.283963,0.736036,0.786777,0.795568,calls/second,milliseconds
1740830595,21,150.524351,16.703637,0.007930,34.198613,0.207282,20.744639,150.524351,150.524351,150.524351,150.524351,0.875039,0.653744,0.767540,0.788987,calls/second,milliseconds
1740830602,479,150.524351,1.327170,0.003978,7.812617,0.311378,0.423787,2.026834,15.540906,27.066198,150.524351,15.637419,5.665443,1.805231,1.136877,calls/second,milliseconds
1740830602,479,150.524351,1.327170,0.003978,7.812617,0.311378,0.423787,2.026834,15.540906,27.066198,150.524351,15.617716,5.665443,1.805231,1.136877,calls/second,milliseconds
