t,count,max,mean,min,stddev,p50,p75,p95,p98,p99,p999,mean_rate,m1_rate,m5_rate,m15_rate,rate_unit,duration_unit
1740834580,4,28.828941,7.210789,0.002115,12.481246,0.009724,28.828941,28.828941,28.828941,28.828941,28.828941,0.354545,0.736036,0.786777,0.795568,calls/second,milliseconds
1740834590,47,28.828941,0.983275,0.000408,4.999599,0.003515,0.006395,0.016305,24.294473,28.828941,28.828941,2.218182,1.310659,0.903129,0.834422,calls/second,milliseconds
1740834594,125,28.828941,0.375261,0.000266,3.015230,0.004402,0.007206,0.094893,2.012166,24.294473,28.828941,4.947379,2.325242,1.119601,0.907362,calls/second,milliseconds
1740834594,125,28.828941,0.375261,0.000266,3.015230,0.004402,0.007206,0.094893,2.012166,24.294473,28.828941,4.939979,2.325242,1.119601,0.907362,calls/second,milliseconds
