t,count,max,mean,min,stddev,p50,p75,p95,p98,p99,p999,mean_rate,m1_rate,m5_rate,m15_rate,rate_unit,duration_unit
1740831956,4,113.933037,60.574359,12.756766,39.265397,80.365544,113.933037,113.933037,113.933037,113.933037,113.933037,0.267648,0.568018,0.593389,0.597784,calls/second,milliseconds
1740831966,6,113.933037,44.058949,7.833939,37.596861,27.236365,80.365544,113.933037,113.933037,113.933037,113.933037,0.243094,0.496808,0.577241,0.592287,calls/second,milliseconds
1740831976,484,186.406115,1.580664,0.002053,10.644419,0.276206,0.385385,2.057418,12.216377,40.435936,186.406115,13.946600,0.946967,0.667350,0.622301,calls/second,milliseconds
1740831983,1788,62.980411,0.442076,0.002053,2.986861,0.185683,0.260605,0.464711,1.330970,2.366179,51.857246,42.829460,23.567569,5.465333,2.237578,calls/second,milliseconds
1740831983,1788,62.980411,0.442076,0.002053,2.986861,0.185683,0.260605,0.464711,1.330970,2.366179,51.857246,42.784814,23.567569,5.465333,2.237578,calls/second,milliseconds
