t,count,max,mean,min,stddev,p50,p75,p95,p98,p99,p999,mean_rate,m1_rate,m5_rate,m15_rate,rate_unit,duration_unit
1740829286,4,69.449221,34.952495,6.048634,25.125923,47.714833,69.449221,69.449221,69.449221,69.449221,69.449221,0.283420,0.736036,0.786777,0.795568,calls/second,milliseconds
1740829296,30,409.464375,23.349342,0.035466,75.355376,0.287006,7.586324,69.449221,409.464375,409.464375,409.464375,1.249206,0.655023,0.767595,0.788993,calls/second,milliseconds
1740829306,1202,409.464375,1.086972,0.032278,12.245640,0.414658,0.632502,1.510784,3.378735,7.586324,69.449221,35.342429,2.314784,1.111358,0.904227,calls/second,milliseconds
1740829310,1854,409.464375,0.896684,0.012174,12.055748,0.310775,0.490576,1.143317,2.039069,3.902109,69.449221,50.200786,24.997002,5.820153,2.483701,calls/second,milliseconds
1740829310,1854,409.464375,0.896684,0.012174,12.055748,0.310775,0.490576,1.143317,2.039069,3.902109,69.449221,50.134080,24.997002,5.820153,2.483701,calls/second,milliseconds
