t,count,max,mean,min,stddev,p50,p75,p95,p98,p99,p999,mean_rate,m1_rate,m5_rate,m15_rate,rate_unit,duration_unit
1740831694,4,31.261811,7.830580,0.013091,13.528030,0.034218,31.261811,31.261811,31.261811,31.261811,31.261811,0.342007,0.736036,0.786777,0.795568,calls/second,milliseconds
1740831704,5,31.261811,5.919341,0.013091,12.207119,0.034218,0.083337,31.261811,31.261811,31.261811,31.261811,0.232523,0.639032,0.764289,0.787885,calls/second,milliseconds
1740831714,39,48.095991,1.781628,0.004239,8.411257,0.066197,0.089780,0.131496,48.095991,48.095991,48.095991,1.237725,0.699561,0.772235,0.790254,calls/second,milliseconds
1740831722,517,48.095991,0.147200,0.004239,2.180548,0.030546,0.037907,0.077591,0.114762,0.136559,48.095991,13.073993,1.539130,0.944591,0.847925,calls/second,milliseconds
1740831722,517,48.095991,0.147200,0.004239,2.180548,0.030546,0.037907,0.077591,0.114762,0.136559,48.095991,13.061552,1.539130,0.944591,0.847925,calls/second,milliseconds
