t,count,max,mean,min,stddev,p50,p75,p95,p98,p99,p999,mean_rate,m1_rate,m5_rate,m15_rate,rate_unit,duration_unit
1740831956,4,45.265656,11.321956,0.003809,19.597405,0.012839,45.265656,45.265656,45.265656,45.265656,45.265656,0.339192,0.736036,0.786777,0.795568,calls/second,milliseconds
1740831966,6,45.265656,11.499228,0.003809,16.889057,0.012839,22.702211,45.265656,45.265656,45.265656,45.265656,0.278688,0.653744,0.767540,0.788987,calls/second,milliseconds
1740831976,484,45.265656,0.110871,0.000587,1.918955,0.004338,0.006110,0.010693,0.031004,0.053740,45.265656,15.340521,1.807749,1.008391,0.869823,calls/second,milliseconds
1740831983,1788,18.755875,0.023872,0.000450,0.597869,0.003860,0.005606,0.008552,0.011048,0.028652,18.755875,46.327845,15.767374,3.907360,1.842287,calls/second,milliseconds
1740831983,1788,18.755875,0.023872,0.000450,0.597869,0.003860,0.005606,0.008552,0.011048,0.028652,18.755875,46.275711,15.767374,3.907360,1.842287,calls/second,milliseconds
