t,count,max,mean,min,stddev,p50,p75,p95,p98,p99,p999
1740832156,0,0,0.000000,0,0.000000,0.000000,0.000000,0.000000,0.000000,0.000000,0.000000
1740832166,0,0,0.000000,0,0.000000,0.000000,0.000000,0.000000,0.000000,0.000000,0.000000
1740832176,20,24890,5740.106416,1214,5435.146615,3391.000000,6412.000000,24890.000000,24890.000000,24890.000000,24890.000000
1740832186,33,24890,4195.107559,1029,4505.752220,2637.000000,4330.000000,11250.000000,24890.000000,24890.000000,24890.000000
1740832196,41,24890,3747.953859,1029,4030.267071,2637.000000,3391.000000,11128.000000,24890.000000,24890.000000,24890.000000
1740832201,44,24890,3784.438776,1029,3849.546064,2746.000000,4257.000000,11128.000000,24890.000000,24890.000000,24890.000000
1740832201,44,24890,3784.438776,1029,3849.546064,2746.000000,4257.000000,11128.000000,24890.000000,24890.000000,24890.000000
