t,count,max,mean,min,stddev,p50,p75,p95,p98,p99,p999
1740835017,0,0,0.000000,0,0.000000,0.000000,0.000000,0.000000,0.000000,0.000000,0.000000
1740835027,26,340,66.552891,5,85.130136,33.000000,118.000000,286.000000,340.000000,340.000000,340.000000
1740835036,143,717,66.039119,1,103.945935,10.000000,96.000000,286.000000,378.000000,436.000000,717.000000
1740835036,143,717,66.039119,1,103.945935,10.000000,96.000000,286.000000,378.000000,436.000000,717.000000
