t,count,max,mean,min,stddev,p50,p75,p95,p98,p99,p999,mean_rate,m1_rate,m5_rate,m15_rate,rate_unit,duration_unit
1740832607,4,94.591662,42.565946,8.782217,31.823176,37.714473,94.591662,94.591662,94.591662,94.591662,94.591662,0.266641,0.368018,0.393389,0.397784,calls/second,milliseconds
1740832617,6,203.666315,69.652499,8.782217,72.266050,37.714473,94.591662,203.666315,203.666315,203.666315,203.666315,0.241697,0.354584,0.390192,0.396688,calls/second,milliseconds
1740832627,70,378.315159,13.064337,0.051653,50.820162,0.331861,1.544368,56.020434,203.666315,378.315159,378.315159,2.009545,0.666666,0.453377,0.417783,calls/second,milliseconds
1740832632,905,378.315159,1.540718,0.051653,13.975840,0.437705,0.636776,1.772615,4.088276,19.113222,203.666315,22.761964,1.348954,0.597946,0.466438,calls/second,milliseconds
1740832632,905,378.315159,1.540718,0.051653,13.975840,0.437705,0.636776,1.772615,4.088276,19.113222,203.666315,22.737512,1.348954,0.597946,0.466438,calls/second,milliseconds
