t,count,max,mean,min,stddev,p50,p75,p95,p98,p99,p999,mean_rate,m1_rate,m5_rate,m15_rate,rate_unit,duration_unit
1740831325,4,31.259767,7.829514,0.011951,13.527466,0.033845,31.259767,31.259767,31.259767,31.259767,31.259767,0.355456,0.736036,0.786777,0.795568,calls/second,milliseconds
1740831335,35,31.259767,1.406329,0.004271,5.644986,0.072393,0.103680,20.611738,31.259767,31.259767,31.259767,1.654542,1.118765,0.863461,0.821126,calls/second,milliseconds
1740831344,1325,31.259767,0.068319,0.004886,0.993425,0.024369,0.031905,0.062297,0.086364,0.121532,20.611738,44.282191,1.812878,1.011169,0.870870,calls/second,milliseconds
1740831344,1325,31.259767,0.068319,0.004886,0.993425,0.024369,0.031905,0.062297,0.086364,0.121532,20.611738,44.206592,1.812878,1.011169,0.870870,calls/second,milliseconds
