t,count,max,mean,min,stddev,p50,p75,p95,p98,p99,p999
1740831207,0,0,0.000000,0,0.000000,0.000000,0.000000,0.000000,0.000000,0.000000,0.000000
1740831217,6,3169,1776.000000,580,1199.445844,2857.000000,2888.000000,3169.000000,3169.000000,3169.000000,3169.000000
1740831225,41,8097,1673.182233,562,1605.122329,1254.000000,1713.000000,5152.000000,8097.000000,8097.000000,8097.000000
1740831225,41,8097,1673.182233,562,1605.122329,1254.000000,1713.000000,5152.000000,8097.000000,8097.000000,8097.000000
