t,count,max,mean,min,stddev,p50,p75,p95,p98,p99,p999,mean_rate,m1_rate,m5_rate,m15_rate,rate_unit,duration_unit
1740833965,4,66.960679,30.934534,6.868264,22.649501,32.145278,66.960679,66.960679,66.960679,66.960679,66.960679,0.282069,0.736036,0.786777,0.795568,calls/second,milliseconds
1740833975,12,66.960679,11.994912,0.004532,17.837866,6.285414,17.763917,66.960679,66.960679,66.960679,66.960679,0.497229,0.623041,0.760984,0.786777,calls/second,milliseconds
1740833985,349,131.352069,1.807302,0.002777,9.152044,0.325541,0.459834,5.416483,22.247458,30.867076,131.352069,10.240069,1.852116,1.015546,0.872100,calls/second,milliseconds
1740833995,2137,23.355442,0.343566,0.004532,1.115119,0.199165,0.289738,0.636541,1.491109,3.699231,22.983891,48.471457,22.351475,5.384365,2.344131,calls/second,milliseconds
1740833995,2245,23.355442,0.339346,0.004532,1.112802,0.192427,0.285767,0.636541,1.478047,3.699231,22.983891,50.113665,22.351475,5.384365,2.344131,calls/second,milliseconds
1740833995,2245,23.355442,0.339346,0.004532,1.112802,0.192427,0.285767,0.636541,1.478047,3.699231,22.983891,50.081247,22.351475,5.384365,2.344131,calls/second,milliseconds
