t,count,max,mean,min,stddev,p50,p75,p95,p98,p99,p999
1740831766,0,0,0.000000,0,0.000000,0.000000,0.000000,0.000000,0.000000,0.000000,0.000000
1740831776,38,4298,191.406487,5,680.183988,78.000000,137.000000,249.000000,4298.000000,4298.000000,4298.000000
1740831786,79,4298,114.184604,1,470.410761,23.000000,120.000000,224.000000,446.000000,4298.000000,4298.000000
1740831786,79,4298,114.184604,1,470.410761,23.000000,120.000000,224.000000,446.000000,4298.000000,4298.000000
1740831786,79,4298,114.184604,1,470.410761,23.000000,120.000000,224.000000,446.000000,4298.000000,4298.000000
