t,count,max,mean,min,stddev,p50,p75,p95,p98,p99,p999
1740831020,0,0,0.000000,0,0.000000,0.000000,0.000000,0.000000,0.000000,0.000000,0.000000
1740831030,8,13197,5442.090350,3177,2980.694201,4396.000000,5229.000000,13197.000000,13197.000000,13197.000000,13197.000000
1740831040,25,32867,4371.785566,1213,6340.151203,2218.000000,4396.000000,13197.000000,32867.000000,32867.000000,32867.000000
1740831041,25,32867,4371.785566,1213,6340.151203,2218.000000,4396.000000,13197.000000,32867.000000,32867.000000,32867.000000
1740831041,25,32867,4371.785566,1213,6340.151203,2218.000000,4396.000000,13197.000000,32867.000000,32867.000000,32867.000000
