t,count,max,mean,min,stddev,p50,p75,p95,p98,p99,p999
1740834860,0,0,0.000000,0,0.000000,0.000000,0.000000,0.000000,0.000000,0.000000,0.000000
1740834870,46,1034,127.863028,5,218.925409,47.000000,137.000000,652.000000,1034.000000,1034.000000,1034.000000
1740834880,157,1034,86.123485,1,165.331363,10.000000,90.000000,376.000000,705.000000,936.000000,1034.000000
1740834880,157,1034,86.123485,1,165.331363,10.000000,90.000000,376.000000,705.000000,936.000000,1034.000000
