t,count,max,mean,min,stddev,p50,p75,p95,p98,p99,p999,mean_rate,m1_rate,m5_rate,m15_rate,rate_unit,duration_unit
1740830518,4,73.219428,33.208945,8.030852,24.354731,29.523477,73.219428,73.219428,73.219428,73.219428,73.219428,0.277276,0.736036,0.786777,0.795568,calls/second,milliseconds
1740830529,27,152.905006,14.423911,0.001030,32.320722,0.179301,10.034702,73.219428,152.905006,152.905006,152.905006,1.110164,0.655023,0.767595,0.788993,calls/second,milliseconds
1740830535,491,152.905006,1.326357,0.001030,8.337433,0.304085,0.386065,1.729465,8.030852,30.151787,152.905006,15.746309,2.862318,1.223916,0.941919,calls/second,milliseconds
1740830535,491,152.905006,1.326357,0.001030,8.337433,0.304085,0.386065,1.729465,8.030852,30.151787,152.905006,15.729028,2.862318,1.223916,0.941919,calls/second,milliseconds
