t,count,max,mean,min,stddev,p50,p75,p95,p98,p99,p999,mean_rate,m1_rate,m5_rate,m15_rate,rate_unit,duration_unit
1740834961,4,39.011154,9.768751,0.013137,16.883112,0.036244,39.011154,39.011154,39.011154,39.011154,39.011154,0.352162,0.736036,0.786777,0.795568,calls/second,milliseconds
1740834971,52,39.011154,1.015778,0.004194,5.286774,0.047922,0.063486,2.180468,18.281884,39.011154,39.011154,2.445473,0.846916,0.807263,0.802290,calls/second,milliseconds
1740834978,945,39.011154,0.098819,0.002679,1.429211,0.021151,0.028850,0.056367,0.086706,0.113924,24.426393,33.483048,2.282366,1.104657,0.902000,calls/second,milliseconds
1740834978,945,39.011154,0.098819,0.002679,1.429211,0.021151,0.028850,0.056367,0.086706,0.113924,24.426393,33.441125,2.282366,1.104657,0.902000,calls/second,milliseconds
