t,count,max,mean,min,stddev,p50,p75,p95,p98,p99,p999,mean_rate,m1_rate,m5_rate,m15_rate,rate_unit,duration_unit
1740831382,5,27.578897,5.366829,0.002200,10.910660,0.009520,0.013249,27.578897,27.578897,27.578897,27.578897,0.442333,0.736036,0.786777,0.795568,calls/second,milliseconds
1740831392,10,27.578897,4.758134,0.001442,9.736491,0.008958,0.013249,27.578897,27.578897,27.578897,27.578897,0.471444,0.653744,0.767540,0.788987,calls/second,milliseconds
1740831402,155,27.578897,0.258254,0.000234,2.467428,0.005384,0.008733,0.042809,0.114572,21.915390,27.578897,4.963684,2.442279,1.140401,0.914120,calls/second,milliseconds
1740831410,1066,2.022705,0.008064,0.000141,0.063254,0.005063,0.006458,0.009676,0.015815,0.036928,0.133166,27.065756,4.773602,1.643854,1.084124,calls/second,milliseconds
1740831410,1066,2.022705,0.008064,0.000141,0.063254,0.005063,0.006458,0.009676,0.015815,0.036928,0.133166,27.039081,4.773602,1.643854,1.084124,calls/second,milliseconds
