t,count,max,mean,min,stddev,p50,p75,p95,p98,p99,p999
1740832753,0,0,0.000000,0,0.000000,0.000000,0.000000,0.000000,0.000000,0.000000,0.000000
1740832763,4,975,361.466419,139,352.112647,150.000000,191.000000,975.000000,975.000000,975.000000,975.000000
1740832773,10,975,169.108328,22,264.727820,71.000000,150.000000,975.000000,975.000000,975.000000,975.000000
1740832773,10,975,169.108328,22,264.727820,71.000000,150.000000,975.000000,975.000000,975.000000,975.000000
1740832773,10,975,169.108328,22,264.727820,71.000000,150.000000,975.000000,975.000000,975.000000,975.000000
