t,count,max,mean,min,stddev,p50,p75,p95,p98,p99,p999
1740830446,0,0,0.000000,0,0.000000,0.000000,0.000000,0.000000,0.000000,0.000000,0.000000
1740830456,12,6363,2039.484684,580,1742.429433,2358.000000,3169.000000,6363.000000,6363.000000,6363.000000,6363.000000
1740830465,41,9550,1707.805465,562,1760.620241,1390.000000,2187.000000,4947.000000,9550.000000,9550.000000,9550.000000
1740830465,41,9550,1707.805465,562,1760.620241,1390.000000,2187.000000,4947.000000,9550.000000,9550.000000,9550.000000
