t,count,max,mean,min,stddev,p50,p75,p95,p98,p99,p999
1740831138,0,0,0.000000,0,0.000000,0.000000,0.000000,0.000000,0.000000,0.000000,0.000000
1740831148,74,1207,137.951142,5,218.829426,49.000000,154.000000,494.000000,1046.000000,1207.000000,1207.000000
1740831158,290,1207,121.224178,1,175.698210,49.000000,154.000000,518.000000,734.000000,734.000000,1207.000000
1740831168,296,1207,118.914971,1,174.228479,49.000000,154.000000,518.000000,734.000000,734.000000,1207.000000
1740831168,296,1207,118.914971,1,174.228479,49.000000,154.000000,518.000000,734.000000,734.000000,1207.000000
1740831168,296,1207,118.914971,1,174.228479,49.000000,154.000000,518.000000,734.000000,734.000000,1207.000000
