t,count,max,mean,min,stddev,p50,p75,p95,p98,p99,p999,mean_rate,m1_rate,m5_rate,m15_rate,rate_unit,duration_unit
1740833655,4,64.443399,35.400922,19.500925,17.207389,29.762197,64.443399,64.443399,64.443399,64.443399,64.443399,0.278998,0.736036,0.786777,0.795568,calls/second,milliseconds
1740833665,12,164.076065,26.526243,0.036551,45.803753,8.684549,27.897168,164.076065,164.076065,164.076065,164.076065,0.495478,0.623041,0.760984,0.786777,calls/second,milliseconds
1740833675,159,297.079182,5.031862,0.013169,26.959343,0.131697,0.752251,24.466104,56.984757,164.076065,297.079182,4.646393,2.264680,1.098735,0.899863,calls/second,milliseconds
1740833682,1072,297.079182,1.341957,0.010965,10.581808,0.434338,0.752667,1.943248,3.897190,10.680338,164.076065,25.884365,10.002175,2.750866,1.456740,calls/second,milliseconds
1740833682,1072,297.079182,1.341957,0.010965,10.581808,0.434338,0.752667,1.943248,3.897190,10.680338,164.076065,25.861289,10.002175,2.750866,1.456740,calls/second,milliseconds
