t,count,max,mean,min,stddev,p50,p75,p95,p98,p99,p999,mean_rate,m1_rate,m5_rate,m15_rate,rate_unit,duration_unit
1740831505,0,0.000000,0.000000,0.000000,0.000000,0.000000,0.000000,0.000000,0.000000,0.000000,0.000000,0.000000,0.000000,0.000000,0.000000,calls/second,milliseconds
1740831515,20,302.041926,23.895640,0.006227,68.623435,0.008318,0.118263,114.383132,302.041926,302.041926,302.041926,0.951142,0.319822,0.066114,0.022161,calls/second,milliseconds
1740831521,477,302.041926,2.046824,0.006227,15.787796,0.335029,0.612245,1.627181,6.311735,39.476329,302.041926,17.932143,1.189753,0.250141,0.084088,calls/second,milliseconds
1740831521,477,302.041926,2.046824,0.006227,15.787796,0.335029,0.612245,1.627181,6.311735,39.476329,302.041926,17.906776,1.189753,0.250141,0.084088,calls/second,milliseconds
