t,count,max,mean,min,stddev,p50,p75,p95,p98,p99,p999,mean_rate,m1_rate,m5_rate,m15_rate,rate_unit,duration_unit
1740834919,4,32.013176,8.006833,0.002260,13.860069,0.009427,32.013176,32.013176,32.013176,32.013176,32.013176,0.351927,0.736036,0.786777,0.795568,calls/second,milliseconds
1740834923,5,32.013176,6.123780,0.002260,12.582388,0.009427,0.018287,32.013176,32.013176,32.013176,32.013176,0.324163,0.677185,0.773773,0.791160,calls/second,milliseconds
1740834923,5,32.013176,6.123780,0.002260,12.582388,0.009427,0.018287,32.013176,32.013176,32.013176,32.013176,0.323284,0.677185,0.773773,0.791160,calls/second,milliseconds
