t,count,max,mean,min,stddev,p50,p75,p95,p98,p99,p999
1740830866,0,0,0.000000,0,0.000000,0.000000,0.000000,0.000000,0.000000,0.000000,0.000000
1740830876,12,6701,2013.001406,580,1811.854684,1390.000000,3228.000000,6701.000000,6701.000000,6701.000000,6701.000000
1740830883,25,12068,2110.880006,562,2531.538652,1390.000000,2857.000000,6701.000000,12068.000000,12068.000000,12068.000000
1740830883,25,12068,2110.880006,562,2531.538652,1390.000000,2857.000000,6701.000000,12068.000000,12068.000000,12068.000000
