t,count,max,mean,min,stddev,p50,p75,p95,p98,p99,p999,mean_rate,m1_rate,m5_rate,m15_rate,rate_unit,duration_unit
1740831079,5,32.187158,6.263632,0.003782,12.733743,0.010894,0.014362,32.187158,32.187158,32.187158,32.187158,0.447131,0.736036,0.786777,0.795568,calls/second,milliseconds
1740831089,38,32.187158,1.290355,0.000830,5.896187,0.004228,0.008759,0.021398,32.187158,32.187158,32.187158,1.794782,0.877620,0.813820,0.804500,calls/second,milliseconds
1740831099,1313,32.187158,0.046028,0.000139,1.066043,0.004926,0.006461,0.009117,0.012326,0.035799,24.285395,42.225477,14.433248,3.630023,1.749250,calls/second,milliseconds
1740831101,1719,32.187158,0.044934,0.000139,1.059756,0.004183,0.005950,0.008889,0.011454,0.031182,24.285395,52.481633,14.433248,3.630023,1.749250,calls/second,milliseconds
1740831101,1719,32.187158,0.044934,0.000139,1.059756,0.004183,0.005950,0.008889,0.011454,0.031182,24.285395,52.422652,14.433248,3.630023,1.749250,calls/second,milliseconds
