t,count,max,mean,min,stddev,p50,p75,p95,p98,p99,p999
1740834860,0,0,0.000000,0,0.000000,0.000000,0.000000,0.000000,0.000000,0.000000,0.000000
1740834870,7,810,208.116172,78,244.009711,114.000000,127.000000,810.000000,810.000000,810.000000,810.000000
1740834880,21,810,85.733248,9,159.394681,31.000000,112.000000,127.000000,810.000000,810.000000,810.000000
1740834880,21,810,85.733248,9,159.394681,31.000000,112.000000,127.000000,810.000000,810.000000,810.000000
