t,count,max,mean,min,stddev,p50,p75,p95,p98,p99,p999,mean_rate,m1_rate,m5_rate,m15_rate,rate_unit,duration_unit
1740834336,4,41.818399,10.471834,0.012034,18.097951,0.041144,41.818399,41.818399,41.818399,41.818399,41.818399,0.351808,0.736036,0.786777,0.795568,calls/second,milliseconds
1740834346,6,41.818399,11.142014,0.012034,15.975140,0.065526,23.777515,41.818399,41.818399,41.818399,41.818399,0.282899,0.639032,0.764289,0.787885,calls/second,milliseconds
1740834356,190,41.818399,0.313634,0.001415,2.983550,0.024490,0.037021,0.106585,0.342708,3.685767,41.818399,6.013662,2.764378,1.211867,0.938355,calls/second,milliseconds
1740834363,1883,41.818399,0.070770,0.001415,1.209024,0.022947,0.032050,0.050010,0.080595,0.122617,23.777515,49.166776,11.434411,3.029811,1.549221,calls/second,milliseconds
1740834363,1883,41.818399,0.070770,0.001415,1.209024,0.022947,0.032050,0.050010,0.080595,0.122617,23.777515,49.111805,11.434411,3.029811,1.549221,calls/second,milliseconds
