t,count,max,mean,min,stddev,p50,p75,p95,p98,p99,p999,mean_rate,m1_rate,m5_rate,m15_rate,rate_unit,duration_unit
1740830734,4,83.877042,44.393894,6.641687,31.876639,66.753779,83.877042,83.877042,83.877042,83.877042,83.877042,0.277886,0.736036,0.786777,0.795568,calls/second,milliseconds
1740830744,29,163.583969,13.500309,0.000632,34.348080,0.033529,11.047522,83.877042,163.583969,163.583969,163.583969,1.193561,0.623041,0.760984,0.786777,calls/second,milliseconds
1740830754,656,163.583969,1.300552,0.000632,8.894867,0.255295,0.349845,1.662935,8.843194,24.803459,163.583969,19.121453,3.782593,1.423213,1.009245,calls/second,milliseconds
1740830764,3052,163.583969,0.455878,0.000632,5.673713,0.128226,0.204509,0.458416,1.442632,2.185953,113.992757,68.898796,31.635069,7.351174,3.006332,calls/second,milliseconds
1740830766,3869,163.583969,0.317510,0.000632,4.553135,0.121044,0.176988,0.394384,0.831736,1.573535,9.143824,83.953124,50.517775,11.656015,4.473329,calls/second,milliseconds
1740830766,3869,163.583969,0.317510,0.000632,4.553135,0.121044,0.176988,0.394384,0.831736,1.573535,9.143824,83.871246,50.517775,11.656015,4.473329,calls/second,milliseconds
