t,count,max,mean,min,stddev,p50,p75,p95,p98,p99,p999,mean_rate,m1_rate,m5_rate,m15_rate,rate_unit,duration_unit
1740832674,4,31.868694,7.973616,0.003100,13.795831,0.018010,31.868694,31.868694,31.868694,31.868694,31.868694,0.349887,0.736036,0.786777,0.795568,calls/second,milliseconds
1740832684,5,31.868694,6.007977,0.003100,12.456721,0.005863,0.018010,31.868694,31.868694,31.868694,31.868694,0.234815,0.639032,0.764289,0.787885,calls/second,milliseconds
1740832694,127,31.868694,0.340390,0.000930,2.995878,0.006040,0.008005,0.031594,0.164555,22.831054,31.868694,4.056132,1.807432,1.003143,0.867760,calls/second,milliseconds
1740832704,2162,0.164555,0.004442,0.000050,0.008009,0.003465,0.004884,0.007617,0.010316,0.027372,0.110537,52.291655,28.262462,6.824997,2.839683,calls/second,milliseconds
1740832709,3101,0.110537,0.003844,0.000111,0.005923,0.002952,0.004456,0.007154,0.009708,0.018737,0.094922,67.918306,41.594060,9.935256,3.904281,calls/second,milliseconds
1740832709,3101,0.110537,0.003844,0.000111,0.005923,0.002952,0.004456,0.007154,0.009708,0.018737,0.094922,67.846654,41.594060,9.935256,3.904281,calls/second,milliseconds
