t,count,max,mean,min,stddev,p50,p75,p95,p98,p99,p999,mean_rate,m1_rate,m5_rate,m15_rate,rate_unit,duration_unit
1740832816,4,75.657611,36.886035,8.023301,24.877033,38.642870,75.657611,75.657611,75.657611,75.657611,75.657611,0.268727,0.736036,0.786777,0.795568,calls/second,milliseconds
1740832826,6,75.657611,31.043568,6.659866,22.599515,35.035172,38.642870,75.657611,75.657611,75.657611,75.657611,0.242274,0.639032,0.764289,0.787885,calls/second,milliseconds
1740832836,94,165.256813,4.814872,0.001533,19.032876,0.148570,0.735686,28.570335,38.642870,165.256813,165.256813,2.702894,0.923437,0.818515,0.805766,calls/second,milliseconds
1740832845,1797,38.642870,0.384296,0.001533,1.759211,0.182200,0.265499,0.626707,2.042495,3.266153,28.570335,41.065136,11.492569,3.019483,1.544384,calls/second,milliseconds
1740832845,1797,38.642870,0.384296,0.001533,1.759211,0.182200,0.265499,0.626707,2.042495,3.266153,28.570335,41.025326,11.492569,3.019483,1.544384,calls/second,milliseconds
