t,count,max,mean,min,stddev,p50,p75,p95,p98,p99,p999,mean_rate,m1_rate,m5_rate,m15_rate,rate_unit,duration_unit
1740832674,4,80.992794,45.209446,21.702934,22.242444,45.009917,80.992794,80.992794,80.992794,80.992794,80.992794,0.268519,0.736036,0.786777,0.795568,calls/second,milliseconds
1740832684,5,80.992794,36.990667,11.894480,24.061124,33.132137,45.009917,80.992794,80.992794,80.992794,80.992794,0.201979,0.623041,0.760984,0.786777,calls/second,milliseconds
1740832694,127,234.404912,7.684253,0.028612,29.927204,0.446985,1.349686,45.009917,90.464638,207.781968,234.404912,3.652310,0.941883,0.821929,0.806886,calls/second,milliseconds
1740832704,2163,207.781968,0.935181,0.006435,7.589991,0.281035,0.512577,0.928594,2.183964,6.043301,90.464638,48.272845,28.412774,6.535361,2.723908,calls/second,milliseconds
1740832709,3099,207.781968,0.888147,0.007127,6.751294,0.298278,0.620244,1.799507,2.301262,3.131121,90.464638,63.090846,33.544901,7.957885,3.221836,calls/second,milliseconds
1740832709,3101,207.781968,0.890286,0.007127,6.751259,0.298635,0.622100,1.804947,2.301262,3.131121,90.464638,63.069365,33.544901,7.957885,3.221836,calls/second,milliseconds
