t,count,max,mean,min,stddev,p50,p75,p95,p98,p99,p999
1740833338,0,0,0.000000,0,0.000000,0.000000,0.000000,0.000000,0.000000,0.000000,0.000000
1740833348,0,0,0.000000,0,0.000000,0.000000,0.000000,0.000000,0.000000,0.000000,0.000000
1740833358,34,8874,2043.353573,580,1818.464464,2655.000000,2894.000000,5711.000000,8874.000000,8874.000000,8874.000000
1740833368,89,17069,2329.923054,562,3031.259841,1254.000000,2853.000000,8587.000000,17069.000000,17069.000000,17069.000000
1740833374,99,17069,2212.999812,562,2874.547937,1254.000000,2772.000000,8587.000000,17069.000000,17069.000000,17069.000000
1740833375,99,17069,2212.999812,562,2874.547937,1254.000000,2772.000000,8587.000000,17069.000000,17069.000000,17069.000000
