t,count,max,mean,min,stddev,p50,p75,p95,p98,p99,p999
1740832888,0,0,0.000000,0,0.000000,0.000000,0.000000,0.000000,0.000000,0.000000,0.000000
1740832898,0,0,0.000000,0,0.000000,0.000000,0.000000,0.000000,0.000000,0.000000,0.000000
1740832908,22,1100,119.517187,13,214.150007,54.000000,150.000000,201.000000,1100.000000,1100.000000,1100.000000
1740832918,33,1100,86.804157,9,176.499000,35.000000,80.000000,201.000000,1100.000000,1100.000000,1100.000000
1740832928,44,1100,69.132990,9,150.687302,28.000000,58.000000,189.000000,201.000000,1100.000000,1100.000000
1740832929,44,1100,69.132990,9,150.687302,28.000000,58.000000,189.000000,201.000000,1100.000000,1100.000000
1740832929,44,1100,69.132990,9,150.687302,28.000000,58.000000,189.000000,201.000000,1100.000000,1100.000000
