t,count,max,mean,min,stddev,p50,p75,p95,p98,p99,p999,mean_rate,m1_rate,m5_rate,m15_rate,rate_unit,duration_unit
1740831138,0,0.000000,0.000000,0.000000,0.000000,0.000000,0.000000,0.000000,0.000000,0.000000,0.000000,0.000000,0.000000,0.000000,0.000000,calls/second,milliseconds
1740831148,1,307.966133,307.966133,307.966133,0.000000,307.966133,307.966133,307.966133,307.966133,307.966133,307.966133,0.047688,0.000000,0.000000,0.000000,calls/second,milliseconds
1740831158,916,408.766342,1.798092,0.003862,18.154188,0.365701,0.561825,1.604727,3.381901,24.315198,408.766342,29.582374,8.728611,1.810053,0.607035,calls/second,milliseconds
1740831168,3523,51.166948,0.492038,0.004222,2.241012,0.224712,0.436034,0.655104,1.604727,2.430773,35.008536,86.008804,48.269398,10.525597,3.560365,calls/second,milliseconds
1740831168,3541,51.166948,0.494079,0.004222,2.240879,0.227684,0.436034,0.655104,1.780825,2.430773,35.008536,86.055108,48.269398,10.525597,3.560365,calls/second,milliseconds
1740831168,3541,51.166948,0.494079,0.004222,2.240879,0.227684,0.436034,0.655104,1.780825,2.430773,35.008536,85.988048,48.269398,10.525597,3.560365,calls/second,milliseconds
