t,count,max,mean,min,stddev,p50,p75,p95,p98,p99,p999,mean_rate,m1_rate,m5_rate,m15_rate,rate_unit,duration_unit
1740832973,4,42.144563,10.550336,0.011984,18.240937,0.031583,42.144563,42.144563,42.144563,42.144563,42.144563,0.348790,0.736036,0.786777,0.795568,calls/second,milliseconds
1740832983,5,42.144563,8.133333,0.011984,16.601290,0.031583,0.057932,42.144563,42.144563,42.144563,42.144563,0.234465,0.637753,0.764235,0.787879,calls/second,milliseconds
1740832993,108,42.144563,0.554841,0.001631,4.224556,0.037570,0.063748,0.148256,0.168263,28.589397,42.144563,3.445138,1.631726,0.966782,0.855572,calls/second,milliseconds
1740833003,1009,42.144563,0.076345,0.001188,1.289604,0.022230,0.029578,0.056122,0.102699,0.155323,28.589397,24.435143,9.489478,2.645205,1.421300,calls/second,milliseconds
1740833006,1942,2.239903,0.029057,0.001597,0.074214,0.022301,0.031381,0.056127,0.086312,0.138178,0.447914,43.364063,9.489478,2.645205,1.421300,calls/second,milliseconds
1740833006,1942,2.239903,0.029057,0.001597,0.074214,0.022301,0.031381,0.056127,0.086312,0.138178,0.447914,43.318244,9.489478,2.645205,1.421300,calls/second,milliseconds
