t,count,max,mean,min,stddev,p50,p75,p95,p98,p99,p999
1740834402,0,0,0.000000,0,0.000000,0.000000,0.000000,0.000000,0.000000,0.000000,0.000000
1740834412,39,983,140.687080,5,184.917405,68.000000,244.000000,541.000000,983.000000,983.000000,983.000000
1740834422,186,1301,104.899758,1,170.218226,38.000000,149.000000,426.000000,677.000000,983.000000,1301.000000
1740834424,199,1301,99.081298,1,165.485367,38.000000,148.000000,339.000000,677.000000,722.000000,1301.000000
1740834424,199,1301,99.081298,1,165.485367,38.000000,148.000000,339.000000,677.000000,722.000000,1301.000000
