t,count,max,mean,min,stddev,p50,p75,p95,p98,p99,p999
1740829733,0,0,0.000000,0,0.000000,0.000000,0.000000,0.000000,0.000000,0.000000,0.000000
1740829743,12,6533,5116.916667,2386,1320.069913,4492.000000,6532.000000,6533.000000,6533.000000,6533.000000,6533.000000
1740829753,13,7721,5356.394276,2386,1465.811222,4493.000000,6532.000000,7721.000000,7721.000000,7721.000000,7721.000000
1740829754,13,7721,5356.394276,2386,1465.811222,4493.000000,6532.000000,7721.000000,7721.000000,7721.000000,7721.000000
1740829754,13,7721,5356.394276,2386,1465.811222,4493.000000,6532.000000,7721.000000,7721.000000,7721.000000,7721.000000
