t,count,max,mean,min,stddev,p50,p75,p95,p98,p99,p999
1740835364,0,0,0.000000,0,0.000000,0.000000,0.000000,0.000000,0.000000,0.000000,0.000000
1740835374,37,680,117.878671,5,177.917866,48.000000,128.000000,598.000000,680.000000,680.000000,680.000000
1740835384,160,882,71.404970,1,134.168413,10.000000,67.000000,340.000000,579.000000,680.000000,882.000000
1740835386,160,882,71.404970,1,134.168413,10.000000,67.000000,340.000000,579.000000,680.000000,882.000000
1740835386,160,882,71.404970,1,134.168413,10.000000,67.000000,340.000000,579.000000,680.000000,882.000000
