t,count,max,mean,min,stddev,p50,p75,p95,p98,p99,p999
1740829858,0,0,0.000000,0,0.000000,0.000000,0.000000,0.000000,0.000000,0.000000,0.000000
1740829869,9,786,177.892982,26,216.756497,120.000000,140.000000,786.000000,786.000000,786.000000,786.000000
1740829879,25,786,97.273465,16,140.543931,65.000000,103.000000,205.000000,786.000000,786.000000,786.000000
1740829889,27,786,90.580637,14,135.658148,56.000000,101.000000,205.000000,786.000000,786.000000,786.000000
1740829890,27,786,90.580637,14,135.658148,56.000000,101.000000,205.000000,786.000000,786.000000,786.000000
1740829890,27,786,90.580637,14,135.658148,56.000000,101.000000,205.000000,786.000000,786.000000,786.000000
