t,count,max,mean,min,stddev,p50,p75,p95,p98,p99,p999
1740835132,0,0,0.000000,0,0.000000,0.000000,0.000000,0.000000,0.000000,0.000000,0.000000
1740835142,17,8441,2151.565565,580,2000.537497,1191.000000,3091.000000,8441.000000,8441.000000,8441.000000,8441.000000
1740835149,32,9901,1978.376242,562,2160.584430,1443.000000,2868.000000,8441.000000,9901.000000,9901.000000,9901.000000
1740835149,32,9901,1978.376242,562,2160.584430,1443.000000,2868.000000,8441.000000,9901.000000,9901.000000,9901.000000
