t,count,max,mean,min,stddev,p50,p75,p95,p98,p99,p999,mean_rate,m1_rate,m5_rate,m15_rate,rate_unit,duration_unit
1740829985,4,28.677207,7.173738,0.002627,12.415034,0.012164,28.677207,28.677207,28.677207,28.677207,28.677207,0.354097,0.736036,0.786777,0.795568,calls/second,milliseconds
1740829995,47,28.677207,0.986685,0.000975,5.003544,0.003891,0.008235,0.018056,24.465697,28.677207,28.677207,2.219459,1.309380,0.903074,0.834416,calls/second,milliseconds
1740830003,195,28.677207,0.231263,0.000394,2.383068,0.004895,0.008235,0.044898,0.133341,0.712245,28.677207,6.825106,2.515959,1.159216,0.920652,calls/second,milliseconds
1740830003,195,28.677207,0.231263,0.000394,2.383068,0.004895,0.008235,0.044898,0.133341,0.712245,28.677207,6.813047,2.515959,1.159216,0.920652,calls/second,milliseconds
