t,count,max,mean,min,stddev,p50,p75,p95,p98,p99,p999
1740833338,0,0,0.000000,0,0.000000,0.000000,0.000000,0.000000,0.000000,0.000000,0.000000
1740833348,0,0,0.000000,0,0.000000,0.000000,0.000000,0.000000,0.000000,0.000000,0.000000
1740833358,17,981,788.892478,45,326.207000,935.000000,935.000000,981.000000,981.000000,981.000000,981.000000
1740833368,43,981,313.124911,11,404.682186,61.000000,935.000000,936.000000,981.000000,981.000000,981.000000
1740833374,48,981,277.743366,11,390.654967,53.000000,935.000000,936.000000,973.000000,981.000000,981.000000
1740833375,48,981,277.743366,11,390.654967,53.000000,935.000000,936.000000,973.000000,981.000000,981.000000
