t,count,max,mean,min,stddev,p50,p75,p95,p98,p99,p999
1740831625,0,0,0.000000,0,0.000000,0.000000,0.000000,0.000000,0.000000,0.000000,0.000000
1740831635,16,7386,2094.115114,580,1859.813174,2652.000000,2955.000000,7386.000000,7386.000000,7386.000000,7386.000000
1740831645,44,10997,2221.647727,562,2531.950255,1386.000000,2710.000000,7391.000000,10997.000000,10997.000000,10997.000000
1740831654,48,10997,2258.796482,562,2577.678206,1386.000000,2710.000000,7639.000000,10997.000000,10997.000000,10997.000000
1740831654,48,10997,2258.796482,562,2577.678206,1386.000000,2710.000000,7639.000000,10997.000000,10997.000000,10997.000000
