t,count,max,mean,min,stddev,p50,p75,p95,p98,p99,p999
1740834034,0,0,0.000000,0,0.000000,0.000000,0.000000,0.000000,0.000000,0.000000,0.000000
1740834044,1,993,993.000000,993,0.000000,993.000000,993.000000,993.000000,993.000000,993.000000,993.000000
1740834054,27,26427,8095.495290,889,6583.416515,5708.000000,11444.000000,26427.000000,26427.000000,26427.000000,26427.000000
1740834064,32,26427,6978.254470,889,6449.244717,4754.000000,11444.000000,26427.000000,26427.000000,26427.000000,26427.000000
1740834069,34,26427,6619.508273,889,6336.122739,3945.000000,11441.000000,26427.000000,26427.000000,26427.000000,26427.000000
1740834069,34,26427,6619.508273,889,6336.122739,3945.000000,11441.000000,26427.000000,26427.000000,26427.000000,26427.000000
