t,count,max,mean,min,stddev,p50,p75,p95,p98,p99,p999,mean_rate,m1_rate,m5_rate,m15_rate,rate_unit,duration_unit
1740831382,0,0.000000,0.000000,0.000000,0.000000,0.000000,0.000000,0.000000,0.000000,0.000000,0.000000,0.000000,0.000000,0.000000,0.000000,calls/second,milliseconds
1740831392,0,0.000000,0.000000,0.000000,0.000000,0.000000,0.000000,0.000000,0.000000,0.000000,0.000000,0.000000,0.000000,0.000000,0.000000,calls/second,milliseconds
1740831402,72,465.675284,13.983791,0.003179,59.221849,0.080401,1.320329,102.383149,184.724857,465.675284,465.675284,2.317752,0.848826,0.180503,0.060794,calls/second,milliseconds
1740831410,966,465.675284,1.555197,0.003179,16.074787,0.346033,0.608696,1.254688,2.598766,14.672307,184.724857,24.627080,3.211607,0.679987,0.228878,calls/second,milliseconds
1740831410,966,465.675284,1.555197,0.003179,16.074787,0.346033,0.608696,1.254688,2.598766,14.672307,184.724857,24.602963,3.211607,0.679987,0.228878,calls/second,milliseconds
