t,count,max,mean,min,stddev,p50,p75,p95,p98,p99,p999,mean_rate,m1_rate,m5_rate,m15_rate,rate_unit,duration_unit
1740833965,0,0.000000,0.000000,0.000000,0.000000,0.000000,0.000000,0.000000,0.000000,0.000000,0.000000,0.000000,0.000000,0.000000,0.000000,calls/second,milliseconds
1740833975,0,0.000000,0.000000,0.000000,0.000000,0.000000,0.000000,0.000000,0.000000,0.000000,0.000000,0.000000,0.000000,0.000000,0.000000,calls/second,milliseconds
1740833985,294,440.792856,4.646122,0.003997,32.124794,0.577964,0.839717,6.158367,24.224548,119.145828,440.792856,9.473738,1.616399,0.339177,0.113980,calls/second,milliseconds
1740833995,2067,278.678673,0.864392,0.004068,8.795865,0.360591,0.549997,0.842020,1.946497,3.892827,119.145828,50.369289,28.989404,6.231263,2.102623,calls/second,milliseconds
1740833995,2173,278.678673,0.814517,0.004068,8.610233,0.373661,0.557104,0.823776,1.719403,2.982419,119.145828,52.046238,28.989404,6.231263,2.102623,calls/second,milliseconds
1740833995,2173,278.678673,0.814517,0.004068,8.610233,0.373661,0.557104,0.823776,1.719403,2.982419,119.145828,52.009661,28.989404,6.231263,2.102623,calls/second,milliseconds
