t,count,max,mean,min,stddev,p50,p75,p95,p98,p99,p999
1740833224,0,0,0.000000,0,0.000000,0.000000,0.000000,0.000000,0.000000,0.000000,0.000000
1740833234,6,15936,5694.217518,2584,4612.037877,3880.000000,3959.000000,15936.000000,15936.000000,15936.000000,15936.000000
1740833241,12,39566,6851.636662,1214,10713.557722,2584.000000,3880.000000,39566.000000,39566.000000,39566.000000,39566.000000
1740833241,12,39566,6851.636662,1214,10713.557722,2584.000000,3880.000000,39566.000000,39566.000000,39566.000000,39566.000000
