t,count,max,mean,min,stddev,p50,p75,p95,p98,p99,p999,mean_rate,m1_rate,m5_rate,m15_rate,rate_unit,duration_unit
1740830330,4,34.850454,8.726160,0.011431,15.082870,0.029017,34.850454,34.850454,34.850454,34.850454,34.850454,0.356559,0.736036,0.786777,0.795568,calls/second,milliseconds
1740830340,52,34.850454,1.006418,0.003422,4.943189,0.038485,0.074206,1.591788,20.464193,34.850454,34.850454,2.460499,0.846916,0.807263,0.802290,calls/second,milliseconds
1740830350,593,34.850454,0.109648,0.002309,1.392377,0.029784,0.037745,0.074206,0.184195,0.305107,34.850454,19.087386,5.688281,1.827151,1.145232,calls/second,milliseconds
1740830350,593,34.850454,0.109648,0.002309,1.392377,0.029784,0.037745,0.074206,0.184195,0.305107,34.850454,19.060800,5.688281,1.827151,1.145232,calls/second,milliseconds
1740830350,593,34.850454,0.109648,0.002309,1.392377,0.029784,0.037745,0.074206,0.184195,0.305107,34.850454,19.053451,5.688281,1.827151,1.145232,calls/second,milliseconds
