t,count,max,mean,min,stddev,p50,p75,p95,p98,p99,p999
1740829489,0,0,0.000000,0,0.000000,0.000000,0.000000,0.000000,0.000000,0.000000,0.000000
1740829499,7,11881,4914.937346,1586,3013.017918,3883.000000,5167.000000,11881.000000,11881.000000,11881.000000,11881.000000
1740829510,26,24840,8121.218705,1137,7850.089370,4852.000000,13131.000000,24840.000000,24840.000000,24840.000000,24840.000000
1740829516,30,24840,7172.170513,1137,7615.511975,4075.000000,11881.000000,24840.000000,24840.000000,24840.000000,24840.000000
1740829516,30,24840,7172.170513,1137,7615.511975,4075.000000,11881.000000,24840.000000,24840.000000,24840.000000,24840.000000
