t,count,max,mean,min,stddev,p50,p75,p95,p98,p99,p999,mean_rate,m1_rate,m5_rate,m15_rate,rate_unit,duration_unit
1740835075,4,88.837051,34.215336,6.019223,32.144283,22.632109,88.837051,88.837051,88.837051,88.837051,88.837051,0.280145,0.736036,0.786777,0.795568,calls/second,milliseconds
1740835085,25,168.979796,21.823793,0.049317,45.025592,0.244566,22.632109,154.332341,168.979796,168.979796,168.979796,1.034188,0.639032,0.764289,0.787885,calls/second,milliseconds
1740835093,499,168.979796,1.833485,0.042865,11.142137,0.437509,0.656113,2.287131,13.605762,33.687802,168.979796,15.702452,1.906584,1.025737,0.875455,calls/second,milliseconds
1740835093,499,168.979796,1.833485,0.042865,11.142137,0.437509,0.656113,2.287131,13.605762,33.687802,168.979796,15.680458,1.906584,1.025737,0.875455,calls/second,milliseconds
