t,count,max,mean,min,stddev,p50,p75,p95,p98,p99,p999,mean_rate,m1_rate,m5_rate,m15_rate,rate_unit,duration_unit
1740833843,4,86.628248,37.600239,6.139351,31.104958,41.509955,86.628248,86.628248,86.628248,86.628248,86.628248,0.280501,0.736036,0.786777,0.795568,calls/second,milliseconds
1740833853,15,86.628248,10.872537,0.000723,21.798926,0.001821,6.654563,86.628248,86.628248,86.628248,86.628248,0.621395,0.639032,0.764289,0.787885,calls/second,milliseconds
1740833863,228,156.243996,3.328484,0.000723,15.018880,0.324308,0.741473,16.123402,48.114511,86.628248,156.243996,6.669848,2.963277,1.243968,0.948591,calls/second,milliseconds
1740833870,1050,114.685493,0.712659,0.000723,4.928335,0.208116,0.291482,1.155149,2.866413,12.819257,86.628248,25.441070,9.962848,2.764738,1.462715,calls/second,milliseconds
1740833870,1050,114.685493,0.712659,0.000723,4.928335,0.208116,0.291482,1.155149,2.866413,12.819257,86.628248,25.418616,9.962848,2.764738,1.462715,calls/second,milliseconds
