t,count,max,mean,min,stddev,p50,p75,p95,p98,p99,p999,mean_rate,m1_rate,m5_rate,m15_rate,rate_unit,duration_unit
1740830805,0,0.000000,0.000000,0.000000,0.000000,0.000000,0.000000,0.000000,0.000000,0.000000,0.000000,0.000000,0.000000,0.000000,0.000000,calls/second,milliseconds
1740830816,0,0.000000,0.000000,0.000000,0.000000,0.000000,0.000000,0.000000,0.000000,0.000000,0.000000,0.000000,0.000000,0.000000,0.000000,calls/second,milliseconds
1740830826,154,515.621854,7.787921,0.003744,42.948790,0.222370,0.866334,37.570814,87.722654,122.868047,515.621854,4.965714,1.739862,0.368054,0.123854,calls/second,milliseconds
1740830829,913,515.621854,1.625260,0.003744,17.281498,0.366895,0.577800,1.349454,3.873052,28.990654,122.868047,26.850210,1.739862,0.368054,0.123854,calls/second,milliseconds
1740830829,913,515.621854,1.625260,0.003744,17.281498,0.366895,0.577800,1.349454,3.873052,28.990654,122.868047,26.812332,1.739862,0.368054,0.123854,calls/second,milliseconds
