t,count,max,mean,min,stddev,p50,p75,p95,p98,p99,p999
1740831956,0,0,0.000000,0,0.000000,0.000000,0.000000,0.000000,0.000000,0.000000,0.000000
1740831966,7,136,26.285714,5,44.911705,7.000000,15.000000,136.000000,136.000000,136.000000,136.000000
1740831976,86,711,76.008303,1,117.460311,23.000000,118.000000,315.000000,478.000000,711.000000,711.000000
1740831983,198,711,66.643701,1,109.860414,10.000000,86.000000,315.000000,346.000000,478.000000,711.000000
1740831983,198,711,66.643701,1,109.860414,10.000000,86.000000,315.000000,346.000000,478.000000,711.000000
