t,count,max,mean,min,stddev,p50,p75,p95,p98,p99,p999,mean_rate,m1_rate,m5_rate,m15_rate,rate_unit,duration_unit
1740833338,0,0.000000,0.000000,0.000000,0.000000,0.000000,0.000000,0.000000,0.000000,0.000000,0.000000,0.000000,0.000000,0.000000,0.000000,calls/second,milliseconds
1740833348,0,0.000000,0.000000,0.000000,0.000000,0.000000,0.000000,0.000000,0.000000,0.000000,0.000000,0.000000,0.000000,0.000000,0.000000,calls/second,milliseconds
1740833358,71,348.982538,12.855330,0.008504,44.246913,0.664764,6.608405,42.044363,114.783024,348.982538,348.982538,2.279636,0.479734,0.099171,0.033241,calls/second,milliseconds
1740833368,354,348.982538,3.853224,0.002243,21.789489,0.463187,0.924405,13.432884,28.669787,114.783024,348.982538,8.613436,3.050436,0.659967,0.222945,calls/second,milliseconds
1740833374,2595,121.999185,0.949670,0.002243,7.244933,0.252653,0.520714,0.784810,1.399711,18.390176,117.288109,54.528510,23.754900,4.979538,1.673230,calls/second,milliseconds
1740833375,2595,121.999185,0.949670,0.002243,7.244933,0.252653,0.520714,0.784810,1.399711,18.390176,117.288109,54.483879,23.754900,4.979538,1.673230,calls/second,milliseconds
