t,count,max,mean,min,stddev,p50,p75,p95,p98,p99,p999,mean_rate,m1_rate,m5_rate,m15_rate,rate_unit,duration_unit
1740833050,5,77.883080,31.104024,6.496817,25.421814,21.159224,39.308793,77.883080,77.883080,77.883080,77.883080,0.332247,0.074841,0.016310,0.005516,calls/second,milliseconds
1740833060,7,175.633129,50.152885,0.236365,61.173850,21.159224,77.883080,175.633129,175.633129,175.633129,175.633129,0.280953,0.068857,0.016040,0.005485,calls/second,milliseconds
1740833070,101,392.545592,9.046050,0.020911,42.814127,0.366848,0.879772,39.308793,77.883080,175.633129,392.545592,2.892043,0.663392,0.141022,0.047517,calls/second,milliseconds
1740833077,1338,175.633129,0.848060,0.020911,5.873946,0.373195,0.563213,1.342663,2.617954,7.854818,77.883080,32.054731,14.703494,3.072005,1.031675,calls/second,milliseconds
1740833077,1338,175.633129,0.848060,0.020911,5.873946,0.373195,0.563213,1.342663,2.617954,7.854818,77.883080,32.027960,14.703494,3.072005,1.031675,calls/second,milliseconds
