t,count,max,mean,min,stddev,p50,p75,p95,p98,p99,p999
1740834580,0,0,0.000000,0,0.000000,0.000000,0.000000,0.000000,0.000000,0.000000,0.000000
1740834590,12,3091,1619.696157,580,1097.426771,687.000000,2843.000000,3091.000000,3091.000000,3091.000000,3091.000000
1740834594,18,5415,1663.944396,562,1350.462395,1390.000000,2769.000000,5415.000000,5415.000000,5415.000000,5415.000000
1740834594,18,5415,1663.944396,562,1350.462395,1390.000000,2769.000000,5415.000000,5415.000000,5415.000000,5415.000000
