t,count,max,mean,min,stddev,p50,p75,p95,p98,p99,p999,mean_rate,m1_rate,m5_rate,m15_rate,rate_unit,duration_unit
1740830518,0,0.000000,0.000000,0.000000,0.000000,0.000000,0.000000,0.000000,0.000000,0.000000,0.000000,0.000000,0.000000,0.000000,0.000000,calls/second,milliseconds
1740830529,10,470.044328,62.982903,0.006400,139.578073,0.073204,23.132297,470.044328,470.044328,470.044328,470.044328,0.474164,0.000000,0.000000,0.000000,calls/second,milliseconds
1740830535,447,470.044328,2.594380,0.006400,23.223102,0.373325,0.760444,2.546134,7.237408,64.976179,470.044328,15.991028,0.511716,0.105783,0.035457,calls/second,milliseconds
1740830535,447,470.044328,2.594380,0.006400,23.223102,0.373325,0.760444,2.546134,7.237408,64.976179,470.044328,15.971044,0.511716,0.105783,0.035457,calls/second,milliseconds
