t,count,max,mean,min,stddev,p50,p75,p95,p98,p99,p999,mean_rate,m1_rate,m5_rate,m15_rate,rate_unit,duration_unit
1740833721,4,31.678685,7.923482,0.002012,13.715073,0.011168,31.678685,31.678685,31.678685,31.678685,31.678685,0.353648,0.736036,0.786777,0.795568,calls/second,milliseconds
1740833731,22,31.678685,2.200464,0.000973,7.444721,0.005386,0.014540,22.813560,31.678685,31.678685,31.678685,1.037757,0.750970,0.787429,0.795641,calls/second,milliseconds
1740833741,1139,31.678685,0.044931,0.000189,1.039109,0.004319,0.005666,0.008666,0.017086,0.032018,22.813560,36.501977,15.063541,3.754019,1.790437,calls/second,milliseconds
1740833744,1752,31.678685,0.025082,0.000189,0.799804,0.003910,0.005526,0.007800,0.013088,0.028070,0.148229,52.104990,15.063541,3.754019,1.790437,calls/second,milliseconds
1740833744,1752,31.678685,0.025082,0.000189,0.799804,0.003910,0.005526,0.007800,0.013088,0.028070,0.148229,52.035146,15.063541,3.754019,1.790437,calls/second,milliseconds
