t,count,max,mean,min,stddev,p50,p75,p95,p98,p99,p999
1740835075,0,0,0.000000,0,0.000000,0.000000,0.000000,0.000000,0.000000,0.000000,0.000000
1740835085,4,826,298.034906,99,302.954572,136.000000,139.000000,826.000000,826.000000,826.000000,826.000000
1740835093,11,826,129.520402,18,215.960487,48.000000,136.000000,826.000000,826.000000,826.000000,826.000000
1740835093,11,826,129.520402,18,215.960487,48.000000,136.000000,826.000000,826.000000,826.000000,826.000000
