t,count,max,mean,min,stddev,p50,p75,p95,p98,p99,p999,mean_rate,m1_rate,m5_rate,m15_rate,rate_unit,duration_unit
1740834632,0,0.000000,0.000000,0.000000,0.000000,0.000000,0.000000,0.000000,0.000000,0.000000,0.000000,0.000000,0.000000,0.000000,0.000000,calls/second,milliseconds
1740834642,0,0.000000,0.000000,0.000000,0.000000,0.000000,0.000000,0.000000,0.000000,0.000000,0.000000,0.000000,0.000000,0.000000,0.000000,calls/second,milliseconds
1740834652,156,343.429305,6.697175,0.003920,31.784671,0.221182,1.215800,24.183936,111.873146,143.872341,343.429305,5.022425,1.952213,0.408597,0.137248,calls/second,milliseconds
1740834653,539,343.429305,2.184996,0.003920,16.928343,0.404653,0.631445,2.784953,13.919216,38.029438,343.429305,16.668524,1.952213,0.408597,0.137248,calls/second,milliseconds
1740834653,539,343.429305,2.184996,0.003920,16.928343,0.404653,0.631445,2.784953,13.919216,38.029438,343.429305,16.648661,1.952213,0.408597,0.137248,calls/second,milliseconds
