t,count,max,mean,min,stddev,p50,p75,p95,p98,p99,p999,mean_rate,m1_rate,m5_rate,m15_rate,rate_unit,duration_unit
1740831956,4,114.313688,60.765948,12.872660,39.356313,80.505994,114.313688,114.313688,114.313688,114.313688,114.313688,0.267443,0.568018,0.593389,0.597784,calls/second,milliseconds
1740831966,6,219.215458,83.303053,10.982469,77.092796,80.505994,114.313688,219.215458,219.215458,219.215458,219.215458,0.242985,0.496808,0.577241,0.592287,calls/second,milliseconds
1740831976,485,219.215458,2.283864,0.037002,14.987646,0.460208,0.667133,2.731726,12.872660,51.880144,219.215458,13.970575,0.946967,0.667350,0.622301,calls/second,milliseconds
1740831983,1788,114.313688,0.594051,0.017741,3.604320,0.310371,0.474319,0.987966,2.416984,3.281967,66.637439,42.817925,23.540701,5.458940,2.235387,calls/second,milliseconds
1740831983,1788,114.313688,0.594051,0.017741,3.604320,0.310371,0.474319,0.987966,2.416984,3.281967,66.637439,42.772609,23.540701,5.458940,2.235387,calls/second,milliseconds
