t,count,max,mean,min,stddev,p50,p75,p95,p98,p99,p999,mean_rate,m1_rate,m5_rate,m15_rate,rate_unit,duration_unit
1740831020,4,31.524144,7.885022,0.002827,13.648054,0.009786,31.524144,31.524144,31.524144,31.524144,31.524144,0.356759,0.736036,0.786777,0.795568,calls/second,milliseconds
1740831030,21,31.524144,2.206566,0.001024,7.090944,0.009786,0.017575,19.009868,31.524144,31.524144,31.524144,0.995095,0.750970,0.787429,0.795641,calls/second,milliseconds
1740831040,479,31.524144,0.088183,0.000317,1.427300,0.004684,0.006605,0.011260,0.041426,0.085653,31.524144,15.400208,4.393017,1.556788,1.054453,calls/second,milliseconds
1740831041,1001,31.524144,0.043750,0.000317,0.972576,0.004779,0.006426,0.009558,0.018958,0.042871,19.009868,30.623761,4.393017,1.556788,1.054453,calls/second,milliseconds
1740831041,1001,31.524144,0.043750,0.000317,0.972576,0.004779,0.006426,0.009558,0.018958,0.042871,19.009868,30.574442,4.393017,1.556788,1.054453,calls/second,milliseconds
