t,count,max,mean,min,stddev,p50,p75,p95,p98,p99,p999
1740829406,0,0,0.000000,0,0.000000,0.000000,0.000000,0.000000,0.000000,0.000000,0.000000
1740829416,5,7992,5132.422490,3177,1839.783614,3942.000000,6580.000000,7992.000000,7992.000000,7992.000000,7992.000000
1740829427,32,29601,10307.913011,1035,10157.620991,5901.000000,12431.000000,29601.000000,29601.000000,29601.000000,29601.000000
1740829436,33,29601,10010.559392,1035,10109.384910,5901.000000,12431.000000,29601.000000,29601.000000,29601.000000,29601.000000
1740829447,35,29601,9298.366011,993,9988.861193,3942.000000,12431.000000,29601.000000,29601.000000,29601.000000,29601.000000
1740829450,35,29601,9298.366011,993,9988.861193,3942.000000,12431.000000,29601.000000,29601.000000,29601.000000,29601.000000
1740829451,35,29601,9298.366011,993,9988.861193,3942.000000,12431.000000,29601.000000,29601.000000,29601.000000,29601.000000
