t,count,max,mean,min,stddev,p50,p75,p95,p98,p99,p999,mean_rate,m1_rate,m5_rate,m15_rate,rate_unit,duration_unit
1740832816,4,35.017968,8.758623,0.002062,15.160840,0.011324,35.017968,35.017968,35.017968,35.017968,35.017968,0.348010,0.736036,0.786777,0.795568,calls/second,milliseconds
1740832826,6,35.017968,12.065747,0.002062,16.102094,0.011324,32.401656,35.017968,35.017968,35.017968,35.017968,0.280707,0.637753,0.764235,0.787879,calls/second,milliseconds
1740832836,94,35.017968,0.576365,0.000590,4.316092,0.005097,0.008390,0.087884,0.120282,32.401656,35.017968,2.995053,1.505076,0.940391,0.846714,calls/second,milliseconds
1740832845,1797,35.017968,0.049842,0.000786,1.225383,0.003974,0.005875,0.008934,0.011779,0.028929,32.401656,44.515658,27.895518,6.450122,2.696649,calls/second,milliseconds
1740832845,1797,35.017968,0.049842,0.000786,1.225383,0.003974,0.005875,0.008934,0.011779,0.028929,32.401656,44.468755,27.895518,6.450122,2.696649,calls/second,milliseconds
