t,count,max,mean,min,stddev,p50,p75,p95,p98,p99,p999
1740830388,0,0,0.000000,0,0.000000,0.000000,0.000000,0.000000,0.000000,0.000000,0.000000
1740830398,7,1001,257.847987,128,301.187520,138.000000,144.000000,1001.000000,1001.000000,1001.000000,1001.000000
1740830406,13,1001,156.980948,17,242.333679,128.000000,144.000000,1001.000000,1001.000000,1001.000000,1001.000000
1740830407,13,1001,156.980948,17,242.333679,128.000000,144.000000,1001.000000,1001.000000,1001.000000,1001.000000
