t,count,max,mean,min,stddev,p50,p75,p95,p98,p99,p999
1740832156,0,0,0.000000,0,0.000000,0.000000,0.000000,0.000000,0.000000,0.000000,0.000000
1740832166,0,0,0.000000,0,0.000000,0.000000,0.000000,0.000000,0.000000,0.000000,0.000000
1740832176,41,9853,2188.316468,562,2089.791510,1613.000000,2698.000000,6414.000000,9853.000000,9853.000000,9853.000000
1740832186,67,9853,1816.886527,562,1719.908673,1433.000000,2512.000000,5166.000000,6441.000000,9853.000000,9853.000000
1740832196,83,9853,1712.021039,562,1571.054469,1433.000000,2479.000000,5121.000000,6441.000000,9853.000000,9853.000000
1740832201,89,9853,1693.160778,562,1520.847661,1433.000000,2461.000000,4884.000000,6414.000000,9853.000000,9853.000000
1740832201,89,9853,1693.160778,562,1520.847661,1433.000000,2461.000000,4884.000000,6414.000000,9853.000000,9853.000000
