t,count,max,mean,min,stddev,p50,p75,p95,p98,p99,p999
1740831138,0,0,0.000000,0,0.000000,0.000000,0.000000,0.000000,0.000000,0.000000,0.000000
1740831148,12,906,390.947427,24,403.447578,70.000000,861.000000,906.000000,906.000000,906.000000,906.000000
1740831158,35,906,159.995375,15,280.109533,56.000000,87.000000,864.000000,906.000000,906.000000,906.000000
1740831168,36,906,155.516475,15,276.395751,52.000000,87.000000,864.000000,906.000000,906.000000,906.000000
1740831168,36,906,155.516475,15,276.395751,52.000000,87.000000,864.000000,906.000000,906.000000,906.000000
1740831168,36,906,155.516475,15,276.395751,52.000000,87.000000,864.000000,906.000000,906.000000,906.000000
