t,count,max,mean,min,stddev,p50,p75,p95,p98,p99,p999,mean_rate,m1_rate,m5_rate,m15_rate,rate_unit,duration_unit
1740833476,4,66.628257,31.955058,7.452131,21.931903,32.772978,66.628257,66.628257,66.628257,66.628257,66.628257,0.276670,0.736036,0.786777,0.795568,calls/second,milliseconds
1740833486,10,66.628257,13.833659,0.001425,19.193106,7.194137,21.302913,66.628257,66.628257,66.628257,66.628257,0.410992,0.623041,0.760984,0.786777,calls/second,milliseconds
1740833496,477,264.204681,1.511067,0.001425,12.327796,0.294192,0.397368,2.303934,10.614048,23.036712,264.204681,13.888412,1.442092,0.927220,0.842288,calls/second,milliseconds
1740833499,1345,264.204681,0.582256,0.001425,7.900484,0.224538,0.297294,0.623373,1.368570,3.337828,66.628257,36.217076,11.257272,2.964740,1.525708,calls/second,milliseconds
1740833499,1345,264.204681,0.582256,0.001425,7.900484,0.224538,0.297294,0.623373,1.368570,3.337828,66.628257,36.165274,11.257272,2.964740,1.525708,calls/second,milliseconds
