t,count,max,mean,min,stddev,p50,p75,p95,p98,p99,p999,mean_rate,m1_rate,m5_rate,m15_rate,rate_unit,duration_unit
1740834402,4,57.079900,29.294904,5.209622,19.211035,35.103529,57.079900,57.079900,57.079900,57.079900,57.079900,0.285322,0.736036,0.786777,0.795568,calls/second,milliseconds
1740834412,37,367.003372,15.622623,0.000892,60.779716,0.142132,3.681254,35.103529,367.003372,367.003372,367.003372,1.547096,0.639032,0.764289,0.787885,calls/second,milliseconds
1740834422,967,367.003372,0.995120,0.000892,11.456957,0.231831,0.316935,1.323037,4.492467,12.220541,57.079900,28.511185,2.067144,1.061444,0.887570,calls/second,milliseconds
1740834424,1731,367.003372,0.683181,0.001003,10.744392,0.184468,0.262774,0.607985,1.592417,4.111308,35.103529,47.429823,21.730849,5.142979,2.256610,calls/second,milliseconds
1740834424,1731,367.003372,0.683181,0.001003,10.744392,0.184468,0.262774,0.607985,1.592417,4.111308,35.103529,47.378033,21.730849,5.142979,2.256610,calls/second,milliseconds
