t,count,max,mean,min,stddev,p50,p75,p95,p98,p99,p999,mean_rate,m1_rate,m5_rate,m15_rate,rate_unit,duration_unit
1740835425,4,62.198791,28.722022,6.376728,20.869624,28.642802,62.198791,62.198791,62.198791,62.198791,62.198791,0.280195,0.736036,0.786777,0.795568,calls/second,milliseconds
1740835435,10,62.198791,13.634133,0.001625,17.988551,6.376728,25.984185,62.198791,62.198791,62.198791,62.198791,0.413913,0.639032,0.764289,0.787885,calls/second,milliseconds
1740835444,502,143.640430,1.118202,0.001625,7.236169,0.270229,0.352474,1.406774,7.976230,23.734835,143.640430,15.319048,1.712764,0.983364,0.861118,calls/second,milliseconds
1740835444,502,143.640430,1.118202,0.001625,7.236169,0.270229,0.352474,1.406774,7.976230,23.734835,143.640430,15.302057,1.712764,0.983364,0.861118,calls/second,milliseconds
