t,count,max,mean,min,stddev,p50,p75,p95,p98,p99,p999
1740833965,0,0,0.000000,0,0.000000,0.000000,0.000000,0.000000,0.000000,0.000000,0.000000
1740833975,51,889,118.421269,5,181.475752,47.000000,120.000000,490.000000,595.000000,889.000000,889.000000
1740833985,206,889,124.735038,1,176.659343,48.000000,159.000000,538.000000,804.000000,804.000000,889.000000
1740833995,219,889,117.456782,1,172.321955,47.000000,154.000000,538.000000,804.000000,804.000000,889.000000
1740833995,219,889,117.456782,1,172.321955,47.000000,154.000000,538.000000,804.000000,804.000000,889.000000
1740833995,219,889,117.456782,1,172.321955,47.000000,154.000000,538.000000,804.000000,804.000000,889.000000
