t,count,max,mean,min,stddev,p50,p75,p95,p98,p99,p999,mean_rate,m1_rate,m5_rate,m15_rate,rate_unit,duration_unit
1740830805,4,76.704498,33.827722,6.703895,26.281399,31.636759,76.704498,76.704498,76.704498,76.704498,76.704498,0.282379,0.736036,0.786777,0.795568,calls/second,milliseconds
1740830816,16,184.168440,20.554154,0.018078,46.123369,0.122512,10.063129,184.168440,184.168440,184.168440,184.168440,0.664779,0.655023,0.767595,0.788993,calls/second,milliseconds
1740830826,220,346.711777,4.390542,0.018078,26.335912,0.403799,1.108168,9.980433,57.827275,76.704498,346.711777,6.458299,2.293048,1.110429,0.904123,calls/second,milliseconds
1740830829,986,346.711777,1.441378,0.018078,12.299727,0.464781,0.733310,1.906179,5.329173,19.368814,184.168440,26.608987,6.091494,1.915197,1.175013,calls/second,milliseconds
1740830829,986,346.711777,1.441378,0.018078,12.299727,0.464781,0.733310,1.906179,5.329173,19.368814,184.168440,26.573937,6.091494,1.915197,1.175013,calls/second,milliseconds
