t,count,max,mean,min,stddev,p50,p75,p95,p98,p99,p999,mean_rate,m1_rate,m5_rate,m15_rate,rate_unit,duration_unit
1740833476,4,39.515635,9.903814,0.022758,17.096395,0.048132,39.515635,39.515635,39.515635,39.515635,39.515635,0.350084,0.736036,0.786777,0.795568,calls/second,milliseconds
1740833486,10,39.515635,5.664597,0.015799,11.841503,0.068694,1.883328,39.515635,39.515635,39.515635,39.515635,0.469499,0.655023,0.767595,0.788993,calls/second,milliseconds
1740833496,478,39.515635,0.130216,0.001793,1.679699,0.031215,0.039154,0.071569,0.147058,0.623015,39.515635,15.264318,2.998566,1.253340,0.951854,calls/second,milliseconds
1740833499,1345,19.371334,0.050190,0.001793,0.551104,0.027028,0.036291,0.063014,0.087333,0.169423,1.883328,39.436156,2.998566,1.253340,0.951854,calls/second,milliseconds
1740833499,1345,19.371334,0.050190,0.001793,0.551104,0.027028,0.036291,0.063014,0.087333,0.169423,1.883328,39.373393,2.998566,1.253340,0.951854,calls/second,milliseconds
