t,count,max,mean,min,stddev,p50,p75,p95,p98,p99,p999,mean_rate,m1_rate,m5_rate,m15_rate,rate_unit,duration_unit
1740832816,4,75.890767,37.008048,8.138762,24.929098,38.724569,75.890767,75.890767,75.890767,75.890767,75.890767,0.268581,0.736036,0.786777,0.795568,calls/second,milliseconds
1740832826,6,202.904968,66.284180,8.138762,73.164767,38.724569,75.890767,202.904968,202.904968,202.904968,202.904968,0.242197,0.639032,0.764289,0.787885,calls/second,milliseconds
1740832836,94,202.904968,7.252751,0.024430,28.483538,0.229486,0.945714,35.047283,75.890767,181.820637,202.904968,2.702025,0.923437,0.818515,0.805766,calls/second,milliseconds
1740832845,1797,202.904968,0.780380,0.024430,5.718394,0.459118,0.716954,1.346316,2.949784,7.014638,19.803243,41.056555,11.460587,3.012872,1.542168,calls/second,milliseconds
1740832845,1797,202.904968,0.780380,0.024430,5.718394,0.459118,0.716954,1.346316,2.949784,7.014638,19.803243,41.017091,11.460587,3.012872,1.542168,calls/second,milliseconds
