t,count,max,mean,min,stddev,p50,p75,p95,p98,p99,p999,mean_rate,m1_rate,m5_rate,m15_rate,rate_unit,duration_unit
1740832451,4,35.851652,8.967392,0.002507,15.521635,0.012511,35.851652,35.851652,35.851652,35.851652,35.851652,0.351312,0.736036,0.786777,0.795568,calls/second,milliseconds
1740832461,6,35.851652,10.502172,0.002507,14.477686,0.012511,24.568101,35.851652,35.851652,35.851652,35.851652,0.282198,0.653744,0.767540,0.788987,calls/second,milliseconds
1740832471,47,35.851652,1.179276,0.000715,5.525011,0.003305,0.006817,7.424362,24.568101,35.851652,35.851652,1.496919,0.861698,0.808000,0.802374,calls/second,milliseconds
1740832481,736,35.851652,0.070542,0.000220,1.308416,0.005105,0.007155,0.010862,0.025454,0.064745,24.568101,17.805209,9.621822,2.640521,1.417830,calls/second,milliseconds
1740832491,1713,24.568101,0.026641,0.000149,0.654471,0.004238,0.006140,0.009606,0.012054,0.049347,3.581530,33.412129,23.262384,5.775137,2.487438,calls/second,milliseconds
1740832499,2528,0.160728,0.004276,0.000072,0.007135,0.003213,0.005070,0.008492,0.010040,0.012054,0.121064,43.078190,28.118696,7.068080,2.939030,calls/second,milliseconds
1740832499,2528,0.160728,0.004276,0.000072,0.007135,0.003213,0.005070,0.008492,0.010040,0.012054,0.121064,43.053888,28.118696,7.068080,2.939030,calls/second,milliseconds
