t,count,max,mean,min,stddev,p50,p75,p95,p98,p99,p999,mean_rate,m1_rate,m5_rate,m15_rate,rate_unit,duration_unit
1740832607,4,57.304846,14.347401,0.017624,24.801496,0.049417,57.304846,57.304846,57.304846,57.304846,57.304846,0.345925,0.736036,0.786777,0.795568,calls/second,milliseconds
1740832617,6,57.304846,15.036064,0.017624,21.697420,0.092753,31.211988,57.304846,57.304846,57.304846,57.304846,0.280553,0.655023,0.767595,0.788993,calls/second,milliseconds
1740832627,70,57.304846,1.033064,0.006189,6.680430,0.042971,0.068912,0.130509,31.211988,57.304846,57.304846,2.229459,1.551046,0.952848,0.851060,calls/second,milliseconds
1740832632,905,57.304846,0.096608,0.004398,1.765624,0.024459,0.030996,0.061387,0.103404,0.138683,31.211988,24.916730,9.262679,2.556897,1.389280,calls/second,milliseconds
1740832632,905,57.304846,0.096608,0.004398,1.765624,0.024459,0.030996,0.061387,0.103404,0.138683,31.211988,24.887196,9.262679,2.556897,1.389280,calls/second,milliseconds
