t,count,max,mean,min,stddev,p50,p75,p95,p98,p99,p999
1740829349,0,0,0.000000,0,0.000000,0.000000,0.000000,0.000000,0.000000,0.000000,0.000000
1740829359,4,956,353.548718,153,342.673669,158.000000,165.000000,956.000000,956.000000,956.000000,956.000000
1740829366,10,956,164.207175,18,259.395051,62.000000,158.000000,956.000000,956.000000,956.000000,956.000000
1740829366,10,956,164.207175,18,259.395051,62.000000,158.000000,956.000000,956.000000,956.000000,956.000000
