t,count,max,mean,min,stddev,p50,p75,p95,p98,p99,p999,mean_rate,m1_rate,m5_rate,m15_rate,rate_unit,duration_unit
1740831505,4,59.812727,27.668864,5.686249,20.887152,31.995781,59.812727,59.812727,59.812727,59.812727,59.812727,0.283874,0.736036,0.786777,0.795568,calls/second,milliseconds
1740831515,37,142.769806,12.749399,0.001176,32.479211,0.269920,9.437313,132.419442,142.769806,142.769806,142.769806,1.542227,0.639032,0.764289,0.787885,calls/second,milliseconds
1740831521,523,142.769806,1.422760,0.001176,9.262834,0.238849,0.325471,1.793261,15.230459,36.790060,142.769806,17.690607,1.163618,0.870662,0.823409,calls/second,milliseconds
1740831521,523,142.769806,1.422760,0.001176,9.262834,0.238849,0.325471,1.793261,15.230459,36.790060,142.769806,17.668671,1.163618,0.870662,0.823409,calls/second,milliseconds
