t,count,max,mean,min,stddev,p50,p75,p95,p98,p99,p999
1740829673,0,0,0.000000,0,0.000000,0.000000,0.000000,0.000000,0.000000,0.000000,0.000000
1740829683,22,5523,2127.758140,580,1791.085885,687.000000,3169.000000,5354.000000,5523.000000,5523.000000,5523.000000
1740829693,56,9283,1851.178220,562,1917.198329,1077.000000,2035.000000,5523.000000,8114.000000,9283.000000,9283.000000
1740829695,56,9283,1851.178220,562,1917.198329,1077.000000,2035.000000,5523.000000,8114.000000,9283.000000,9283.000000
1740829695,56,9283,1851.178220,562,1917.198329,1077.000000,2035.000000,5523.000000,8114.000000,9283.000000,9283.000000
