t,count,max,mean,min,stddev,p50,p75,p95,p98,p99,p999,mean_rate,m1_rate,m5_rate,m15_rate,rate_unit,duration_unit
1740834692,0,0.000000,0.000000,0.000000,0.000000,0.000000,0.000000,0.000000,0.000000,0.000000,0.000000,0.000000,0.000000,0.000000,0.000000,calls/second,milliseconds
1740834702,8,437.878360,72.291264,0.101483,142.510159,12.878957,109.999199,437.878360,437.878360,437.878360,437.878360,0.382393,0.127929,0.026446,0.008864,calls/second,milliseconds
1740834710,844,437.878360,1.414243,0.007589,15.637295,0.405197,0.577796,1.210961,2.505958,12.735629,437.878360,29.362831,0.453514,0.095428,0.032084,calls/second,milliseconds
1740834710,844,437.878360,1.414243,0.007589,15.637295,0.405197,0.577796,1.210961,2.505958,12.735629,437.878360,29.321384,0.453514,0.095428,0.032084,calls/second,milliseconds
