t,count,max,mean,min,stddev,p50,p75,p95,p98,p99,p999,mean_rate,m1_rate,m5_rate,m15_rate,rate_unit,duration_unit
1740832674,4,41.312480,10.363222,0.016379,17.868599,0.106140,41.312480,41.312480,41.312480,41.312480,41.312480,0.349733,0.736036,0.786777,0.795568,calls/second,milliseconds
1740832684,5,41.312480,7.820654,0.016379,16.132543,0.056877,0.106140,41.312480,41.312480,41.312480,41.312480,0.234795,0.639032,0.764289,0.787885,calls/second,milliseconds
1740832694,128,41.312480,0.458729,0.005808,3.541116,0.038666,0.062204,0.183331,1.279811,22.891966,41.312480,4.087696,1.807432,1.003143,0.867760,calls/second,milliseconds
1740832704,2165,41.312480,0.069007,0.000350,1.181945,0.018880,0.027464,0.043692,0.065076,0.099336,20.046169,52.358538,28.262462,6.824997,2.839683,calls/second,milliseconds
1740832709,3101,20.046169,0.038555,0.000762,0.606782,0.017292,0.024428,0.039997,0.061887,0.088257,0.218154,67.914316,41.594060,9.935256,3.904281,calls/second,milliseconds
1740832709,3101,20.046169,0.038555,0.000762,0.606782,0.017292,0.024428,0.039997,0.061887,0.088257,0.218154,67.842912,41.594060,9.935256,3.904281,calls/second,milliseconds
