t,count,max,mean,min,stddev,p50,p75,p95,p98,p99,p999
1740831559,0,0,0.000000,0,0.000000,0.000000,0.000000,0.000000,0.000000,0.000000,0.000000
1740831569,10,833,290.677762,32,352.682690,64.000000,833.000000,833.000000,833.000000,833.000000,833.000000
1740831579,22,833,146.361150,16,264.624087,42.000000,71.000000,833.000000,833.000000,833.000000,833.000000
1740831587,27,833,120.931809,16,240.898298,40.000000,62.000000,833.000000,833.000000,833.000000,833.000000
1740831587,27,833,120.931809,16,240.898298,40.000000,62.000000,833.000000,833.000000,833.000000,833.000000
