t,count,max,mean,min,stddev,p50,p75,p95,p98,p99,p999,mean_rate,m1_rate,m5_rate,m15_rate,rate_unit,duration_unit
1740833655,0,0.000000,0.000000,0.000000,0.000000,0.000000,0.000000,0.000000,0.000000,0.000000,0.000000,0.000000,0.000000,0.000000,0.000000,calls/second,milliseconds
1740833665,0,0.000000,0.000000,0.000000,0.000000,0.000000,0.000000,0.000000,0.000000,0.000000,0.000000,0.000000,0.000000,0.000000,0.000000,calls/second,milliseconds
1740833675,73,438.888283,13.283346,0.003074,56.912908,0.092271,1.004572,104.903279,188.530482,438.888283,438.888283,2.353657,0.864817,0.183808,0.061902,calls/second,milliseconds
1740833682,967,438.888283,1.605242,0.003074,15.562355,0.340590,0.610022,1.446928,4.157657,17.725191,188.530482,25.307264,4.377680,0.921249,0.309758,calls/second,milliseconds
1740833682,967,438.888283,1.605242,0.003074,15.562355,0.340590,0.610022,1.446928,4.157657,17.725191,188.530482,25.283339,4.377680,0.921249,0.309758,calls/second,milliseconds
