t,count,max,mean,min,stddev,p50,p75,p95,p98,p99,p999,mean_rate,m1_rate,m5_rate,m15_rate,rate_unit,duration_unit
1740830330,4,94.036703,35.786759,7.580625,34.157777,24.443008,94.036703,94.036703,94.036703,94.036703,94.036703,0.287020,0.736036,0.786777,0.795568,calls/second,milliseconds
1740830340,36,147.174845,9.261559,0.000657,27.999803,0.270632,1.599436,94.036703,147.174845,147.174845,147.174845,1.509413,0.655023,0.767595,0.788993,calls/second,milliseconds
1740830350,593,147.174845,1.174880,0.000657,7.390284,0.302800,0.405469,1.599436,8.827635,24.443008,147.174845,17.552274,3.038238,1.265525,0.956170,calls/second,milliseconds
1740830350,593,147.174845,1.174880,0.000657,7.390284,0.302800,0.405469,1.599436,8.827635,24.443008,147.174845,17.529749,3.038238,1.265525,0.956170,calls/second,milliseconds
1740830350,593,147.174845,1.174880,0.000657,7.390284,0.302800,0.405469,1.599436,8.827635,24.443008,147.174845,17.523145,3.038238,1.265525,0.956170,calls/second,milliseconds
