t,count,max,mean,min,stddev,p50,p75,p95,p98,p99,p999,mean_rate,m1_rate,m5_rate,m15_rate,rate_unit,duration_unit
1740829673,4,88.834038,34.831436,5.250782,32.517307,30.986740,88.834038,88.834038,88.834038,88.834038,88.834038,0.285091,0.736036,0.786777,0.795568,calls/second,milliseconds
1740829683,29,230.110833,21.309430,0.023760,52.372257,0.383129,11.400519,172.874070,230.110833,230.110833,230.110833,1.213128,0.639032,0.764289,0.787885,calls/second,milliseconds
1740829693,1307,56.101419,0.639251,0.023760,2.314279,0.331547,0.599746,1.279261,3.190154,5.681317,37.653374,38.484180,5.883258,1.848640,1.151330,calls/second,milliseconds
1740829695,1737,56.101419,0.577516,0.023760,2.278275,0.322417,0.512577,1.129181,2.661110,4.598566,37.653374,49.247146,26.457169,6.168398,2.603120,calls/second,milliseconds
1740829695,1739,121.342013,0.701766,0.023760,4.486953,0.322859,0.513131,1.133363,2.748530,5.628294,121.342013,49.248251,26.457169,6.168398,2.603120,calls/second,milliseconds
