t,count,max,mean,min,stddev,p50,p75,p95,p98,p99,p999,mean_rate,m1_rate,m5_rate,m15_rate,rate_unit,duration_unit
1740835017,4,35.896967,8.996652,0.012530,15.530908,0.043556,35.896967,35.896967,35.896967,35.896967,35.896967,0.353657,0.736036,0.786777,0.795568,calls/second,milliseconds
1740835027,21,35.896967,3.010664,0.012530,9.397825,0.062152,0.080891,31.845074,35.896967,35.896967,35.896967,0.991296,0.718987,0.780818,0.793425,calls/second,milliseconds
1740835036,921,35.896967,0.082490,0.002971,1.366546,0.021409,0.027724,0.052010,0.086825,0.117332,31.845074,30.809490,1.445065,0.929892,0.843323,calls/second,milliseconds
1740835036,921,35.896967,0.082490,0.002971,1.366546,0.021409,0.027724,0.052010,0.086825,0.117332,31.845074,30.760424,1.445065,0.929892,0.843323,calls/second,milliseconds
