t,count,max,mean,min,stddev,p50,p75,p95,p98,p99,p999,mean_rate,m1_rate,m5_rate,m15_rate,rate_unit,duration_unit
1740833843,4,86.753789,37.697502,6.201198,31.120150,41.589172,86.753789,86.753789,86.753789,86.753789,86.753789,0.280306,0.736036,0.786777,0.795568,calls/second,milliseconds
1740833853,15,193.985625,23.210061,0.017696,51.188412,0.104383,11.115204,193.985625,193.985625,193.985625,193.985625,0.621144,0.639032,0.764289,0.787885,calls/second,milliseconds
1740833863,228,193.985625,4.499020,0.017696,20.135038,0.418382,1.033305,16.245848,77.545045,115.099856,193.985625,6.667887,2.963277,1.243968,0.948591,calls/second,milliseconds
1740833870,1050,193.985625,1.389821,0.017696,9.256473,0.481907,0.701856,1.767828,4.875337,21.727584,168.361098,25.434677,9.946857,2.761432,1.461607,calls/second,milliseconds
1740833870,1050,193.985625,1.389821,0.017696,9.256473,0.481907,0.701856,1.767828,4.875337,21.727584,168.361098,25.412198,9.946857,2.761432,1.461607,calls/second,milliseconds
