t,count,max,mean,min,stddev,p50,p75,p95,p98,p99,p999
1740833783,0,0,0.000000,0,0.000000,0.000000,0.000000,0.000000,0.000000,0.000000,0.000000
1740833793,32,512,115.765602,5,147.420812,50.000000,156.000000,509.000000,512.000000,512.000000,512.000000
1740833803,110,768,92.408864,1,140.677721,24.000000,128.000000,446.000000,509.000000,512.000000,768.000000
1740833804,110,768,92.408864,1,140.677721,24.000000,128.000000,446.000000,509.000000,512.000000,768.000000
1740833804,110,768,92.408864,1,140.677721,24.000000,128.000000,446.000000,509.000000,512.000000,768.000000
